product_id,name,description,category
0014220000,"DU Vario-Anschluss-Set für WC mit Universal-Abgang, inkl. Excenter",Duravit Standardartikel Ablaufgarnituren Anschluss-Set,Badzubehör & Accessoires
0014280000,"DU Ablaufbogen mit Rosette Abgang waagrecht, weiß","Duravit Ablaufbogen, Durchmesser Zulauf: 130 mm, Durchmesser Ablauf: 110 mm",Badzubehör & Accessoires
0014290000,"DU Ablaufstutzen mit Rosette Abgang waagrecht, weiß",Duravit Ablaufstutzen,Badzubehör & Accessoires
0020010000,DU Me by Starck WC-Sitz o. Absenk. Weiß,"Duravit ME by Starck WC-Sitz, Weiß Hochglanz, Absenkautomatik: Nein, Material Scharnier: Edelstahl, Farbe Scharnier: Edelstahl, Überlappend",WC-Sitze
0020012600,DU Me by Starck WC-Sitz o.Absenk. Weiß/Weiß Seidenmatt,"Duravit ME by Starck WC-Sitz, Weiß Seidenmatt, Absenkautomatik: Nein, Material Scharnier: Edelstahl, Farbe Scharnier: Edelstahl, Überlappend",WC-Sitze
0020090000,"DU Me by Starck WC-Sitz, m. Absenk., Weiß","Duravit ME by Starck WC-Sitz, Weiß Hochglanz, Absenkautomatik: Ja, Sitzgarnitur abnehmbar, Material Scharnier: Edelstahl, Farbe Scharnier: Edelstahl, Überlappend",WC-Sitze
0020092600,DU Me by Starck WC-Sitz m. Absenk. Weiß/Weiß Seidenmatt,"Duravit ME by Starck WC-Sitz, Weiß Seidenmatt, Absenkautomatik: Ja, Sitzgarnitur abnehmbar, Material Scharnier: Edelstahl, Farbe Scharnier: Edelstahl, Überlappend",WC-Sitze
0020110000,"DU Me by Starck WC-Sitz,Comp.,o.Absenk. Weiß Seidenmatt","Duravit ME by Starck WC-Sitz, Weiß Hochglanz, Absenkautomatik: Nein, Material Scharnier: Edelstahl, Farbe Scharnier: Edelstahl, Überlappend",WC-Sitze
0020112600,"DU Me by Starck WC-Sitz,Comp.,o.Absenk. Weiß/Weiß Seidenmatt","Duravit ME by Starck WC-Sitz, Weiß Seidenmatt, Absenkautomatik: Nein, Material Scharnier: Edelstahl, Farbe Scharnier: Edelstahl, Überlappend",WC-Sitze
0020190000,"DU Me by Starck WC-Sitz,Comp.,m.Absenk. Weiß","Duravit ME by Starck WC-Sitz, Weiß Hochglanz, Absenkautomatik: Ja, Sitzgarnitur abnehmbar, Material Scharnier: Edelstahl, Farbe Scharnier: Edelstahl, Überlappend",WC-Sitze
0020192600,"DU Me by Starck WC-Sitz,Comp.,m.Absenk. Weiß/Weiß Seidenmatt","Duravit ME by Starck WC-Sitz, Weiß Seidenmatt, Absenkautomatik: Ja, Sitzgarnitur abnehmbar, Material Scharnier: Edelstahl, Farbe Scharnier: Edelstahl, Überlappend",WC-Sitze
0020390000,"DU WC-Sitz P3 Comforts m.Absenkautomatik Scharniere edelstahl, weiß","Duravit P3 Comforts WC-Sitz, Form: Rechteckig, Weiß Hochglanz, Absenkautomatik: Ja, Sitzgarnitur abnehmbar, Material Scharnier: Edelstahl, Farbe Scharnier: Edelstahl, Überlappend",WC-Sitze
0020610000,"DU WC-Sitz DuraStyle Vital, mit Winkelpuffern,Scharniere edelstahl,weiß","Duravit DuraStyle WC-Sitz, Weiß Hochglanz, Absenkautomatik: Nein, Material Scharnier: Edelstahl, Farbe Scharnier: Edelstahl",WC-Sitze
0020710000,"DU WC-Sitz Duravit No.1 o. Absenkautom. Scharniere edelstahl, weiß","Duravit Duravit No.1 WC-Sitz, Form: D-shaped, Weiß Hochglanz, Absenkautomatik: Nein, Material Scharnier: Edelstahl, Farbe Scharnier: Edelstahl, Überlappend",WC-Sitze
0020790000,"DU WC-Sitz Duravit No.1 m.Absenkautom. Scharniere edelstahl, weiß","Duravit Duravit No.1 WC-Sitz, Form: D-shaped, Weiß Hochglanz, Absenkautomatik: Ja, Sitzgarnitur abnehmbar, Material Scharnier: Edelstahl, Farbe Scharnier: Edelstahl, Überlappend",WC-Sitze
0021110000,"DU WC-Sitz Design Classics Viu Weiß Scharniere edelstahl, o.Absenkautomatik","Duravit Design Classics Viu WC-Sitz, Form: Rechteckig, Weiß Hochglanz, Absenkautomatik: Nein, Sitzgarnitur abnehmbar, Material Scharnier: Edelstahl, Farbe Scharnier: Edelstahl, Überlappend",WC-Sitze
0021190000,"DU WC-Sitz Design Classics Viu Weiß Scharniere edelstahl, m.Absenkautomatik","Duravit Design Classics Viu WC-Sitz, Form: Rechteckig, Weiß Hochglanz, Absenkautomatik: Ja, Sitzgarnitur abnehmbar, Material Scharnier: Edelstahl, Farbe Scharnier: Edelstahl, Überlappend",WC-Sitze
0021210000,"DU WC-Sitz Design Classics Viu Comp.Weiß Scharniere edelstahl, o.Absenkautomatik","Duravit Design Classics Viu WC-Sitz, Form: Eckig, Weiß Hochglanz, Absenkautomatik: Nein, Sitzgarnitur abnehmbar, Material Scharnier: Edelstahl, Farbe Scharnier: Edelstahl, Überlappend",WC-Sitze
0021290000,"DU WC-Sitz Design Classics Viu Comp.Weiß Scharniere edelstahl, m.Absenkautomatik","Duravit Design Classics Viu WC-Sitz, Form: Eckig, Weiß Hochglanz, Absenkautomatik: Ja, Sitzgarnitur abnehmbar, Material Scharnier: Edelstahl, Farbe Scharnier: Edelstahl, Überlappend",WC-Sitze
0021390000,"DU Kinder WC-Sitz Duravit No.1, Weiß Scharniere edelstahl,m. Absenkautomatik","Duravit Duravit No.1 WC-Sitz, Form: Rechteckig, Weiß Hochglanz, Absenkautomatik: Ja, Material Scharnier: Edelstahl, Farbe Scharnier: Edelstahl, Überlappend",WC-Sitze
0021610000,"DU WC-Sitz D-Neo ohne Absenkautomatik abnehmbar,Scharniere edelstahl, weiß","Duravit D-Neo WC-Sitz, Form: D-shaped, Weiß Hochglanz, Absenkautomatik: Nein, Sitzgarnitur abnehmbar, Material Scharnier: Edelstahl, Farbe Scharnier: Edelstahl, Überlappend",WC-Sitze
0021690000,"DU WC-Sitz D-Neo mit Absenkautomatik abnehmbar,Scharniere edelstahl, weiß","Duravit D-Neo WC-Sitz, Form: D-shaped, Weiß Hochglanz, Absenkautomatik: Ja, Sitzgarnitur abnehmbar, Material Scharnier: Edelstahl, Farbe Scharnier: Edelstahl, Überlappend",WC-Sitze
0022010000,"DU WC-Sitz Vero Air, Scharniere edelstahl,o.Absenkautomatik,abnehmbar","Duravit Vero Air WC-Sitz, Form: Eckig, Weiß Hochglanz, Absenkautomatik: Nein, Sitzgarnitur abnehmbar, Material Scharnier: Edelstahl, Farbe Scharnier: Edelstahl, Überlappend",WC-Sitze
0022090000,"DU WC-Sitz Vero Air, Scharniere edelstahl,m.Absenkautomatik,abnehmbar","Duravit Vero Air WC-Sitz, Form: Eckig, Weiß Hochglanz, Absenkautomatik: Ja, Sitzgarnitur abnehmbar, Material Scharnier: Edelstahl, Farbe Scharnier: Edelstahl, Überlappend",WC-Sitze
0022190000,DU Urinaldeckel Vero Weiß m.Absenkautomatik,"Duravit Vero Urinal Deckel, Absenkautomatik, Farbe Scharnier: Chrom",WC-Sitze
0024090000,"DU Me by Starck Urinal Deckel,m.Absenk. Weiß","Duravit ME by Starck Urinal Deckel, Absenkautomatik, Farbe Scharnier: Chrom",WC-Sitze
0024093200,"DU Me by Starck Urinal-Deckel, m.Absenk. Weiß Seidenmatt","Duravit ME by Starck Urinal Deckel, Absenkautomatik, Farbe Scharnier: Chrom",WC-Sitze
0026110000,"DU WC-Sitz Duravit No.1 Compact Weiß,ohne Absenka.,Scharnier EDST","Duravit Duravit No.1 WC-Sitz, Form: Rechteckig, Weiß Hochglanz, Absenkautomatik: Nein, Sitzgarnitur abnehmbar, Material Scharnier: Edelstahl, Farbe Scharnier: Edelstahl, Überlappend",WC-Sitze
0026190000,"DU WC-Sitz Duravit No.1 Compact Weiß,mit Absenka.,Scharnier EDST","Duravit Duravit No.1 WC-Sitz, Form: Rechteckig, Weiß Hochglanz, Absenkautomatik: Ja, Sitzgarnitur abnehmbar, Material Scharnier: Edelstahl, Farbe Scharnier: Edelstahl, Überlappend",WC-Sitze
0030291000,"DU Handtuchhalter, Chrom, 449x64x71 mm,Anzahl Arme: 1","Duravit Handtuchhalter, Chrom, Material: Messing, Anzahl Arme: 1, Inkl. Befestigungsmaterial: Ja",Badzubehör & Accessoires
0030321000,"DU D-Code Handtuchhalter, Chrom, 604x64x71 mm, Anzahl Arme: 1","Duravit D-Code Handtuchhalter, Chrom, Material: Messing, Anzahl Arme: 1",Badzubehör & Accessoires
0030331000,"DU Handtuchhalter, Chrom, 1150x64x71 mm,Anzahl Arme: 1","Duravit Handtuchhalter, Chrom, Material: Messing, Anzahl Arme: 1, Inkl. Befestigungsmaterial: Ja",Badzubehör & Accessoires
0030341000,"DU Vero Handtuchhalter, Chrom, 1205x64x71 mm, Anzahl Arme: 1","Duravit Vero Handtuchhalter, Chrom, Material: Messing, Anzahl Arme: 1, Inkl. Befestigungsmaterial: Ja",Badzubehör & Accessoires
0030351000,"DU Handtuchhalter, Chrom, 1009x64x71 mm,Anzahl Arme: 1","Duravit Handtuchhalter, Chrom, Material: Messing, Anzahl Arme: 1, Inkl. Befestigungsmaterial: Ja",Badzubehör & Accessoires
0030361000,"DU Handtuchhalter, Chrom, 808x64x71 mm,Anzahl Arme: 1","Duravit Handtuchhalter, Chrom, Material: Messing, Anzahl Arme: 1, Inkl. Befestigungsmaterial: Ja",Badzubehör & Accessoires
0030371000,"DU Handtuchhalter, Chrom, 550x64x71 mm,Anzahl Arme: 1","Duravit Handtuchhalter, Chrom, Material: Messing, Anzahl Arme: 1, Inkl. Befestigungsmaterial: Ja",Badzubehör & Accessoires
0030381000,"DU Handtuchhalter, Chrom, 755x64x71 mm,Anzahl Arme: 1","Duravit Handtuchhalter, Chrom, Material: Messing, Anzahl Arme: 1, Inkl. Befestigungsmaterial: Ja",Badzubehör & Accessoires
0030391000,"DU Handtuchhalter, Chrom, 955x64x71 mm,Anzahl Arme: 1","Duravit Handtuchhalter, Chrom, Material: Messing, Anzahl Arme: 1, Inkl. Befestigungsmaterial: Ja",Badzubehör & Accessoires
0030471000,"DU Handtuchhalter, Chrom, 655x64x71 mm,Anzahl Arme: 1","Duravit Handtuchhalter, Chrom, Material: Messing, Anzahl Arme: 1, Inkl. Befestigungsmaterial: Ja",Badzubehör & Accessoires
0030591000,DU Metallkonsole Scola für 068460/068560 Chrom,"Duravit Scola Metallkonsole, Chrom Poliert, Montageart: Bodenstehend, Wandmontage, Höhenverstellbar: 50 mm, Inkl. Befestigungsmaterial: Ja, Reversibel: Nein, Inkl. Handtuchhalter: Ja",Badzubehör & Accessoires
0030631000,"DU Metallkonsole Vero für 045360/45460 235060,höhenverstellbar, Chrom","Duravit Vero Metallkonsole, Chrom Poliert, Montageart: Bodenstehend, Wandmontage, Höhenverstellbar: 65 mm, Inkl. Befestigungsmaterial: Ja, Reversibel: Nein, Inkl. Handtuchhalter: Ja",Badzubehör & Accessoires
0030651000,"DU Metallkonsole Vero für 045450, höhenverstellbar, chrom","Duravit Vero Metallkonsole, Chrom Poliert, Montageart: Bodenstehend, Wandmontage, Höhenverstellbar: 65 mm, Inkl. Befestigungsmaterial: Ja, Reversibel: Nein, Inkl. Handtuchhalter: Ja",Badzubehör & Accessoires
0030661000,"DU Metallkonsole Vero für 045480, höhenverstellbar, chrom","Duravit Vero Metallkonsole, Chrom Poliert, Montageart: Bodenstehend, Wandmontage, Höhenverstellbar: 65 mm, Inkl. Befestigungsmaterial: Ja, Reversibel: Nein, Inkl. Handtuchhalter: Ja",Badzubehör & Accessoires
0030671000,"DU Metallkonsole Vero für 045410, höhenverstellbar, chrom","Duravit Vero Metallkonsole, Chrom Poliert, Montageart: Bodenstehend, Wandmontage, Höhenverstellbar: 65 mm, Inkl. Befestigungsmaterial: Ja, Reversibel: Nein, Inkl. Handtuchhalter: Ja",Badzubehör & Accessoires
0030711000,"DU Metallkonsole Vero für 032985, höhenverstellbar, chrom","Duravit Vero Metallkonsole, Chrom Poliert, Montageart: Bodenstehend, Wandmontage, Höhenverstellbar: 65 mm, Inkl. Befestigungsmaterial: Ja, Reversibel: Nein, Inkl. Handtuchhalter: Ja",Badzubehör & Accessoires
0030721000,"DU Metallkonsole Vero für 032910, höhenverstellbar, chrom","Duravit Vero Metallkonsole, Chrom Poliert, Montageart: Bodenstehend, Wandmontage, Höhenverstellbar: 65 mm, Inkl. Befestigungsmaterial: Ja, Reversibel: Nein, Inkl. Handtuchhalter: Ja",Badzubehör & Accessoires
0030731000,"DU Metallkonsole Vero für 032912, höhenverstellbar, chrom","Duravit Vero Metallkonsole, Chrom Poliert, Montageart: Bodenstehend, Wandmontage, Höhenverstellbar: 65 mm, Inkl. Befestigungsmaterial: Ja, Reversibel: Nein, Inkl. Handtuchhalter: Ja",Badzubehör & Accessoires
0030741000,"DU Metallkonsole Vero für 045412, höhenverstellbar, chrom","Duravit Vero Metallkonsole, Chrom Poliert, Montageart: Bodenstehend, Wandmontage, Höhenverstellbar: 65 mm, Inkl. Befestigungsmaterial: Ja, Reversibel: Nein, Inkl. Handtuchhalter: Ja",Badzubehör & Accessoires
0030751000,"DU Metallkonsole Vero für 045470, höhenverstellbar, chrom","Duravit Vero Metallkonsole, Chrom Poliert, Montageart: Bodenstehend, Wandmontage, Höhenverstellbar: 65 mm, Inkl. Befestigungsmaterial: Ja, Reversibel: Nein, Inkl. Handtuchhalter: Ja",Badzubehör & Accessoires
0030761000,"DU Metallkonsole Happy D.2 für 231810, höhenverstellbar, Chrom","Duravit Happy D.2 Metallkonsole, Chrom Poliert, Montageart: Bodenstehend, Wandmontage, Höhenverstellbar: 50 mm, Inkl. Befestigungsmaterial: Ja, Reversibel: Nein, Inkl. Handtuchhalter: Ja",Badzubehör & Accessoires
0030771000,"DU Metallkonsole Happy D.2 für 231880, höhenverstellbar, Chrom","Duravit Happy D.2 Metallkonsole, Chrom Poliert, Montageart: Bodenstehend, Wandmontage, Höhenverstellbar: 50 mm, Inkl. Befestigungsmaterial: Ja, Reversibel: Nein, Inkl. Handtuchhalter: Ja",Badzubehör & Accessoires
0030781000,"DU Metallkonsole Happy D.2 für 231865, höhenverstellbar, Chrom","Duravit Happy D.2 Metallkonsole, Chrom Poliert, Montageart: Bodenstehend, Wandmontage, Höhenverstellbar: 50 mm, Inkl. Befestigungsmaterial: Ja, Reversibel: Nein, Inkl. Handtuchhalter: Ja",Badzubehör & Accessoires
0030791000,"DU Metallkonsole Happy D.2 für 231812, höhenverstellbar, Chrom","Duravit Happy D.2 Metallkonsole, Chrom Poliert, Montageart: Bodenstehend, Wandmontage, Höhenverstellbar: 50 mm, Inkl. Befestigungsmaterial: Ja, Reversibel: Nein, Inkl. Handtuchhalter: Ja",Badzubehör & Accessoires
0031031000,"DU Metallkonsole BS f.DuraSq. f. 235310 höhenverstellb. +50mm, HTH li/re Chrom","Duravit DuraSquare Metallkonsole, Chrom Poliert, Montageart: Bodenstehend, Montage unter Waschtisch, Höhenverstellbar: 50 mm, Inkl. Befestigungsmaterial: Ja, Reversibel: Ja, Inkl. Handtuchhalter: Ja",Badzubehör & Accessoires
0031034600,"DU Metallkonsole BS f.DuraSq. f. 235310 höhenverst. +50mm, HTH li/re Schwarz M.","Duravit DuraSquare Metallkonsole, Schwarz Matt, Montageart: Bodenstehend, Montage unter Waschtisch, Höhenverstellbar: 50 mm, Inkl. Befestigungsmaterial: Ja, Reversibel: Ja, Inkl. Handtuchhalter: Ja",Badzubehör & Accessoires
0031041000,"DU Metallkonsole WH f.DuraSq. f. 235310 HandtucHTHalter li/re, Chrom","Duravit DuraSquare Metallkonsole, Chrom Poliert, Montageart: Montage unter Waschtisch, Inkl. Befestigungsmaterial: Ja, Reversibel: Ja, Inkl. Handtuchhalter: Ja",Badzubehör & Accessoires
0031044600,"DU Metallkonsole WH f.DuraSq. f. 235310 HandtucHTHalter li/re, Schwarz Matt","Duravit DuraSquare Metallkonsole, Schwarz Matt, Montageart: Montage unter Waschtisch, Inkl. Befestigungsmaterial: Ja, Reversibel: Ja, Inkl. Handtuchhalter: Ja",Badzubehör & Accessoires
0031091000,DU Metallkonsole BS DuraSquare f. 073245 höhenverstellbar +50mm HTH li/re Chrom,"Duravit DuraSquare Metallkonsole, Chrom Poliert, Montageart: Bodenstehend, Montage unter Waschtisch, Höhenverstellbar: 50 mm, Inkl. Befestigungsmaterial: Ja, Reversibel: Ja, Inkl. Handtuchhalter: Ja",Badzubehör & Accessoires
0031094600,DU Metallkonsole BS DuraSquare f. 073245 höhenverst. +50mm HTH li/re Schwarz M.,"Duravit DuraSquare Metallkonsole, Schwarz Matt, Montageart: Bodenstehend, Montage unter Waschtisch, Höhenverstellbar: 50 mm, Inkl. Befestigungsmaterial: Ja, Reversibel: Ja, Inkl. Handtuchhalter: Ja",Badzubehör & Accessoires
0031101000,"DU Metallkonsole WH DuraSquare 073245 Handtuchhalter li/re, chrom","Duravit DuraSquare Metallkonsole, Chrom Poliert, Montageart: Montage unter Waschtisch, Inkl. Befestigungsmaterial: Ja, Reversibel: Ja, Inkl. Handtuchhalter: Ja",Badzubehör & Accessoires
0031104600,"DU Metallkonsole WH DuraSquare 073245 Handtuchhalter li/re, schwarz matt","Duravit DuraSquare Metallkonsole, Schwarz Matt, Montageart: Montage unter Waschtisch, Inkl. Befestigungsmaterial: Ja, Reversibel: Ja, Inkl. Handtuchhalter: Ja",Badzubehör & Accessoires
0031131000,"DU Metallkonsole BS DuraSq. f. f.235660 höhenverstell. +50mm,HTH li./re.,Chrom","Duravit DuraSquare Metallkonsole, Chrom Poliert, Montageart: Bodenstehend, Montage unter Waschtisch, Höhenverstellbar: 50 mm, Inkl. Befestigungsmaterial: Ja, Reversibel: Ja, Inkl. Handtuchhalter: Ja",Badzubehör & Accessoires
0031134600,"DU Metallkonsole BS DuraSq. f. f.235660 höhenverstell. +50mm,HTH li./re.,Schw.M.","Duravit DuraSquare Metallkonsole, Schwarz Matt, Montageart: Bodenstehend, Montage unter Waschtisch, Höhenverstellbar: 50 mm, Inkl. Befestigungsmaterial: Ja, Reversibel: Ja, Inkl. Handtuchhalter: Ja",Badzubehör & Accessoires
0031141000,"DU Metallkonsole WH DuraSq. f. f.235660 HTH li/re, Bef.inkl, Chrom","Duravit DuraSquare Metallkonsole, Chrom Poliert, Montageart: Montage unter Waschtisch, Inkl. Befestigungsmaterial: Ja, Reversibel: Ja, Inkl. Handtuchhalter: Ja",Badzubehör & Accessoires
0031144600,"DU Metallkonsole WH DuraSquare f. 235660 HTH li/re,Bef.inkl,Schwarz Matt","Duravit DuraSquare Metallkonsole, Schwarz Matt, Montageart: Montage unter Waschtisch, Inkl. Befestigungsmaterial: Ja, Reversibel: Ja, Inkl. Handtuchhalter: Ja",Badzubehör & Accessoires
0050011000,DU Starck 3 Klapprost f. Ausgussb.031348 Chrom,"Duravit Starck 3 Klapprost, Oberflächenbehandlung: Verchromt",Badzubehör & Accessoires
0050040000,"DU Vormontage-Set, Netzteil für 230V-Anschluss, inklusive UP-Dose","Duravit Netzteil, 100-230 V, Elektronisches Urinal",Badzubehör & Accessoires
0050230000,"DU Klappengarnitur für Trockenklosett, edelstahl","Duravit Klappengarnitur, Material: Edelstahl",Badzubehör & Accessoires
0050241000,"DU Schaftventil, für Waschtisch o.ÜL Höhe 50mm, Chrom","Duravit Schaftventil, Chrom, Waschtisch ohne Überlauf, Durchmesser: 72 mm",Badzubehör & Accessoires
0050251000,"DU Ablaufbogen mit Doppelmuffe, chrom","Duravit Ablaufbogen, Durchmesser Zulauf: 32 mm, Durchmesser Ablauf: 32 mm",Badzubehör & Accessoires
0050260000,"DU Waschtisch-Röhrensiphon 1 1/4 Zoll mit verlängertem Ablaufrohr, chrom","Duravit Röhrensiphon, Chrom, Anschlussmaß: 1 1/4"", Waschtisch",Badzubehör & Accessoires
0050270000,"DU Bidet-Röhrensiphon 1 1/4 Zoll mit verlängertem Ablaufrohr, chrom","Duravit Röhrensiphon, Chrom, Anschlussmaß: 1 1/4"", Stand Bidet, Wand Bidet",Badzubehör & Accessoires
0050280000,DU Befestigung für Einbau in Natursteinplatten,"Duravit Befestigung, Material: Metall, Oberflächenbehandlung: Verzinkt, Einbauart: In Natursteinplatten, Geeignet für Einbauwaschtisch",Badzubehör & Accessoires
0050301000,"DU Befestigung für Urinal Ben, Jim, Bill Chrom","Duravit Befestigung, Material: Stahl, Oberflächenbehandlung: Verzinkt, Geeignet für Urinal",Badzubehör & Accessoires
0050311000,"DU Kniehebelventil Betätigung waagerecht, chrom","Duravit Kniehebelventil, Chrom, Position Bedienung: waagerecht",Badzubehör & Accessoires
0050361000,DU Design Siphon Chrom,"Duravit Designsiphon, Chrom Poliert, Messing, Abgang: waagerecht, Geeignet für Waschtisch",Badzubehör & Accessoires
0050364600,DU Design Siphon Schwarz Matt,"Duravit Designsiphon, Schwarz Matt, Messing, Abgang: waagerecht, Geeignet für Waschtisch",Badzubehör & Accessoires
0050371000,DU Befestigung für Santosa für Einbau in Natursteinplatten,"Duravit Befestigung, Material: Eisen, Oberflächenbehandlung: Verzinkt, Einbauart: In Natursteinplatten, Geeignet für Einbauwaschtisch",Badzubehör & Accessoires
0050381000,"DU Schaftventil, für Waschtisch o.ÜL Höhe 75mm, Chrom","Duravit Schaftventil, Chrom, Waschtisch ohne Überlauf, Durchmesser: 72 mm",Badzubehör & Accessoires
0050401000,"DU Ventilabdeckhaube,  Chrom",Duravit Standardartikel Ablaufgarnituren Ventilabdeckhaube,Badzubehör & Accessoires
0050411000,"DU Urinalsieb aus Edelstahl für 083432, 083532 Chrom","Duravit Urinalsieb, Material: Edelstahl, Oberflächenbehandlung: Verchromt",Badzubehör & Accessoires
0050421000,"DU Urinalsieb aus Edelstahl für 082135,082235,083036, 083037, Chrom","Duravit Urinalsieb, Material: Edelstahl, Oberflächenbehandlung: Verchromt",Badzubehör & Accessoires
0050431000,"DU Ventilabdeckhaube Architec, Chrom",Duravit Architec Standardartikel Ablaufgarnituren Ventilabdeckhaube,Badzubehör & Accessoires
0050441000,"DU Unterputzsiphon für Waschtisch Architec, inkl. Anschlusszubehör","Duravit Architec Unterputzsiphon, Waschtisch",Badzubehör & Accessoires
0050511000,"DU Kniehebelventil Betätigung senkrecht, Chrom","Duravit Kniehebelventil, Chrom, Position Bedienung: senkrecht",Badzubehör & Accessoires
0050521000,"DU Push-open Ventil, Waschtisch mit ÜL Chrom","Duravit Push-open Ventil, Chrom, Geeignet für Waschtisch mit Überlauf, Ø 63,5 mm",Badzubehör & Accessoires
0050620000,DU Spezial-Reiniger Blue mit Sprühkopf 6 Flaschen a 500,"Duravit Reiniger, Fassungsvermögen: 0,5 l, Wasserloses Urinal",Badzubehör & Accessoires
0050720000,DU Montageset für Vorwandelement,"Duravit Vorinstallations-Set, Für Vorwandelement: ohne Dusch-WC Vorinstallation, ohne Leerrohr, an waagerechter Trägerkonsole, Passend zu Serie: SensoWash Slim, SensoWash Starck f, SensoWash Classic, SensoWash Starck",Sensowash Zubehör
0051110000,DU Absaugesiphon für Urinal Abgang innen senkrecht,"Duravit Absaugesiphon, Abgang: senkrecht, 1 l-4 l, Ø 50 mm",Badzubehör & Accessoires
0051120000,DU Absaugesiphon für Urinal Abgang waagrecht (verdeckt),"Duravit Absaugesiphon, Abgang: waagerecht, 1 l-4 l, Ø 50 mm",Badzubehör & Accessoires
0051130000,DU Absaugesiphon für Urinal ME by Starck Abgang waagrecht (verdeckt),"Duravit Absaugesiphon, Abgang: waagerecht, 0,5 l-4 l, Ø 50 mm",Badzubehör & Accessoires
0055030000,DU Schnellbefestigung Halbsäule,"Duravit Befestigung, Material: Stahl, Oberflächenbehandlung: Verzinkt, Geeignet für Halbsäule",Badzubehör & Accessoires
0055040000,"DU Schnellbefestigung Halbsäule für 085818, 086383, 086387","Duravit Halbsäulenbefestigung, Material: Stahl, Oberflächenbehandlung: Verzinkt, Halbsäule",Badzubehör & Accessoires
0055050000,DU Schnellbefestigung Halbsäule für HWB 2nd floor 079050,"Duravit Halbsäulenbefestigung, Material: Stahl, Oberflächenbehandlung: Verzinkt, Halbsäule",Badzubehör & Accessoires
0060310000,"DU WC-Sitz D-Code ohne SoftClose Scharniere edelstahl, lang, weiß","Duravit D-Code WC-Sitz, Weiß Hochglanz, Absenkautomatik: Nein, Material Scharnier: Edelstahl, Farbe Scharnier: Edelstahl, Verlängert",WC-Sitze
0060390000,"DU WC-Sitz D-Code mit SoftClose Scharniere edelstahl, lang, weiß","Duravit D-Code WC-Sitz, Weiß Hochglanz, Absenkautomatik: Ja, Sitzgarnitur abnehmbar, Material Scharnier: Edelstahl, Farbe Scharnier: Edelstahl, Verlängert",WC-Sitze
0060410000,"DU WC-Sitz D-Code ohne Absenkautomatik Scharnierwelle edelstahl, lang, weiß","Duravit D-Code WC-Sitz, Weiß Hochglanz, Absenkautomatik: Nein, Material Scharnier: Edelstahl, Farbe Scharnier: Edelstahl, Verlängert",WC-Sitze
0060510000,"DU WC-Sitz DuraStyle ohne SoftClose Scharniere edelstahl, lang, weiß","Duravit DuraStyle WC-Sitz, Weiß Hochglanz, Absenkautomatik: Nein, Sitzgarnitur abnehmbar, Material Scharnier: Edelstahl, Farbe Scharnier: Edelstahl, Verlängert",WC-Sitze
0060590000,"DU WC-Sitz DuraStyle mit SoftClose Scharniere edelstahl, lang, weiß","Duravit DuraStyle WC-Sitz, Weiß Hochglanz, Absenkautomatik: Ja, Sitzgarnitur abnehmbar, Material Scharnier: Edelstahl, Farbe Scharnier: Edelstahl, Verlängert",WC-Sitze
0060710000,"DU WC-Sitzring D-Code Vital Scharniere edelstahl, lang, weiß","Duravit D-Code WC-Sitzring, Farbe Sitzring: Weiß, Glanzgrad Sitzring: Glänzend, Verlängert, Farbe Scharnier: Edelstahl",WC-Sitze
0060910000,"DU WC-Sitzring D-Code Vital, mit Winkelpuffern,Scharniere edelstahl,weiß","Duravit D-Code WC-Sitzring, Farbe Sitzring: Weiß, Glanzgrad Sitzring: Glänzend, Verlängert, Winkelpuffer, Durchgehende Scharnierwelle, Farbe Scharnier: Edelstahl",WC-Sitze
0061081000,"DU Scharnierpaar zu WC-Sitz 1930 chrom, bis Oktober 2003",Duravit Ersatzteil WC-Sitze Scharnier,Badzubehör & Accessoires
0061121000,"DU Scharnierpaar zu WC-Sitz Architec und Starck 3, ohne SoftClose, chrom",Duravit Ersatzteil WC-Sitze Scharnier,Badzubehör & Accessoires
0061221000,"DU Scharnierpaar zu WC-Sitz 1930 chrom, ab Oktober 2003",Duravit Ersatzteil WC-Sitze Scharnier,Badzubehör & Accessoires
0061231000,DU Scharnierpaar Urinaldeckel Fizz chrom,Duravit Ersatzteil Urinale Scharnier,Badzubehör & Accessoires
0061390000,"DU Urinaldeckel Fizz m.Absenkautomatik Scharniere edelstahl, weiß","Duravit Urinal Deckel, Absenkautomatik, Farbe Scharnier: Chrom",WC-Sitze
0061510000,"DU Urinaldeckel Vero Scharniere edelstahl, weiß","Duravit Vero Urinal Deckel, Farbe Scharnier: Edelstahl",WC-Sitze
0062310000,"DU WC-Sitz DuraStyle Vital o.SoftClose m.Winkelpuffern, Scharniere edst., weiß","Duravit DuraStyle WC-Sitz, Weiß Hochglanz, Absenkautomatik: Nein, Material Scharnier: Edelstahl, Farbe Scharnier: Edelstahl, Verlängert",WC-Sitze
0062390000,"DU WC-Sitz DuraStyle Vital m.SoftClose m.Winkelpuffern, Scharniere edst., weiß","Duravit DuraStyle WC-Sitz, Weiß Hochglanz, Absenkautomatik: Ja, Material Scharnier: Edelstahl, Farbe Scharnier: Edelstahl, Verlängert",WC-Sitze
0062410000,"DU WC-Sitz Starck 3 Vital, mit Winkelpuffern,Scharniere edelstahl,weiß","Duravit Starck 3 WC-Sitz, Weiß Hochglanz, Absenkautomatik: Nein, Material Scharnier: Edelstahl, Farbe Scharnier: Edelstahl, Überlappend",WC-Sitze
0062510000,"DU WC-Sitzring DuraStyle Vital, mit Winkelpuffern,Scharniere edelstahl,weiß","Duravit DuraStyle WC-Sitzring, Farbe Sitzring: Weiß, Glanzgrad Sitzring: Glänzend, Verlängert, Winkelpuffer, Durchgehende Scharnierwelle, Farbe Scharnier: Edelstahl",WC-Sitze
0062610000,"DU WC-Sitzring Starck 3 Vital, mit Winkelpuffern,Scharniere edelstahl,weiß","Duravit Starck 3 WC-Sitzring, Farbe Sitzring: Weiß, Glanzgrad Sitzring: Hochglanz, Winkelpuffer, Durchgehende Scharnierwelle, Farbe Scharnier: Edelstahl",WC-Sitze
0062810000,"DU WC-Sitz Architec, mit Winkelpuffern Scharniere edelstahl, weiß","Duravit WC-Sitz, Weiß Hochglanz, Absenkautomatik: Nein, Material Scharnier: Edelstahl, Farbe Scharnier: Edelstahl",WC-Sitze
0062910000,"DU WC-Sitzring Architec, m.Winkelpuffern Scharniere edelstahl, weiß","Duravit WC-Sitzring, Farbe Sitzring: Weiß, Glanzgrad Sitzring: Glänzend, Winkelpuffer, Durchgehende Scharnierwelle, Farbe Scharnier: Edelstahl",WC-Sitze
0063051000,"DU Scharnierpaar zu WC-Sitz Happy D. u.Starck 2, o.SoftClose, chrom",Duravit Ersatzteil WC-Sitze Scharnier,Badzubehör & Accessoires
0063320000,"DU WC-Sitz ohne Absenkautomatik Scharniere edelstahl, lang, weiß","Duravit WC-Sitz, Weiß Hochglanz, Absenkautomatik: Nein, Material Scharnier: Edelstahl, Farbe Scharnier: Edelstahl, Verlängert, Überlappend",WC-Sitze
0063390000,"DU WC-Sitz mit Absenkautomatik Scharniere edelstahl, lang, weiß","Duravit WC-Sitz, Weiß Hochglanz, Absenkautomatik: Ja, Sitzgarnitur abnehmbar, Material Scharnier: Edelstahl, Farbe Scharnier: Weiß, Verlängert, Überlappend",WC-Sitze
0063610000,"DU WC-Sitz Katja ohne Absenkautomatik Scharniere edelstahl, weiß","Duravit WC-Sitz, Weiß Hochglanz, Absenkautomatik: Nein, Material Scharnier: Edelstahl, Farbe Scharnier: Edelstahl, Überlappend",WC-Sitze
0063710000,"DU WC-Sitz DuraStyle ohne SoftClose Scharniere edelstahl, weiß","Duravit DuraStyle WC-Sitz, Form: D-shaped, Weiß Hochglanz, Absenkautomatik: Nein, Material Scharnier: Edelstahl, Farbe Scharnier: Edelstahl",WC-Sitze
0063790000,"DU WC-Sitz DuraStyle mit SoftClose Scharniere edelstahl, weiß","Duravit DuraStyle WC-Sitz, Form: D-shaped, Weiß Hochglanz, Absenkautomatik: Ja, Sitzgarnitur abnehmbar, Material Scharnier: Edelstahl, Farbe Scharnier: Edelstahl",WC-Sitze
0063810000,"DU WC-Sitz Starck 3 ohne SoftClose Scharniere edelstahl, weiß","Duravit Starck 3 WC-Sitz, Form: D-shaped, Weiß Hochglanz, Absenkautomatik: Nein, Material Scharnier: Edelstahl, Farbe Scharnier: Edelstahl, Überlappend",WC-Sitze
0063890000,"DU WC-Sitz Starck 3 mit SoftClose Scharniere edelstahl, weiß","Duravit Starck 3 WC-Sitz, Form: D-shaped, Weiß Hochglanz, Absenkautomatik: Ja, Sitzgarnitur abnehmbar, Material Scharnier: Edelstahl, Farbe Scharnier: Edelstahl, Überlappend",WC-Sitze
0064190096,"DU WC-Sitz weiß mit Absenkautomatik, Scharniere EDST","Duravit WC-Sitz, Weiß Hochglanz, Absenkautomatik: Ja, Sitzgarnitur abnehmbar, Material Scharnier: Edelstahl, Farbe Scharnier: Schwarz, Verlängert",WC-Sitze
0064200000,"DU WC-Sitz ohne Absenkautomatik Scharniere edelstahl, weiß","Duravit WC-Sitz, Form: Oval, Weiß Hochglanz, Absenkautomatik: Nein, Material Scharnier: Edelstahl, Farbe Scharnier: Edelstahl",WC-Sitze
0064203400,DU WC-Sitz Absenkautomatik: Nein 376x446x43 mm Material Scharnier: Edelst,"Duravit WC-Sitz, Absenkautomatik: Nein, Material Scharnier: Edelstahl",Badzubehör & Accessoires
0064204700,"DU WC-Sitz ohne Absenkautomatik Scharniere edelstahl, pergamon","Duravit WC-Sitz, Pergamon Hochglanz, Absenkautomatik: Nein, Material Scharnier: Edelstahl, Farbe Scharnier: Edelstahl",WC-Sitze
0064290000,"DU WC-Sitz mit Absenkautomatik Scharniere edelstahl, weiß","Duravit WC-Sitz, Form: Oval, Weiß Hochglanz, Absenkautomatik: Ja, Material Scharnier: Edelstahl, Farbe Scharnier: Edelstahl",WC-Sitze
0064590000,"DU WC-Sitz Happy D.2 mit SoftClose Scharniere edelstahl, weiß","Duravit Happy D.2 WC-Sitz, Form: D-shaped, Weiß Hochglanz, Absenkautomatik: Ja, Sitzgarnitur abnehmbar, Material Scharnier: Edelstahl, Farbe Scharnier: Edelstahl, Überlappend",WC-Sitze
0064610000,"DU WC-Sitz Happy D.2 ohne SoftClose Scharniere edelstahl, lang, weiß","Duravit Happy D.2 WC-Sitz, Weiß Hochglanz, Absenkautomatik: Nein, Sitzgarnitur abnehmbar, Material Scharnier: Edelstahl, Farbe Scharnier: Edelstahl, Verlängert, Überlappend",WC-Sitze
0064690099,"DU WC-Sitz Happy D.2 mit SoftClose Scharniere edelstahl, lang, weiß","Duravit Happy D.2 WC-Sitz, Weiß Hochglanz, Absenkautomatik: Ja, Sitzgarnitur abnehmbar, Material Scharnier: Edelstahl, Farbe Scharnier: Edelstahl, Verlängert, Überlappend",WC-Sitze
0064890000,"DU WC-Sitz 1930 mit Absenkautomatik Scharniere Edelstahl, weiß, Urea","Duravit Serie 1930 WC-Sitz, Form: Oktogonal, Weiß Hochglanz, Absenkautomatik: Ja, Sitzgarnitur abnehmbar, Material Scharnier: Edelstahl, Farbe Scharnier: Edelstahl",WC-Sitze
0064990000,"DU Scharnierpaar zu WC-Sitz Darling und Duraplus, weiß",Duravit Ersatzteil WC-Sitze Scharnier,Badzubehör & Accessoires
0064991000,"DU Scharnierpaar zu WC-Sitz Darling und Duraplus, chrom",Duravit Ersatzteil WC-Sitze Scharnier,Badzubehör & Accessoires
0065000000,"DU Befestigung für Wand-WC und Wand-Bidet, Abdeckkappen weiß","Duravit Befestigung, Material: Stahl, Oberflächenbehandlung: Verzinkt, Geeignet für Wand Bidet, Wand WC",Badzubehör & Accessoires
0065001000,"DU Befestigung für Wand-WC und Wand-Bidet, Abdeckkappen chrom","Duravit Befestigung, Material: Stahl, Oberflächenbehandlung: Verzinkt, Geeignet für Wand Bidet, Wand WC",Badzubehör & Accessoires
0065700000,"DU WC-Sitz Design Classics Bambi o.AA. Scharniere edelstahl, weiß","Duravit Design Classics  WC-Sitz, Weiß Hochglanz, Absenkautomatik: Nein, Material Scharnier: Edelstahl, Farbe Scharnier: Edelstahl",WC-Sitze
0065810000,DU WC-Sitz Starck 1 weiß Scharniere edelstahl,"Duravit Starck 1 WC-Sitz, Weiß Hochglanz, Absenkautomatik: Nein, Material Scharnier: Edelstahl, Farbe Scharnier: Edelstahl, Überlappend",WC-Sitze
0065880099,"DU WC-Sitz Starck 1 mit SoftClose Scharnierwelle edelstahl, weiß","Duravit Starck 1 WC-Sitz, Weiß Hochglanz, Absenkautomatik: Ja, Sitzgarnitur abnehmbar, Material Scharnier: Edelstahl, Farbe Scharnier: Edelstahl, Überlappend",WC-Sitze
0065910000,"DU Urinaldeckel Starck 1 Scharniere edelstahl, weiß","Duravit Starck 1 Urinal Deckel, Farbe Scharnier: Edelstahl",WC-Sitze
0066300000,"DU WC-Sitz ohne Absenkautomatik Scharniere Kunststoff, weiß","Duravit WC-Sitz, Weiß Hochglanz, Absenkautomatik: Nein, Material Scharnier: Kunststoff, Farbe Scharnier: Weiß",WC-Sitze
0066810000,"Du WC-Sitz Design Classics Compact für 022809 Scharniere edelstahl, weiß","Duravit Design Classics  WC-Sitz, Weiß Hochglanz, Absenkautomatik: Nein, Material Scharnier: Edelstahl, Farbe Scharnier: Edelstahl",WC-Sitze
0066910000,"DU WC-Sitz Happy D. ohne SoftClose Scharniere edelstahl, weiß","Duravit WC-Sitz, Weiß Hochglanz, Absenkautomatik: Nein, Material Scharnier: Edelstahl, Farbe Scharnier: Edelstahl",WC-Sitze
0066990000,"DU WC-Sitz Happy D. mit SoftClose Scharniere edelstahl, weiß","Duravit WC-Sitz, Weiß Hochglanz, Absenkautomatik: Ja, Sitzgarnitur abnehmbar, Material Scharnier: Edelstahl, Farbe Scharnier: Edelstahl",WC-Sitze
0067001000,DU Befestigung (Paar) Abdeckkappen chrom,"Duravit Befestigung, Material: Eisen, Oberflächenbehandlung: Verzinkt, Geeignet für Ablage",Badzubehör & Accessoires
0067011000,"DU Befestigung für Stand-WC und Stand-Bidet, Abdeckkappen weiß u.chrom","Duravit Befestigung, Material: Edelstahl, Oberflächenbehandlung: Unbehandelt, Geeignet für Stand WC, Stand Bidet, Halbsäule",Badzubehör & Accessoires
0067021000,"DU Befestigung für Stand-WC und Urinale, Abdeckkappen weiß und chrom","Duravit Befestigung, Material: Zinkdruckguss, Oberflächenbehandlung: Verzinkt, Geeignet für Stand Bidet, Stand WC, Urinal",Badzubehör & Accessoires
0067121000,"DU Befestigung, zur Montage von 031348 ohne Klapprost, chrom","Duravit Befestigung, Material: Stahl, Oberflächenbehandlung: Verzinkt, Geeignet für Ausgussbecken",Badzubehör & Accessoires
0067131000,"DU Befestigung für Urinal, chrom","Duravit Befestigung, Material: Stahl, Oberflächenbehandlung: Verzinkt, Geeignet für Urinal",Badzubehör & Accessoires
0067310000,"DU WC-Sitz D-Code ohne SoftClose Scharniere edelstahl, weiß","Duravit D-Code WC-Sitz, Weiß Hochglanz, Absenkautomatik: Nein, Material Scharnier: Edelstahl, Farbe Scharnier: Edelstahl",WC-Sitze
0067310099,"DU WC-Sitz D-Code Compact ohne SoftClose Scharniere edelstahl, weiß","Duravit D-Code WC-Sitz, Form: Rechteckig, Weiß Hochglanz, Absenkautomatik: Nein, Material Scharnier: Edelstahl, Farbe Scharnier: Edelstahl",WC-Sitze
0067390000,"DU WC-Sitz D-Code mit SoftClose Scharniere Kunststoff, weiß","Duravit D-Code WC-Sitz, Weiß Hochglanz, Absenkautomatik: Ja, Material Scharnier: Kunststoff, Farbe Scharnier: Weiß",WC-Sitze
0067390099,"DU WC-Sitz D-Code Compact mit SoftClose Scharniere Kunststoff, weiß","Duravit D-Code WC-Sitz, Form: Rechteckig, Weiß Hochglanz, Absenkautomatik: Ja, Material Scharnier: Kunststoff, Farbe Scharnier: Weiß",WC-Sitze
0067410000,"DU WC-Sitz D-Code ohne Absenkautomatik Scharniere edelstahl, lang, weiß","Duravit D-Code WC-Sitz, Weiß Hochglanz, Absenkautomatik: Nein, Material Scharnier: Edelstahl, Farbe Scharnier: Edelstahl, Verlängert",WC-Sitze
0067690000,"DU WC-Sitz Vero mit SoftClose Scharniere edelstahl, weiß","Duravit Vero WC-Sitz, Form: Rechteckig, Weiß Hochglanz, Absenkautomatik: Ja, Sitzgarnitur abnehmbar, Material Scharnier: Edelstahl, Farbe Scharnier: Edelstahl, Überlappend",WC-Sitze
0067690800,"DU WC-Sitz Vero mit SoftClose Scharniere edelstahl, schwarz","Duravit Vero WC-Sitz, Form: Rechteckig, Schwarz Hochglanz, Absenkautomatik: Ja, Sitzgarnitur abnehmbar, Material Scharnier: Edelstahl, Farbe Scharnier: Edelstahl, Überlappend",WC-Sitze
0067710000,"DU WC-Sitz Starck 3 ohne Absenkautomatik Scharniere edelstahl, für 210409, weiß","Duravit Starck 3 WC-Sitz, Weiß Hochglanz, Absenkautomatik: Nein, Material Scharnier: Edelstahl, Farbe Scharnier: Edelstahl, Verlängert, Überlappend",WC-Sitze
0067790000,"DU WC-Sitz Starck 3 mit Absenkautomatik Scharniere edelstahl, für 210409, weiß","Duravit Starck 3 WC-Sitz, Weiß Hochglanz, Absenkautomatik: Ja, Sitzgarnitur abnehmbar, Material Scharnier: Edelstahl, Farbe Scharnier: Edelstahl, Verlängert, Überlappend",WC-Sitze
0069610000,"DU WC-Sitz Architec ohne SoftClose Scharniere edelstahl, weiß","Duravit Architec WC-Sitz, Weiß Hochglanz, Absenkautomatik: Nein, Sitzgarnitur abnehmbar, Material Scharnier: Edelstahl, Farbe Scharnier: Edelstahl, Überlappend",WC-Sitze
0069690000,"DU WC-Sitz Architec mit SoftClose Scharniere edelstahl, weiß","Duravit Architec WC-Sitz, Weiß Hochglanz, Absenkautomatik: Ja, Sitzgarnitur abnehmbar, Material Scharnier: Edelstahl, Farbe Scharnier: Edelstahl, Überlappend",WC-Sitze
0069810000,"DU WC-Sitz ohne SoftClose Scharniere edelstahl, weiß","Duravit WC-Sitz, Form: D-shaped, Weiß Hochglanz, Absenkautomatik: Nein, Material Scharnier: Edelstahl, Farbe Scharnier: Edelstahl, Überlappend",WC-Sitze
0069890000,"DU WC-Sitz mit SoftClose Scharniere edelstahl, weiß","Duravit WC-Sitz, Form: D-shaped, Weiß Hochglanz, Absenkautomatik: Ja, Sitzgarnitur abnehmbar, Material Scharnier: Edelstahl, Farbe Scharnier: Edelstahl, Überlappend",WC-Sitze
0074120000,DU Befestigungs-Set für Spülkasten inklusive Moosgummidichtung,Duravit Ersatzteil Montagezubehör Befestigung,Badzubehör & Accessoires
0074151000,DU Blindstopfen für Spülkasten chrom,Duravit Ersatzteil Ablaufgarnituren Blindstopfen,Badzubehör & Accessoires
0075041000,"DU Nachrüstgarnitur f. Anschluss Mitte, chrom","Duravit Nachrüstgarnitur, Chrom, Position Wasseranschluss: Mitte",Badzubehör & Accessoires
0099041000,"DU D-Code Handtuchhaken,  Chrom","Duravit D-Code Handtuchhaken, Chrom",Badzubehör & Accessoires
0099121000,"DU D-Code Kosmetikspiegel,  Chrom","Duravit D-Code Kosmetikspiegel, Chrom, Optische Vergrößerung: 3-fach",Badzubehör & Accessoires
0099141000,"DU D-Code Wannengriff 200 mm,  Chrom","Duravit D-Code Wannengriff, Chrom, 284x98x34 mm",Badzubehör & Accessoires
0099151000,"DU D-Code Ersatzrollenhalter,  Chrom","Duravit D-Code Ersatzrollenhalter, Chrom",Badzubehör & Accessoires
0099161000,"DU D-Code Seifenspender, WH Chrom","Duravit D-Code Seifenspender, Chrom, Glas, Messing, Akzentfarbe: Weiß Matt, Befestigungsart: Schraubbefestigung, Fassungsvermögen: 0,39 l, Montageart: Wandhängend",Badzubehör & Accessoires
0099171000,DU D-Code Seifenschale Pos Links Chrom,"Duravit D-Code Seifenschale, Chrom, Messing, Milchglas, Akzentfarbe: Weiß Matt, Befestigungsart: Schraubbefestigung, Montageart: Wandhängend, Position Seifenschale: Links",Badzubehör & Accessoires
0099181000,DU D-Code Seifenschale Pos Rechts Chrom,"Duravit D-Code Seifenschale, Chrom, Messing, Milchglas, Akzentfarbe: Weiß Matt, Befestigungsart: Schraubbefestigung, Montageart: Wandhängend, Position Seifenschale: Rechts",Badzubehör & Accessoires
0099191000,"DU D-Code Glashalter Glas links, Chrom","Duravit D-Code Zahnputzbecher, Chrom, Akzentfarbe: Weiß Matt, Messing, Milchglas, Befestigungsart: Schraubbefestigung, Montageart: Wandhängend, Position Zahnputzbecher: Links",Badzubehör & Accessoires
0099201000,"DU D-Code Glashalter Glas rechts, Chrom","Duravit D-Code Zahnputzbecher, Chrom, Akzentfarbe: Weiß Matt, Milchglas, Messing, Befestigungsart: Schraubbefestigung, Montageart: Wandhängend, Position Zahnputzbecher: Rechts",Badzubehör & Accessoires
0099211000,"DU D-Code Handtuchring, Chrom","Duravit D-Code Handtuchring, Chrom",Badzubehör & Accessoires
0099221000,"DU D-Code HTH, Arme 2, Schwenkbar 50x447x90 mm, Chrom","Duravit D-Code Handtuchhalter, Chrom, Material: Messing, Anzahl Arme: 2, Inkl. Befestigungsmaterial: Ja, Geeignet für Wandbefestigung",Badzubehör & Accessoires
0099231000,"DU D-Code HTH, Arme 1 848x80x48 mm, Chrom","Duravit D-Code Handtuchhalter, Chrom, Material: Messing, Anzahl Arme: 1, Inkl. Befestigungsmaterial: Ja, Geeignet für Wandbefestigung",Badzubehör & Accessoires
0099241000,"DU D-Code HTH, Arme 1 648x80x48 mm, Chrom","Duravit D-Code Handtuchhalter, Chrom, Material: Messing, Anzahl Arme: 1, Inkl. Befestigungsmaterial: Ja, Geeignet für Wandbefestigung",Badzubehör & Accessoires
0099251000,"DU D-Code Handtuchablage 650x220x112 mm, Chrom","Duravit D-Code Handtuchablage, Chrom",Badzubehör & Accessoires
0099261000,"DU D-Code Papierrollenhalter 165x165x99 mm, Chrom","Duravit D-Code Papierrollenhalter, Chrom",Badzubehör & Accessoires
0099271000,"DU D-Code Bürstengarnitur, Wandhängend Chrom","Duravit D-Code Bürstengarnitur, Chrom, Akzentfarbe: Weiß Matt, Wandhängend, Messing",Badzubehör & Accessoires
0099281000,"DU D-Code Bürstengarnitur, Bodenstehend Chrom","Duravit D-Code Bürstengarnitur, Chrom, Bodenstehend, Messing",Badzubehör & Accessoires
0099501000,DU Glasablage 600 mm Karree Glas matt,"Duravit Karree Glasablagen, Chrom",Badzubehör & Accessoires
0099511000,"DU Karree Zahnputzbecher, Chrom, Akzentfarbe: Weiß Matt, 100x69x110","Duravit Karree Zahnputzbecher, Chrom, Akzentfarbe: Weiß Matt, Glas, Messing, Montageart: Wandhängend, Position Zahnputzbecher: Mitte",Badzubehör & Accessoires
0099521000,"DU Karree Seifenschale, Chrom, Akzentfarbe: Wß Matt, 122x115x50 , : Mes","Duravit Karree Seifenschale, Chrom, Messing, Glas, Akzentfarbe: Weiß Matt, Montageart: Wandhängend",Badzubehör & Accessoires
0099531000,"DU Karree Seifenschale, Chrom, 120x140x65 mm, Material: Messing, Glas","Duravit Karree Seifenschale, Chrom, Messing, Glas, Montageart: Wandhängend",Badzubehör & Accessoires
0099541000,"DU Karree Seifenspender, Chrom, Akzentfarbe: Wß Matt, 124x68x178 , : Gla","Duravit Karree Seifenspender, Chrom, Glas, Messing, Akzentfarbe: Weiß Matt, Fassungsvermögen: 0,36 l, Montageart: Wandhängend",Badzubehör & Accessoires
0099551000,"DU Karree Papierrollenhalter, Chrom, 138x138x115","Duravit Karree Papierrollenhalter, Chrom",Badzubehör & Accessoires
0099561000,"DU Karree Ersatzrollenhalter, Chrom, 68x68x158","Duravit Karree Ersatzrollenhalter, Chrom",Badzubehör & Accessoires
0099571000,"DU Karree Bürstengarnitur, Chrom, Akzentfarbe: Wß Matt, Wandhängend, 95x95","Duravit Karree Bürstengarnitur, Chrom, Akzentfarbe: Weiß Matt, Wandhängend, Glas, Messing",Badzubehör & Accessoires
0099581000,"DU Karree Handtuchhalter, Chrom, 450x68x75 mm, Anzahl Arme: 2, Schwenkbar","Duravit Karree Handtuchhalter, Chrom, Material: Messing, Anzahl Arme: 2, Inkl. Befestigungsmaterial: Ja",Badzubehör & Accessoires
0099591000,"DU Karree Handtuchhalter, Chrom, 70x668x35 mm, Anzahl Arme: 1","Duravit Karree Handtuchhalter, Chrom, Material: Messing, Anzahl Arme: 1, Inkl. Befestigungsmaterial: Ja",Badzubehör & Accessoires
0099601000,"DU Karree Handtuchhalter, Chrom, 70x868x35 mm, Anzahl Arme: 1","Duravit Karree Handtuchhalter, Chrom, Material: Messing, Anzahl Arme: 1, Inkl. Befestigungsmaterial: Ja",Badzubehör & Accessoires
0099611000,"DU Karree Handtuchring, Chrom, 58x200x142","Duravit Karree Handtuchring, Chrom",Badzubehör & Accessoires
0099621000,"DU Karree Handtuchablage, Chrom, 240x668x35","Duravit Karree Handtuchablage, Chrom",Badzubehör & Accessoires
0099631000,DU Wannengriff Karree 300 mm chrom,"Duravit Karree Wannengriff, Chrom, 75x368x35 mm",Badzubehör & Accessoires
0099658200,"DU Glaseinleger in Metallkonsolen f. DuraSquare WT 235310, Cubic line","Duravit DuraSquare Glaseinleger, Cubic Line, Einscheibensicherheitsglas nach EN 12150-1",Badzubehör & Accessoires
0099658300,"DU Glaseinleger in Metallkonsolen f. DuraSquare WT 235310, Weiß","Duravit DuraSquare Glaseinleger, Weiß, Einscheibensicherheitsglas nach EN 12150-1",Badzubehör & Accessoires
0099658400,"DU Glaseinleger in Metallkonsolen f. DuraSquare WT 235310, Schwarz","Duravit DuraSquare Glaseinleger, Schwarz, Einscheibensicherheitsglas nach EN 12150-1",Badzubehör & Accessoires
0099658500,"DU Glaseinleger in Metallkonsolen f. DuraSquare WT 235310, Jade","Duravit DuraSquare Glaseinleger, Jade, Einscheibensicherheitsglas nach EN 12150-1",Badzubehör & Accessoires
0099658600,"DU Glaseinleger in Metallkonsolen f. DuraSquare WT 235310, Apricot Pearl","Duravit DuraSquare Glaseinleger, Apricot Pearl, Einscheibensicherheitsglas nach EN 12150-1",Badzubehör & Accessoires
0099658700,"DU Glaseinleger in Metallkonsolen f. DuraSquare WT 235310, Flannel Grey","Duravit DuraSquare Glaseinleger, Flanell Grau, Einscheibensicherheitsglas nach EN 12150-1",Badzubehör & Accessoires
0099658800,"DU Glaseinleger in Metallkonsolen f. DuraSquare WT 235310, Stone Blue","Duravit DuraSquare Glaseinleger, Stone Blue, Einscheibensicherheitsglas nach EN 12150-1",Badzubehör & Accessoires
0099668200,"DU Glaseinleger in Metallkonsolen f. DuraSquare WT 073245, Cubic line","Duravit DuraSquare Glaseinleger, Cubic Line, Einscheibensicherheitsglas nach EN 12150-1",Badzubehör & Accessoires
0099668300,"DU Glaseinleger in Metallkonsolen f. DuraSquare WT 073245, Weiß","Duravit DuraSquare Glaseinleger, Weiß, Einscheibensicherheitsglas nach EN 12150-1",Badzubehör & Accessoires
0099668400,"DU Glaseinleger in Metallkonsolen f. DuraSquare WT 073245, Schwarz","Duravit DuraSquare Glaseinleger, Schwarz, Einscheibensicherheitsglas nach EN 12150-1",Badzubehör & Accessoires
0099668500,"DU Glaseinleger in Metallkonsolen f. DuraSquare WT 073245, Jade","Duravit DuraSquare Glaseinleger, Jade, Einscheibensicherheitsglas nach EN 12150-1",Badzubehör & Accessoires
0099668600,"DU Glaseinleger in Metallkonsolen f. DuraSquare WT 073245, Apricot Pearl","Duravit DuraSquare Glaseinleger, Apricot Pearl, Einscheibensicherheitsglas nach EN 12150-1",Badzubehör & Accessoires
0099668700,"DU Glaseinleger in Metallkonsolen f. DuraSquare WT 073245, Flannel Grey","Duravit DuraSquare Glaseinleger, Flanell Grau, Einscheibensicherheitsglas nach EN 12150-1",Badzubehör & Accessoires
0099668800,"DU Glaseinleger in Metallkonsolen f. DuraSquare WT 073245, Stone Blue","Duravit DuraSquare Glaseinleger, Stone Blue, Einscheibensicherheitsglas nach EN 12150-1",Badzubehör & Accessoires
0099688200,"DU Glaseinleger für Metallkonsolen, Sicherheitsglas,003113,003114,Cubicline","Duravit DuraSquare Glaseinleger, Cubic Line, Einscheibensicherheitsglas nach EN 12150-1",Badzubehör & Accessoires
0099688300,"DU Glaseinleger für Metallkonsolen, Sicherheitsglas,003113,003114,Weiß","Duravit DuraSquare Glaseinleger, Weiß, Einscheibensicherheitsglas nach EN 12150-1",Badzubehör & Accessoires
0099688400,"DU Glaseinleger für Metallkonsolen, Sicherheitsglas,003113,003114,Schwarz","Duravit DuraSquare Glaseinleger, Schwarz, Einscheibensicherheitsglas nach EN 12150-1",Badzubehör & Accessoires
0099688500,"DU Glaseinleger für Metallkonsolen, Sicherheitsglas,003113,003114,Jade","Duravit DuraSquare Glaseinleger, Jade, Einscheibensicherheitsglas nach EN 12150-1",Badzubehör & Accessoires
0099688600,"DU Glaseinleger für Metallkonsolen, Sicherheitsglas,003113,003114,Apr.Pearl","Duravit DuraSquare Glaseinleger, Apricot Pearl, Einscheibensicherheitsglas nach EN 12150-1",Badzubehör & Accessoires
0099688700,"DU Glaseinleger für Metallkonsolen, Sicherheitsglas,003113,003114,Fl.Grey","Duravit DuraSquare Glaseinleger, Flanell Grau, Einscheibensicherheitsglas nach EN 12150-1",Badzubehör & Accessoires
0099688800,"DU Glaseinleger für Metallkonsolen, Sicherheitsglas,003113,003114,StoneBlue","Duravit DuraSquare Glaseinleger, Stone Blue, Einscheibensicherheitsglas nach EN 12150-1",Badzubehör & Accessoires
0106090000,"DU Stand-WC Design Classics Bambi 390 mm Flachspüler,f.Kinder,Abg.waagr.weiß","Duravit Design Classics  Stand WC, Weiß Hochglanz, Spülwassermenge: 6 l, Flachspüler, Spülrand: offen, Abgang: waagerecht, Position Abgang: Hinten, Spülprinzip: Verdrängung, Für variablen Wasserzulauf",Keramik
0124090000,"DU Stand-WC Starck 3 560 mm Tiefspüler, Abgang waagrecht, weiß","Duravit Starck 3 Stand WC, Weiß Hochglanz, Spülwassermenge: 6 l, Tiefspüler, Spülrand: geschlossen, Abgang: waagerecht, Position Abgang: Hinten, Spülprinzip: Verdrängung, Für variablen Wasserzulauf, Inkl. Befestigungsmaterial",Keramik
01240900001,"DU Stand-WC Starck 3 560 mm Tiefspüler, Abgang waagrecht, weiß WG","Duravit Starck 3 Stand WC, Weiß Hochglanz, Spülwassermenge: 6 l, Tiefspüler, Spülrand: geschlossen, Abgang: waagerecht, Position Abgang: Hinten, Spülprinzip: Verdrängung, WonderGliss, Für variablen Wasserzulauf, Inkl. Befestigungsmaterial",Keramik
0124092000,"DU Stand-WC Starck 3 560 mm Tiefspüler, Abgang waagrecht, weiß, HYG","Duravit Starck 3 Stand WC, Weiß Hochglanz, HygieneGlaze, Spülwassermenge: 6 l, Tiefspüler, Spülrand: geschlossen, Abgang: waagerecht, Position Abgang: Hinten, Spülprinzip: Verdrängung, Für variablen Wasserzulauf, Inkl. Befestigungsmaterial",Keramik
0126010000,"DU Stand-WC Kombi Starck 3 655 mm Tiefspüler, f.SPK, Abg.senkr., weiß","Duravit Starck 3 Stand WC für Kombination, Weiß Hochglanz, Spülwassermenge: 6 l, Tiefspüler, Spülrand: geschlossen, Abgang: senkrecht, Position Abgang: Hinten, Unten, Inkl. Spülkasten: Nein, Spülprinzip: Verdrängung, Für aufgesetzten Spülkasten, Inkl. Befestigungsmaterial",Keramik
01260100001,"DU Stand-WC Kombi Starck 3 655 mm Tiefspüler, f.SPK, Abg.senkr., weiß WG","Duravit Starck 3 Stand WC für Kombination, Weiß Hochglanz, Spülwassermenge: 6 l, Tiefspüler, Spülrand: geschlossen, Abgang: senkrecht, Position Abgang: Hinten, Unten, Inkl. Spülkasten: Nein, Spülprinzip: Verdrängung, WonderGliss, Für aufgesetzten Spülkasten, Inkl. Befestigungsmaterial",Keramik
0126090000,"DU Stand-WC Kombi Starck 3 655 mm Tiefspüler, f.SPK, Abg.waagr., weiß","Duravit Starck 3 Stand WC für Kombination, Weiß Hochglanz, Spülwassermenge: 6 l, Tiefspüler, Spülrand: geschlossen, Abgang: waagerecht, Position Abgang: Hinten, Inkl. Spülkasten: Nein, Spülprinzip: Verdrängung, Für aufgesetzten Spülkasten, Inkl. Befestigungsmaterial",Keramik
01260900001,"DU Stand-WC Kombi Starck 3 655 mm Tiefspüler, f.SPK, Abg.waagr., weiß WG","Duravit Starck 3 Stand WC für Kombination, Weiß Hochglanz, Spülwassermenge: 6 l, Tiefspüler, Spülrand: geschlossen, Abgang: waagerecht, Position Abgang: Hinten, Inkl. Spülkasten: Nein, Spülprinzip: Verdrängung, WonderGliss, Für aufgesetzten Spülkasten, Inkl. Befestigungsmaterial",Keramik
0128090000,"DU Stand-WC Kombi Starck 3 655 mm Tiefspüler, f.SPK, Abg.Vario, weiß","Duravit Starck 3 Stand WC für Kombination, Weiß Hochglanz, Spülwassermenge: 6 l, Tiefspüler, Spülrand: geschlossen, Abgang: waagerecht, Position Abgang: Hinten, Inkl. Spülkasten: Nein, Spülprinzip: Verdrängung, Für aufgesetzten Spülkasten, Längenverstellbar, Inkl. Befestigungsmaterial, Abgangsmaß für Vario-Ablaufbogen senkrecht: 180 - 260 mm, Abgangsmaß für Vario-Anschluss Set senkrecht/waagerecht: 70 - 210 mm",Keramik
01280900001,"DU Stand-WC Kombi Starck 3 655 mm Tiefspüler, f.SPK, Abg.Vario, weiß WG","Duravit Starck 3 Stand WC für Kombination, Weiß Hochglanz, Spülwassermenge: 6 l, Tiefspüler, Spülrand: geschlossen, Abgang: waagerecht, senkrecht, Position Abgang: Hinten, Inkl. Spülkasten: Nein, Spülprinzip: Verdrängung, WonderGliss, Für aufgesetzten Spülkasten, Längenverstellbar, Inkl. Befestigungsmaterial, Abgangsmaß für Vario-Ablaufbogen senkrecht: 180 - 260 mm, Abgangsmaß für Vario-Anschluss Set senkrecht/waagerecht: 70 - 210 mm",Keramik
0180010000,"DU Stand-WC Design Classics 470 mm Trockenklosett, weiß","Duravit Design Classics  Stand WC, Weiß Hochglanz, Wasserlos, Spülrand: ohne, Abgang: senkrecht, Position Abgang: Unten, Mitte",Keramik
0182090000,"DU Wand-WC 1930 580 mm Tiefspüler, weiß","Duravit Serie 1930 Wand WC, Weiß Hochglanz, Spülwassermenge: 6 l, Tiefspüler, Spülrand: geschlossen, Abgang waagerecht",Keramik
01820900001,"DU Wand-WC 1930 580 mm Tiefspüler, weiß WonderGliss","Duravit Serie 1930 Wand WC, Weiß Hochglanz, Spülwassermenge: 6 l, Tiefspüler, Spülrand: geschlossen, Abgang waagerecht, WonderGliss",Keramik
0184090000,"DU Wand-WC D-Code basic 560 mm Tiefspüler, weiß","Duravit D-Code Wand WC, Weiß Hochglanz, Spülwassermenge: 6 l, Tiefspüler, Spülrand: geschlossen, Abgang waagerecht",Keramik
0184092000,"DU Wand-WC D-Code basic 560 mm Tiefspüler, weiß, HYG","Duravit D-Code Wand WC, Weiß Hochglanz, HygieneGlaze, Spülwassermenge: 6 l, Tiefspüler, Spülrand: geschlossen, Abgang waagerecht",Keramik
0192090000,"DU Wand-WC Design Classics Hornberg 530 mm, Tiefspüler, weiß","Duravit Design Classics  Wand WC, Weiß Hochglanz, Spülwassermenge: 6 l, Tiefspüler, Spülrand: halb offen, Spülprinzip: Verdrängung, Abgang waagerecht",Keramik
0192094700,"DU Wand-WC Design Classics Hornberg 530 mm, Tiefspüler, pergamon","Duravit Design Classics  Wand WC, Pergamon Hochglanz, Spülwassermenge: 6 l, Tiefspüler, Spülrand: halb offen, Spülprinzip: Verdrängung, Abgang waagerecht",Keramik
0195090000,"DU Wand-WC Design Classics Practica Cascade 650mm, für SPK Lago, weiß","Duravit Design Classics  Wand WC für Kombination, Weiß Hochglanz, Spülwassermenge: 6 l, Cascade, Spülrand: geschlossen, Spülprinzip: Absauger/Siphon Jet, Für aufgesetzten Spülkasten, Abgang waagerecht",Keramik
0206090000,DU Wand-WC Design Classics Cascade 530 mm weiß,"Duravit Design Classics  Wand WC, Weiß Hochglanz, Spülwassermenge: 6 l, Cascade, Spülrand: halb offen, Spülprinzip: Verdrängung, Abgang waagerecht",Keramik
0210090064,"DU Wand-WC Starck 1 575 mm Tiefspüler, Durafix, weiß","Duravit Starck 1 Wand WC, Weiß Hochglanz, Spülwassermenge: 4,5 l, Tiefspüler, Spülrand: geschlossen, Spülprinzip: Verdrängung, Abgang waagerecht, Inkl. verdeckte Befestigung",Keramik
02100900641,"DU Wand-WC Starck 1 575 mm Tiefspüler, Durafix, weiß WonderGliss","Duravit Starck 1 Wand WC, Weiß Hochglanz, Spülwassermenge: 4,5 l, Tiefspüler, Spülrand: geschlossen, Spülprinzip: Verdrängung, Abgang waagerecht, Inkl. verdeckte Befestigung, WonderGliss",Keramik
0212010000,"DU Stand-WC Design Classics Sudan 505 mm + 100 mm, Abg.senkrecht, weiß","Duravit Design Classics  Stand WC, Weiß Hochglanz, Spülwassermenge: 6 l, Flachspüler, Spülrand: geschlossen, Abgang: senkrecht, Position Abgang: Hinten, Unten, Spülprinzip: Verdrängung, Barrierefreie Ausführung, Für variablen Wasserzulauf",Keramik
0212090000,"DU Stand-WC Design Classics Sudan 465 mm + 100 mm, Abg.waagrecht, weiß","Duravit Design Classics  Stand WC, Weiß Hochglanz, Spülwassermenge: 6 l, Flachspüler, Spülrand: geschlossen, Abgang: waagerecht, Position Abgang: Hinten, Spülprinzip: Verdrängung, Barrierefreie Ausführung, Für variablen Wasserzulauf",Keramik
0212094100,"DU Stand-WC Design Classics Sudan 465 mm + 100 mm, Abg.waagrecht","Duravit Design Classics  Stand WC, Bahamabeige Hochglanz, Spülwassermenge: 6 l, Flachspüler, Spülrand: geschlossen, Abgang: waagerecht, Position Abgang: Hinten, Spülprinzip: Verdrängung, Barrierefreie Ausführung, Für variablen Wasserzulauf",Keramik
0227010000,"DU Stand-WC Kombi 1930 665 mm Tiefspüler, f.SPK, Abg.senkr., weiß","Duravit Serie 1930 Stand WC für Kombination, Weiß Hochglanz, Spülwassermenge: 6 l, Tiefspüler, Spülrand: geschlossen, Abgang: senkrecht, Position Abgang: Hinten, Unten, Inkl. Spülkasten: Nein, Spülprinzip: Verdrängung, Für aufgesetzten Spülkasten",Keramik
02270100001,"DU Stand-WC Kombi 1930 665 mm Tiefspüler, f.SPK, Abg.senkr., weiß WG","Duravit Serie 1930 Stand WC für Kombination, Weiß Hochglanz, Spülwassermenge: 6 l, Tiefspüler, Spülrand: geschlossen, Abgang: senkrecht, Position Abgang: Hinten, Unten, Inkl. Spülkasten: Nein, Spülprinzip: Verdrängung, WonderGliss, Für aufgesetzten Spülkasten",Keramik
0227090000,"DU Stand-WC Kombi 1930 665 mm Tiefspüler, f.SPK, Abg.waagr., weiß","Duravit Serie 1930 Stand WC für Kombination, Weiß Hochglanz, Spülwassermenge: 6 l, Tiefspüler, Spülrand: geschlossen, Abgang: waagerecht, Position Abgang: Hinten, Inkl. Spülkasten: Nein, Spülprinzip: Verdrängung, Für aufgesetzten Spülkasten",Keramik
02270900001,"DU Stand-WC Kombi 1930 665 mm Tiefspüler, f.SPK, Abg.waagr., weiß WG","Duravit Serie 1930 Stand WC für Kombination, Weiß Hochglanz, Spülwassermenge: 6 l, Tiefspüler, Spülrand: geschlossen, Abgang: waagerecht, Position Abgang: Hinten, Inkl. Spülkasten: Nein, Spülprinzip: Verdrängung, WonderGliss, Für aufgesetzten Spülkasten",Keramik
0233090064,"DU Stand-WC Kombi Starck 1 640 mm Tiefspüler, f.SPK, Abg.Vario, weiß","Duravit Starck 1 Stand WC für Kombination, Weiß Hochglanz, Spülwassermenge: 4,5 l, Tiefspüler, Spülrand: geschlossen, Abgang: waagerecht, Position Abgang: Hinten, Inkl. Spülkasten: Nein, Spülprinzip: Verdrängung, Für aufgesetzten Spülkasten, Längenverstellbar, Inkl. Befestigungsmaterial, Abgangsmaß für Vario-Ablaufbogen senkrecht: 180 - 245 mm, Abgangsmaß für Vario-Anschluss Set senkrecht/waagerecht: 70 - 190 mm",Keramik
02330900641,"DU Stand-WC Kombi Starck 1 640 mm Tiefspüler, f.SPK, Abg.Vario, weiß WG","Duravit Starck 1 Stand WC für Kombination, Weiß Hochglanz, Spülwassermenge: 4,5 l, Tiefspüler, Spülrand: geschlossen, Abgang: waagerecht, senkrecht, Position Abgang: Hinten, Inkl. Spülkasten: Nein, Spülprinzip: Verdrängung, WonderGliss, Für aufgesetzten Spülkasten, Längenverstellbar, Inkl. Befestigungsmaterial, Abgangsmaß für Vario-Ablaufbogen senkrecht: 180 - 245 mm, Abgangsmaß für Vario-Anschluss Set senkrecht/waagerecht: 70 - 190 mm",Keramik
0266100000,"DU Wand-Bidet 1930 580 mm mit ÜL, mit HLB, 1 HL, weiß","Duravit Serie 1930 Wand Bidet, Weiß Hochglanz, Hahnlochbank: Ja, Anzahl Hahnlöcher pro Waschplatz: 1, Überlauf: Ja",Keramik
02661000001,"DU Wand-Bidet 1930 580 mm mit ÜL, mit HLB, 1 HL, weiß WonderGliss","Duravit Serie 1930 Wand Bidet, Weiß Hochglanz, Hahnlochbank: Ja, Anzahl Hahnlöcher pro Waschplatz: 1, Überlauf: Ja, WonderGliss",Keramik
0267100000,"DU Stand-Bidet 1930 600 mm mit ÜL, mit HLB, 1 HL, weiß","Duravit Serie 1930 Stand Bidet, Weiß Hochglanz, Hahnlochbank: Ja, Anzahl Hahnlöcher pro Waschplatz: 1, Überlauf: Ja",Keramik
02671000001,"DU Stand-Bidet 1930 600 mm mit ÜL, mit HLB, 1 HL, weiß WonderGliss","Duravit Serie 1930 Stand Bidet, Weiß Hochglanz, Hahnlochbank: Ja, Anzahl Hahnlöcher pro Waschplatz: 1, Überlauf: Ja, WonderGliss",Keramik
0300500000,"DU Waschtisch Starck 3 500 mm mit ÜL, mit HLB, 1 HL, weiß","Duravit Starck 3 Waschtisch, Weiß Hochglanz, Rechteckig, Anzahl Waschplätze: 1 Mitte, Hahnlochbank: Ja, Anzahl Hahnlöcher pro Waschplatz: 1 Mitte, Überlauf: Ja, Von unten glasiert, Rückwand glasiert: Nein, 500 mm",Keramik
03005000001,"DU Waschtisch Starck 3 500 mm mit ÜL, mit HLB, 1 HL, weiß WonderGliss","Duravit Starck 3 Waschtisch, Weiß Hochglanz, Rechteckig, Anzahl Waschplätze: 1 Mitte, Hahnlochbank: Ja, Anzahl Hahnlöcher pro Waschplatz: 1 Mitte, Überlauf: Ja, WonderGliss, Von unten glasiert, Rückwand glasiert: Nein, 500 mm",Keramik
0300550000,"DU Waschtisch Starck 3 550 mm mit ÜL, mit HLB, 1 HL, weiß","Duravit Starck 3 Waschtisch, Weiß Hochglanz, Rechteckig, Anzahl Waschplätze: 1 Mitte, Hahnlochbank: Ja, Anzahl Hahnlöcher pro Waschplatz: 1 Mitte, Überlauf: Ja, Von unten glasiert, Rückwand glasiert: Nein, 550 mm",Keramik
03005500001,"DU Waschtisch Starck 3 550 mm mit ÜL, mit HLB, 1 HL, weiß WonderGliss","Duravit Starck 3 Waschtisch, Weiß Hochglanz, Rechteckig, Anzahl Waschplätze: 1 Mitte, Hahnlochbank: Ja, Anzahl Hahnlöcher pro Waschplatz: 1 Mitte, Überlauf: Ja, WonderGliss, Von unten glasiert, Rückwand glasiert: Nein, 550 mm",Keramik
0300600000,"DU Waschtisch Starck 3 600 mm mit ÜL, mit HLB, 1 HL, weiß","Duravit Starck 3 Waschtisch, Weiß Hochglanz, Rechteckig, Anzahl Waschplätze: 1 Mitte, Hahnlochbank: Ja, Anzahl Hahnlöcher pro Waschplatz: 1 Mitte, Überlauf: Ja, Von unten glasiert, Rückwand glasiert: Nein, 600 mm",Keramik
03006000001,"DU Waschtisch Starck 3 600 mm mit ÜL, mit HLB, 1 HL, weiß WonderGliss","Duravit Starck 3 Waschtisch, Weiß Hochglanz, Rechteckig, Anzahl Waschplätze: 1 Mitte, Hahnlochbank: Ja, Anzahl Hahnlöcher pro Waschplatz: 1 Mitte, Überlauf: Ja, WonderGliss, Von unten glasiert, Rückwand glasiert: Nein, 600 mm",Keramik
0300650000,"DU Waschtisch Starck 3 650 mm mit ÜL, mit HLB, 1 HL, weiß","Duravit Starck 3 Waschtisch, Weiß Hochglanz, Rechteckig, Anzahl Waschplätze: 1 Mitte, Hahnlochbank: Ja, Anzahl Hahnlöcher pro Waschplatz: 1 Mitte, Überlauf: Ja, Von unten glasiert, Rückwand glasiert: Nein, 650 mm",Keramik
03006500001,"DU Waschtisch Starck 3 650 mm mit ÜL, mit HLB, 1 HL, weiß WonderGliss","Duravit Starck 3 Waschtisch, Weiß Hochglanz, Rechteckig, Anzahl Waschplätze: 1 Mitte, Hahnlochbank: Ja, Anzahl Hahnlöcher pro Waschplatz: 1 Mitte, Überlauf: Ja, WonderGliss, Von unten glasiert, Rückwand glasiert: Nein, 650 mm",Keramik
0302490000,"DU Einbauwaschtisch Starck 3 490 mm EB v.unten, m.ÜL, m.HLB, 1 HL, weiß","Duravit Starck 3 Einbauwaschtisch, Ausführung Waschtisch: Einbau, 525x400 mm, Weiß Hochglanz, Hahnlochbank: Ja, Anzahl Hahnlöcher pro Waschplatz: 1, Überlauf: Ja, Montageart: Einbau von unten, Inkl. Befestigung für Einbau in Holzkonsolen",Keramik
03024900001,"DU Einbauwaschtisch Starck 3 490 mm EB v.unten, m.ÜL, m.HLB, 1 HL, weiß WG","Duravit Starck 3 Einbauwaschtisch, Ausführung Waschtisch: Einbau, 525x400 mm, Weiß Hochglanz, Hahnlochbank: Ja, Anzahl Hahnlöcher pro Waschplatz: 1, Überlauf: Ja, Montageart: Einbau von unten, WonderGliss, Inkl. Befestigung für Einbau in Holzkonsolen",Keramik
0302560000,"DU Einbauwaschtisch Starck 3 560 mm EB v.oben, m.ÜL, m.HLB, 1 HL, weiß","Duravit Starck 3 Einbauwaschtisch, Ausführung Waschtisch: Einbau, 560x465 mm, Weiß Hochglanz, Hahnlochbank: Ja, Anzahl Hahnlöcher pro Waschplatz: 1, Überlauf: Ja, Montageart: Einbau von oben",Keramik
03025600001,"DU Einbauwaschtisch Starck 3 560 mm EB v.oben, m.ÜL, m.HLB, 1 HL, weiß WG","Duravit Starck 3 Einbauwaschtisch, Ausführung Waschtisch: Einbau, 560x465 mm, Weiß Hochglanz, Hahnlochbank: Ja, Anzahl Hahnlöcher pro Waschplatz: 1, Überlauf: Ja, Montageart: Einbau von oben, WonderGliss",Keramik
0303480000,"DU Möbelwaschtisch Starck 3 480 mm m.ÜL, m.HLB, 1 HL, u.glasiert, weiß","Duravit Starck 3 Einbauwaschtisch, Ausführung Waschtisch: Einbau, 480x465 mm, Weiß Hochglanz, Hahnlochbank: Ja, Anzahl Hahnlöcher pro Waschplatz: 1, Überlauf: Ja, Montageart: Wandhängend, Von unten glasiert",Keramik
03034800001,"DU Möbelwaschtisch Starck 3 480 mm m.ÜL, m.HLB, 1 HL, u.glasiert, weiß WG","Duravit Starck 3 Einbauwaschtisch, Ausführung Waschtisch: Einbau, 480x465 mm, Weiß Hochglanz, Hahnlochbank: Ja, Anzahl Hahnlöcher pro Waschplatz: 1, Überlauf: Ja, Montageart: Wandhängend, WonderGliss, Von unten glasiert",Keramik
0303480022,"DU EBWT Starck 3 480 mm, EB v.oben m.ÜL, m.HLB, 1 HL, u.glasiert, weiß","Duravit Starck 3 Einbauwaschtisch, Ausführung Waschtisch: Einbau, 480x465 mm, Weiß Hochglanz, Hahnlochbank: Ja, Anzahl Hahnlöcher pro Waschplatz: 1, Überlauf: Ja, Geschliffen, Montageart: Einbau von oben, Von unten glasiert",Keramik
0304100000,"DU Möbelwaschtisch Starck 3 1050 mm mit ÜL, mit HLB, 1 HL, weiß","Duravit Starck 3 Waschtisch, Weiß Hochglanz, Rechteckig, Anzahl Waschplätze: 1 Mitte, Hahnlochbank: Ja, Anzahl Hahnlöcher pro Waschplatz: 1 Mitte, Überlauf: Ja, Rückwand glasiert: Nein, 1050 mm",Keramik
03041000001,"DU Möbelwaschtisch Starck 3 1050 mm mit ÜL, mit HLB, 1 HL, weiß WonderGliss","Duravit Starck 3 Waschtisch, Weiß Hochglanz, Rechteckig, Anzahl Waschplätze: 1 Mitte, Hahnlochbank: Ja, Anzahl Hahnlöcher pro Waschplatz: 1 Mitte, Überlauf: Ja, WonderGliss, Rückwand glasiert: Nein, 1050 mm",Keramik
0304700000,"DU Möbelwaschtisch Starck 3 700 mm mit ÜL, mit HLB, 1 HL, weiß","Duravit Starck 3 Waschtisch, Weiß Hochglanz, Rechteckig, Anzahl Waschplätze: 1 Mitte, Hahnlochbank: Ja, Anzahl Hahnlöcher pro Waschplatz: 1 Mitte, Überlauf: Ja, Rückwand glasiert: Nein, 700 mm",Keramik
03047000001,"DU Möbelwaschtisch Starck 3 700 mm mit ÜL, mit HLB, 1 HL, weiß WonderGliss","Duravit Starck 3 Waschtisch, Weiß Hochglanz, Rechteckig, Anzahl Waschplätze: 1 Mitte, Hahnlochbank: Ja, Anzahl Hahnlöcher pro Waschplatz: 1 Mitte, Überlauf: Ja, WonderGliss, Rückwand glasiert: Nein, 700 mm",Keramik
0304800000,"DU Möbelwaschtisch Starck 3 850 mm mit ÜL, mit HLB, 1 HL, weiß","Duravit Starck 3 Waschtisch, Weiß Hochglanz, Rechteckig, Anzahl Waschplätze: 1 Mitte, Hahnlochbank: Ja, Anzahl Hahnlöcher pro Waschplatz: 1 Mitte, Überlauf: Ja, Rückwand glasiert: Nein, 850 mm",Keramik
03048000001,"DU Möbelwaschtisch Starck 3 850 mm mit ÜL, mit HLB, 1 HL, weiß WonderGliss","Duravit Starck 3 Waschtisch, Weiß Hochglanz, Rechteckig, Anzahl Waschplätze: 1 Mitte, Hahnlochbank: Ja, Anzahl Hahnlöcher pro Waschplatz: 1 Mitte, Überlauf: Ja, WonderGliss, Rückwand glasiert: Nein, 850 mm",Keramik
0305430000,"DU Einbauwaschtisch Starck 3 430 mm EB v.unten, mit ÜL, ohne HLB, weiß","Duravit Starck 3 Einbauwaschtisch, Ausführung Waschtisch: Einbau, 465x465 mm, Weiß Hochglanz, Hahnlochbank: Nein, Überlauf: Ja, Montageart: Einbau von unten, Inkl. Befestigung für Einbau in Holzkonsolen",Keramik
03054300001,"DU Einbauwaschtisch Starck 3 430 mm EB v.unten, mit ÜL, ohne HLB, weiß WG","Duravit Starck 3 Einbauwaschtisch, Ausführung Waschtisch: Einbau, 465x465 mm, Weiß Hochglanz, Hahnlochbank: Nein, Überlauf: Ja, Montageart: Einbau von unten, WonderGliss, Inkl. Befestigung für Einbau in Holzkonsolen",Keramik
0305490000,"DU Einbauwaschtisch Starck 3 490 mm EB v.unten, mit ÜL, ohne HLB, weiß","Duravit Starck 3 Einbauwaschtisch, Ausführung Waschtisch: Einbau, 530x365 mm, Weiß Hochglanz, Hahnlochbank: Nein, Überlauf: Ja, Montageart: Einbau von unten, Inkl. Befestigung für Einbau in Holzkonsolen",Keramik
03054900001,"DU Einbauwaschtisch Starck 3 490 mm EB v.unten, mit ÜL, ohne HLB, weiß WG","Duravit Starck 3 Einbauwaschtisch, Ausführung Waschtisch: Einbau, 530x365 mm, Weiß Hochglanz, Hahnlochbank: Nein, Überlauf: Ja, Montageart: Einbau von unten, WonderGliss, Inkl. Befestigung für Einbau in Holzkonsolen",Keramik
0307500000,"DU Waschtisch Starck 3 Med 500 mm ohne ÜL, mit HLB, HL-Vst., weiß","Duravit Starck 3 Waschtisch, Weiß Hochglanz, Rechteckig, Anzahl Waschplätze: 1 Mitte, Hahnlochbank: Ja, Überlauf: Nein, Anzahl vorgestochene Hahnlöcher: 1, Von unten glasiert, Rückwand glasiert: Nein, 500 mm",Keramik
03075000001,"DU Waschtisch Starck 3 Med 500 mm ohne ÜL, mit HLB, HL-Vst., weiß WG","Duravit Starck 3 Waschtisch, Weiß Hochglanz, Rechteckig, Anzahl Waschplätze: 1 Mitte, Hahnlochbank: Ja, Überlauf: Nein, Anzahl vorgestochene Hahnlöcher: 1, WonderGliss, Von unten glasiert, Rückwand glasiert: Nein, 500 mm",Keramik
0307600000,"DU Waschtisch Starck 3 Med 600 mm ohne ÜL, mit HLB, HL-Vst., weiß","Duravit Starck 3 Waschtisch, Weiß Hochglanz, Rechteckig, Anzahl Waschplätze: 1 Mitte, Hahnlochbank: Ja, Überlauf: Nein, Anzahl vorgestochene Hahnlöcher: 1, Von unten glasiert, Rückwand glasiert: Nein, 600 mm",Keramik
0309600000,"DU Waschtisch Starck 3 Vital 600 mm mit ÜL, mit HLB, 1 HL, weiß","Duravit Starck 3 Waschtisch, Weiß Hochglanz, Rechteckig, Anzahl Waschplätze: 1 Mitte, Hahnlochbank: Ja, Anzahl Hahnlöcher pro Waschplatz: 1 Mitte, Überlauf: Ja, Barrierefreie Ausführung, Von unten glasiert, Rückwand glasiert: Nein, 600 mm",Keramik
03096000001,"DU Waschtisch Starck 3 Vital 600 mm mit ÜL, mit HLB, 1 HL, weiß WonderGliss","Duravit Starck 3 Waschtisch, Weiß Hochglanz, Rechteckig, Anzahl Waschplätze: 1 Mitte, Hahnlochbank: Ja, Anzahl Hahnlöcher pro Waschplatz: 1 Mitte, Überlauf: Ja, Barrierefreie Ausführung, WonderGliss, Von unten glasiert, Rückwand glasiert: Nein, 600 mm",Keramik
0309700000,"DU Waschtisch Starck 3 Vital 700 mm mit ÜL, mit HLB, 1 HL, weiß","Duravit Starck 3 Waschtisch, Weiß Hochglanz, Rechteckig, Anzahl Waschplätze: 1 Mitte, Hahnlochbank: Ja, Anzahl Hahnlöcher pro Waschplatz: 1 Mitte, Überlauf: Ja, Barrierefreie Ausführung, Von unten glasiert, Rückwand glasiert: Nein, 700 mm",Keramik
03097000001,"DU Waschtisch Starck 3 Vital 700 mm mit ÜL, mit HLB, 1 HL, weiß WonderGliss","Duravit Starck 3 Waschtisch, Weiß Hochglanz, Rechteckig, Anzahl Waschplätze: 1 Mitte, Hahnlochbank: Ja, Anzahl Hahnlöcher pro Waschplatz: 1 Mitte, Überlauf: Ja, Barrierefreie Ausführung, WonderGliss, Von unten glasiert, Rückwand glasiert: Nein, 700 mm",Keramik
0310550000,"DU Halbeinbauwaschtisch Starck 3 550 mm mit ÜL, mit HLB, 1 HL, weiß","Duravit Starck 3 Halbeinbauwaschtisch, Ausführung Waschtisch: Einbau, 550x460 mm, Weiß Hochglanz, Hahnlochbank: Ja, Anzahl Hahnlöcher pro Waschplatz: 1, Überlauf: Ja, Montageart: Einbau von oben, Inkl. Befestigung für Einbau in Holzkonsolen, Von unten glasiert",Keramik
03105500001,"DU Halbeinbauwaschtisch Starck 3 550 mm mit ÜL, mit HLB, 1 HL, weiß WonderGliss","Duravit Starck 3 Halbeinbauwaschtisch, Ausführung Waschtisch: Einbau, 550x460 mm, Weiß Hochglanz, Hahnlochbank: Ja, Anzahl Hahnlöcher pro Waschplatz: 1, Überlauf: Ja, Montageart: Einbau von oben, WonderGliss, Inkl. Befestigung für Einbau in Holzkonsolen, Von unten glasiert",Keramik
0312600000,"DU Waschtisch Starck 3 Vital Med 600 mm ohne ÜL, mit HLB, HL-Vst., weiß","Duravit Starck 3 Waschtisch, Weiß Hochglanz, Rechteckig, Anzahl Waschplätze: 1 Mitte, Hahnlochbank: Ja, Überlauf: Nein, Anzahl vorgestochene Hahnlöcher: 1, Barrierefreie Ausführung, Von unten glasiert, Rückwand glasiert: Nein, 600 mm",Keramik
03126000001,"DU Waschtisch Starck 3 Vital Med 600 mm ohne ÜL, mit HLB, HL-Vst., weiß WG","Duravit Starck 3 Waschtisch, Weiß Hochglanz, Rechteckig, Anzahl Waschplätze: 1 Mitte, Hahnlochbank: Ja, Überlauf: Nein, Anzahl vorgestochene Hahnlöcher: 1, Barrierefreie Ausführung, WonderGliss, Von unten glasiert, Rückwand glasiert: Nein, 600 mm",Keramik
0313480000,"DU Ausgussbecken Starck 3 480 mm ohne ÜL, ohne HLB, weiß","Duravit Starck 3 Ausgussbecken, Weiß Hochglanz, Rechteckig, Anzahl Waschplätze: 1 Mitte, Hahnlochbank: Nein, Überlauf: Nein, Von unten glasiert, Rückwand glasiert: Nein, 480 mm",Keramik
03134800001,"DU Ausgussbecken Starck 3 480 mm ohne ÜL, ohne HLB, weiß WonderGliss","Duravit Starck 3 Ausgussbecken, Weiß Hochglanz, Rechteckig, Anzahl Waschplätze: 1 Mitte, Hahnlochbank: Nein, Überlauf: Nein, WonderGliss, Von unten glasiert, Rückwand glasiert: Nein, 480 mm",Keramik
0314550000,"DU Halbeinbauwaschtisch Vero 550 mm mit ÜL, mit HLB, 1 HL, weiß","Duravit Vero Halbeinbauwaschtisch, Ausführung Waschtisch: Einbau, 550x470 mm, Weiß Hochglanz, Hahnlochbank: Ja, Anzahl Hahnlöcher pro Waschplatz: 1, Überlauf: Ja, Montageart: Einbau von oben, Inkl. Befestigung für Einbau in Holzkonsolen, Von unten glasiert",Keramik
03145500001,"DU Halbeinbauwaschtisch Vero 550 mm mit ÜL, mit HLB, 1 HL, weiß WonderGliss","Duravit Vero Halbeinbauwaschtisch, Ausführung Waschtisch: Einbau, 550x470 mm, Weiß Hochglanz, Hahnlochbank: Ja, Anzahl Hahnlöcher pro Waschplatz: 1, Überlauf: Ja, Montageart: Einbau von oben, WonderGliss, Inkl. Befestigung für Einbau in Holzkonsolen, Von unten glasiert",Keramik
0315500000,"DU Einbauwaschtisch Vero 500 mm EB v.oben, m.ÜL, m.HLB, 1 HL, weiß","Duravit Vero Einbauwaschtisch, Ausführung Waschtisch: Einbau, 500x465 mm, Weiß Hochglanz, Hahnlochbank: Ja, Anzahl Hahnlöcher pro Waschplatz: 1, Überlauf: Ja, Montageart: Einbau von oben",Keramik
03155000001,"DU Einbauwaschtisch Vero 500 mm EB v.oben, m.ÜL, m.HLB, 1 HL, weiß WG","Duravit Vero Einbauwaschtisch, Ausführung Waschtisch: Einbau, 500x465 mm, Weiß Hochglanz, Hahnlochbank: Ja, Anzahl Hahnlöcher pro Waschplatz: 1, Überlauf: Ja, Montageart: Einbau von oben, WonderGliss",Keramik
0315550000,"DU Einbauwaschtisch Vero 550 mm EB v.oben, m.ÜL, m.HLB, 1 HL, weiß","Duravit Vero Einbauwaschtisch, Ausführung Waschtisch: Einbau, 550x465 mm, Weiß Hochglanz, Hahnlochbank: Ja, Anzahl Hahnlöcher pro Waschplatz: 1, Überlauf: Ja, Montageart: Einbau von oben",Keramik
03155500001,"DU Einbauwaschtisch Vero 550 mm EB v.oben, m.ÜL, m.HLB, 1 HL, weiß WG","Duravit Vero Einbauwaschtisch, Ausführung Waschtisch: Einbau, 550x465 mm, Weiß Hochglanz, Hahnlochbank: Ja, Anzahl Hahnlöcher pro Waschplatz: 1, Überlauf: Ja, Montageart: Einbau von oben, WonderGliss",Keramik
0316530000,"DU EBWT Design Classics 2nd floor 525 mm EB v.u., mit ÜL, o. HLB, weiß","Duravit Design Classics Einbauwaschtisch, Ausführung Waschtisch: Einbau, 525x380 mm, Weiß Hochglanz, Hahnlochbank: Nein, Überlauf: Ja, Montageart: Einbau von unten, Inkl. Befestigung für Einbau in Holzkonsolen",Keramik
03165300001,"DU EBWT Design Classics 2nd floor 525 mm EB v.u., mit ÜL, o. HLB, weiß WG","Duravit Design Classics Einbauwaschtisch, Ausführung Waschtisch: Einbau, 525x380 mm, Weiß Hochglanz, Hahnlochbank: Nein, Überlauf: Ja, Montageart: Einbau von unten, WonderGliss, Inkl. Befestigung für Einbau in Holzkonsolen",Keramik
0317580000,"DU ASB Design Classics 2nd floor 580 mm ohne ÜL, o. HLB, geschl., weiß","Duravit Design Classics Aufsatzbecken, Ausführung Waschtisch: Aufsatz, 580x415 mm, Weiß Hochglanz, Hahnlochbank: Nein, Überlauf: Nein, Geschliffen, Montageart: Aufsatz",Keramik
03175800001,"DU ASB Design Classics 2nd floor 580 mm ohne ÜL, o. HLB, geschl., weiß WG","Duravit Design Classics Aufsatzbecken, Ausführung Waschtisch: Aufsatz, 580x415 mm, Weiß Hochglanz, Hahnlochbank: Nein, Überlauf: Nein, Geschliffen, Montageart: Aufsatz, WonderGliss",Keramik
0317580029,"DU EBWT Design Classics 2nd floor 580 mm EB v.o, ohne ÜL, o. HLB, weiß","Duravit Design Classics Einbauwaschtisch, Ausführung Waschtisch: Einbau, 580x415 mm, Weiß Hochglanz, Hahnlochbank: Nein, Überlauf: Nein, Montageart: Einbau von oben",Keramik
03175800291,"DU EBWT Design Classics 2nd floor 580 mm EB v.o, ohne ÜL, o. HLB, weiß WG","Duravit Design Classics Einbauwaschtisch, Ausführung Waschtisch: Einbau, 580x415 mm, Weiß Hochglanz, Hahnlochbank: Nein, Überlauf: Nein, Montageart: Einbau von oben, WonderGliss",Keramik
0318400000,"DU Einbauwaschtisch Architec 400 mm EB v.ob.,m.ÜL,o.HLB,u.glasiert,weiß","Duravit Architec Einbauwaschtisch, Ausführung Waschtisch: Einbau, 400x400 mm, Weiß Hochglanz, Hahnlochbank: Nein, Überlauf: Ja, Montageart: Einbau von oben, Von unten glasiert",Keramik
0318450000,"DU Einbauwaschtisch Architec 450 mm EB v.ob.,o.ÜL,o.HLB,u.glasiert,weiß","Duravit Architec Einbauwaschtisch, Ausführung Waschtisch: Einbau, 450x450 mm, Weiß Hochglanz, Hahnlochbank: Nein, Überlauf: Nein, Montageart: Einbau von oben, Von unten glasiert",Keramik
0319270000,"DU Einbauwaschtisch Architec 275 mm EB v.u.,m.ÜL,o.HLB,u.glasiert,weiß","Duravit Architec Einbauwaschtisch, Ausführung Waschtisch: Einbau, 320x320 mm, Weiß Hochglanz, Hahnlochbank: Nein, Überlauf: Ja, Montageart: Einbau von unten, Inkl. Befestigung für Einbau in Holzkonsolen, Von unten glasiert",Keramik
0319320000,"DU Einbauwaschtisch Architec 325 mm EB v.u.,m.ÜL,o.HLB,u.glasiert,weiß","Duravit Architec Einbauwaschtisch, Ausführung Waschtisch: Einbau von unten, 360x360 mm, Weiß Hochglanz, Hahnlochbank: Nein, Überlauf: Ja, Montageart: Einbau von unten, Inkl. Befestigung für Einbau in Holzkonsolen, Von unten glasiert",Keramik
0319370000,"DU Einbauwaschtisch Architec 375 mm EB v.u.,o.ÜL,o.HLB,u.glasiert,weiß","Duravit Architec Einbauwaschtisch, Ausführung Waschtisch: Einbau, 400x400 mm, Weiß Hochglanz, Hahnlochbank: Nein, Überlauf: Nein, Montageart: Einbau von unten, Inkl. Befestigung für Einbau in Holzkonsolen, Von unten glasiert",Keramik
0319420000,"DU Einbauwaschtisch Architec 420 mm EB v.u.,o.ÜL,o.HLB,u.glasiert,weiß","Duravit Architec Einbauwaschtisch, Ausführung Waschtisch: Einbau, 445x445 mm, Weiß Hochglanz, Hahnlochbank: Nein, Überlauf: Nein, Montageart: Einbau von unten, Inkl. Befestigung für Einbau in Holzkonsolen, Von unten glasiert",Keramik
0320500000,"DU Aufsatzbecken Architec 500 mm o.ÜL, m.HLB, o.HL, geschl., weiß","Duravit Architec Aufsatzbecken, Weiß Hochglanz, Quadratisch, Anzahl Waschplätze: 1 Mitte, Hahnlochbank: Ja, Überlauf: Nein, Geschliffen, Rückwand glasiert: Nein, 500 mm",Keramik
0320500008,"DU Aufsatzbecken Architec 500 mm o.ÜL, m.HLB, HL re., geschl., weiß","Duravit Architec Aufsatzbecken, Weiß Hochglanz, Quadratisch, Anzahl Waschplätze: 1 Mitte, Hahnlochbank: Ja, Anzahl Hahnlöcher pro Waschplatz: 1 Rechts, Überlauf: Nein, Geschliffen, Rückwand glasiert: Nein, 500 mm",Keramik
0320500009,"DU Aufsatzbecken Architec 500 mm o.ÜL, m.HLB, HL li., geschl., weiß","Duravit Architec Aufsatzbecken, Weiß Hochglanz, Quadratisch, Anzahl Waschplätze: 1 Mitte, Hahnlochbank: Ja, Anzahl Hahnlöcher pro Waschplatz: 1 Links, Überlauf: Nein, Geschliffen, Rückwand glasiert: Nein, 500 mm",Keramik
0325420000,"DU ASB Design Classics Bacino 420 mm rund, mit ÜL, ohne HLB, weiß","Duravit Design ClassicsBacino Aufsatzbecken, Weiß Hochglanz, Rund, Anzahl Waschplätze: 1 Mitte, Hahnlochbank: Nein, Überlauf: Ja, Inkl. Überlaufclip, 420 mm",Keramik
0329100000,"DU Möbelwaschtisch Vero 1050 mm mit ÜL, mit HLB, 1 HL, weiß","Duravit Vero Waschtisch, Weiß Hochglanz, Rechteckig, Anzahl Waschplätze: 1 Mitte, Hahnlochbank: Ja, Anzahl Hahnlöcher pro Waschplatz: 1 Mitte, Überlauf: Ja, Von unten glasiert, Rückwand glasiert: Nein, 1050 mm",Keramik
03291000001,"DU Möbelwaschtisch Vero 1050 mm mit ÜL, mit HLB, 1 HL, weiß WonderGliss","Duravit Vero Waschtisch, Weiß Hochglanz, Rechteckig, Anzahl Waschplätze: 1 Mitte, Hahnlochbank: Ja, Anzahl Hahnlöcher pro Waschplatz: 1 Mitte, Überlauf: Ja, WonderGliss, Von unten glasiert, Rückwand glasiert: Nein, 1050 mm",Keramik
0329120000,"DU Möbelwaschtisch Vero 1250 mm mit ÜL, mit HLB, 1 HL, weiß","Duravit Vero Waschtisch, Weiß Hochglanz, Rechteckig, Anzahl Waschplätze: 1 Mitte, Hahnlochbank: Ja, Anzahl Hahnlöcher pro Waschplatz: 1 Mitte, Überlauf: Ja, Von unten glasiert, Rückwand glasiert: Nein, 1250 mm",Keramik
03291200001,"DU Möbelwaschtisch Vero 1250 mm mit ÜL, mit HLB, 1 HL, weiß WonderGliss","Duravit Vero Waschtisch, Weiß Hochglanz, Rechteckig, Anzahl Waschplätze: 1 Mitte, Hahnlochbank: Ja, Anzahl Hahnlöcher pro Waschplatz: 1 Mitte, Überlauf: Ja, WonderGliss, Von unten glasiert, Rückwand glasiert: Nein, 1250 mm",Keramik
0329850000,"DU Möbelwaschtisch Vero 850 mm mit ÜL, mit HLB, 1 HL, weiß","Duravit Vero Waschtisch, Weiß Hochglanz, Rechteckig, Anzahl Waschplätze: 1 Mitte, Hahnlochbank: Ja, Anzahl Hahnlöcher pro Waschplatz: 1 Mitte, Überlauf: Ja, Von unten glasiert, Rückwand glasiert: Nein, 850 mm",Keramik
03298500001,"DU Möbelwaschtisch Vero 850 mm mit ÜL, mit HLB, 1 HL, weiß WonderGliss","Duravit Vero Waschtisch, Weiß Hochglanz, Rechteckig, Anzahl Waschplätze: 1 Mitte, Hahnlochbank: Ja, Anzahl Hahnlöcher pro Waschplatz: 1 Mitte, Überlauf: Ja, WonderGliss, Von unten glasiert, Rückwand glasiert: Nein, 850 mm",Keramik
0330430000,"DU Einbauwaschtisch Vero 430 mm EB v.unten, m.ÜL, o.HLB, weiß","Duravit Vero Einbauwaschtisch, Ausführung Waschtisch: Einbau, 465x315 mm, Weiß Hochglanz, Hahnlochbank: Nein, Überlauf: Ja, Montageart: Einbau von unten, Inkl. Befestigung für Einbau in Holzkonsolen",Keramik
03304300001,"DU Einbauwaschtisch Vero 430 mm EB v.unten, m.ÜL, o.HLB, weiß WG","Duravit Vero Einbauwaschtisch, Ausführung Waschtisch: Einbau, 465x315 mm, Weiß Hochglanz, Hahnlochbank: Nein, Überlauf: Ja, Montageart: Einbau von unten, WonderGliss, Inkl. Befestigung für Einbau in Holzkonsolen",Keramik
0330480000,"DU Einbauwaschtisch Vero 485 mm EB v.unten, m.ÜL, o.HLB, weiß","Duravit Vero Einbauwaschtisch, Ausführung Waschtisch: Einbau, 485x315 mm, Weiß Hochglanz, Hahnlochbank: Nein, Überlauf: Ja, Montageart: Einbau von unten, Inkl. Befestigung für Einbau in Holzkonsolen",Keramik
03304800001,"DU Einbauwaschtisch Vero 485 mm EB v.unten, m.ÜL, o.HLB, weiß WG","Duravit Vero Einbauwaschtisch, Ausführung Waschtisch: Einbau, 485x315 mm, Weiß Hochglanz, Hahnlochbank: Nein, Überlauf: Ja, Montageart: Einbau von unten, WonderGliss, Inkl. Befestigung für Einbau in Holzkonsolen",Keramik
0333420000,"DU ASB Design Classics Bacino 420 mm quadratisch, mit ÜL, ohne HLB, weiß","Duravit Design ClassicsBacino Aufsatzbecken, Weiß Hochglanz, Quadratisch, Anzahl Waschplätze: 1 Mitte, Hahnlochbank: Nein, Überlauf: Ja, Inkl. Überlaufclip, 420 mm",Keramik
03334200001,"DU ASB Design Classics Bacino 420 mm quadratisch, mit ÜL, ohne HLB, weiß WG","Duravit Design ClassicsBacino Aufsatzbecken, Weiß Hochglanz, Quadratisch, Anzahl Waschplätze: 1 Mitte, Hahnlochbank: Nein, Überlauf: Ja, WonderGliss, Inkl. Überlaufclip, 420 mm",Keramik
0334520000,"DU ASB Design Classics Bacino 550 mm rechteckig, mit ÜL, ohne HLB, weiß","Duravit Design ClassicsBacino Aufsatzbecken, Weiß Hochglanz, Rechteckig, Anzahl Waschplätze: 1 Mitte, Hahnlochbank: Nein, Überlauf: Ja, Inkl. Überlaufclip, 550 mm",Keramik
03345200001,"DU ASB Design Classics Bacino 550 mm rechteckig, mit ÜL, ohne HLB, weiß WG","Duravit Design ClassicsBacino Aufsatzbecken, Weiß Hochglanz, Rechteckig, Anzahl Waschplätze: 1 Mitte, Hahnlochbank: Nein, Überlauf: Ja, WonderGliss, Inkl. Überlaufclip, 550 mm",Keramik
0335500000,"DU ASB Design Classics Foster 495 mm, mit ÜL ohne HLB, weiß","Duravit Design Classics Aufsatzbecken, Weiß Hochglanz, Oval, Anzahl Waschplätze: 1 Mitte, Hahnlochbank: Nein, Überlauf: Ja, 495 mm",Keramik
03355000001,"DU ASB Design Classics Foster 495 mm mit ÜL ohne HLB, weiß WonderGliss","Duravit Design Classics Aufsatzbecken, Weiß Hochglanz, Oval, Anzahl Waschplätze: 1 Mitte, Hahnlochbank: Nein, Überlauf: Ja, WonderGliss, 495 mm",Keramik
0337540000,"DU Einbauwaschtisch D-Code 545 mm EB v.oben, m.ÜL, m.HLB, 1 HL, weiß","Duravit D-Code Einbauwaschtisch, Ausführung Waschtisch: Einbau, 545x435 mm, Weiß Hochglanz, Hahnlochbank: Ja, Anzahl Hahnlöcher pro Waschplatz: 1, Überlauf: Ja, Montageart: Einbau von oben",Keramik
0338490000,"DU Einbauwaschtisch D-Code 495 mm EB v.unten, mit ÜL, ohne HLB, weiß","Duravit D-Code Einbauwaschtisch, Ausführung Waschtisch: Einbau, 495x290 mm, Weiß Hochglanz, Hahnlochbank: Nein, Überlauf: Ja, Montageart: Einbau von unten, Inkl. Befestigung für Einbau in Holzkonsolen",Keramik
0338560000,"DU Einbauwaschtisch D-Code 560 mm EB v.unten, mit ÜL, ohne HLB, weiß","Duravit D-Code Einbauwaschtisch, Ausführung Waschtisch: Einbau, 560x430 mm, Weiß Hochglanz, Hahnlochbank: Nein, Überlauf: Ja, Montageart: Einbau von unten, Inkl. Befestigung für Einbau in Holzkonsolen",Keramik
03421000002,"DU Möbelwaschtisch D-Code 1050 mm Weiß mit ÜL, mit HLB, 1 HL","Duravit D-Code Waschtisch, Weiß Hochglanz, Rechteckig, Anzahl Waschplätze: 1 Mitte, Hahnlochbank: Ja, Anzahl Hahnlöcher pro Waschplatz: 1 Mitte, Überlauf: Ja, Von unten glasiert, Rückwand glasiert: Nein, 1050 mm",Keramik
03426500002,"DU Möbelwaschtisch D-Code 650 mm mit ÜL, mit HLB, 1 HL, weiß","Duravit D-Code Waschtisch, Weiß Hochglanz, Rechteckig, Anzahl Waschplätze: 1 Mitte, Hahnlochbank: Ja, Anzahl Hahnlöcher pro Waschplatz: 1 Mitte, Überlauf: Ja, Von unten glasiert, Rückwand glasiert: Nein, 650 mm",Keramik
03428500002,"DU Möbelwaschtisch D-Code 850 mm mit ÜL, mit HLB, 1 HL, weiß","Duravit D-Code Waschtisch, Weiß Hochglanz, Rechteckig, Anzahl Waschplätze: 1 Mitte, Hahnlochbank: Ja, Anzahl Hahnlöcher pro Waschplatz: 1 Mitte, Überlauf: Ja, Von unten glasiert, Rückwand glasiert: Nein, 850 mm",Keramik
03481200002,"DU Möbel-Doppelwaschtisch D-Code 1200 mm mit ÜL, mit HLB, 1 HL pro Becken, weiß","Duravit D-Code Doppelwaschtisch, Weiß Hochglanz, Rechteckig, Anzahl Waschplätze: 2 Mitte, Hahnlochbank: Ja, Anzahl Hahnlöcher pro Waschplatz: 1 Mitte, Überlauf: Ja, Von unten glasiert, Rückwand glasiert: Nein, 1200 mm",Keramik
0349430000,"DU Aufsatzbecken DuraStyle 430 mm o.ÜL, o.HLB, geschliffen, weiß","Duravit DuraStyle Aufsatzbecken, Weiß Hochglanz, Quadratisch, Anzahl Waschplätze: 1 Mitte, Hahnlochbank: Nein, Überlauf: Nein, Geschliffen, 430 mm",Keramik
03494300001,"DU Aufsatzbecken DuraStyle 430 mm o.ÜL, o.HLB, geschliffen, weiß WG","Duravit DuraStyle Aufsatzbecken, Weiß Hochglanz, Quadratisch, Anzahl Waschplätze: 1 Mitte, Hahnlochbank: Nein, Überlauf: Nein, Geschliffen, WonderGliss, 430 mm",Keramik
0349600000,"DU Aufsatzbecken DuraStyle 600 mm o.ÜL, o.HLB, geschliffen, weiß","Duravit DuraStyle Aufsatzbecken, Weiß Hochglanz, Quadratisch, Anzahl Waschplätze: 1 Mitte, Hahnlochbank: Nein, Überlauf: Nein, Geschliffen, Rückwand glasiert: Nein, 600 mm",Keramik
03496000001,"DU Aufsatzbecken DuraStyle 600 mm o.ÜL, o.HLB, geschliffen, weiß WG","Duravit DuraStyle Aufsatzbecken, Weiß Hochglanz, Quadratisch, Anzahl Waschplätze: 1 Mitte, Hahnlochbank: Nein, Überlauf: Nein, Geschliffen, WonderGliss, Rückwand glasiert: Nein, 600 mm",Keramik
03528500002,"DU Möbelwaschtisch D-Code Med 850 mm ohne ÜL, mit HLB, 1 HL, weiß","Duravit D-Code Waschtisch, Weiß Hochglanz, Rechteckig, Anzahl Waschplätze: 1 Mitte, Hahnlochbank: Ja, Anzahl Hahnlöcher pro Waschplatz: 1 Mitte, Überlauf: Nein, Rückwand glasiert: Nein, 850 mm",Keramik
03528500702,"DU Möbelwaschtisch D-Code Med 850 mm ohne ÜL, mit HLB, ohne HL, weiß","Duravit D-Code Waschtisch, Weiß Hochglanz, Rechteckig, Anzahl Waschplätze: 1 Mitte, Hahnlochbank: Ja, Überlauf: Nein, Rückwand glasiert: Nein, 850 mm",Keramik
0357600027,"DU Einbau-WT D-Neo, 600 mm geschl.,m.ÜL.,m.HLB,1 HL,weiß","Duravit D-Neo Einbauwaschtisch, Ausführung Waschtisch: Einbau, 600x440 mm, Weiß Hochglanz, Hahnlochbank: Ja, Anzahl Hahnlöcher pro Waschplatz: 1, Überlauf: Ja, Geschliffen, Montageart: Einbau von oben",Keramik
03576000271,"DU Einbau-WT D-Neo, 600 mm geschl.,m.ÜL,m.HLB,1HL,weiß,WGL","Duravit D-Neo Einbauwaschtisch, Ausführung Waschtisch: Einbau, 600x440 mm, Weiß Hochglanz, Hahnlochbank: Ja, Anzahl Hahnlöcher pro Waschplatz: 1, Überlauf: Ja, Geschliffen, Montageart: Einbau von oben, WonderGliss",Keramik
0358600079,"DU Einbau-WT D-Neo, 600 mm geschl., o. ÜL, o. HLB, weiß","Duravit D-Neo Einbauwaschtisch, Ausführung Waschtisch: Einbau, 600x440 mm, Weiß Hochglanz, Hahnlochbank: Nein, Überlauf: Nein, Geschliffen, Montageart: Einbau von oben",Keramik
03586000791,"DU Einbau-WT D-Neo, 600 mm geschl., o. ÜL, o. HLB, weiß, WGL","Duravit D-Neo Einbauwaschtisch, Ausführung Waschtisch: Einbau, 600x440 mm, Weiß Hochglanz, Hahnlochbank: Nein, Überlauf: Nein, Geschliffen, Montageart: Einbau von oben, WonderGliss",Keramik
0369700000,"DU ASB Design Classics+ PuraVida 700 mm o.ÜL, o.HLB, Becken tief, weiß","Duravit Design Classics Aufsatzbecken, Weiß Hochglanz, Rechteckig, Anzahl Waschplätze: 1 Mitte, Hahnlochbank: Nein, Überlauf: Nein, Geschliffen, Inkl. Keramische Ventilabdeckhaube, Inkl. Schaftventil, 700 mm",Keramik
03697000001,"DU ASB Design Classics+ PuraVida 700 mm o.ÜL, o.HLB, Becken tief, weiß WG","Duravit Design Classics Aufsatzbecken, Weiß Hochglanz, Rechteckig, Anzahl Waschplätze: 1 Mitte, Hahnlochbank: Nein, Überlauf: Nein, Geschliffen, WonderGliss, Inkl. Keramische Ventilabdeckhaube, Inkl. Schaftventil, 700 mm",Keramik
0370700000,"DU ASB Design Classics PuraVida 700 mm o.ÜL, o.HLB, geschliffen, weiß","Duravit Design Classics Aufsatzbecken, Weiß Hochglanz, Rechteckig, Anzahl Waschplätze: 1 Mitte, Hahnlochbank: Nein, Überlauf: Nein, Geschliffen, Inkl. Keramische Ventilabdeckhaube, Inkl. Schaftventil, 695 mm",Keramik
03707000001,"DU ASB Design Classics PuraVida 700 mm o.ÜL, o.HLB, geschliffen, weiß WG","Duravit Design Classics Aufsatzbecken, Weiß Hochglanz, Rechteckig, Anzahl Waschplätze: 1 Mitte, Hahnlochbank: Nein, Überlauf: Nein, Geschliffen, WonderGliss, Inkl. Keramische Ventilabdeckhaube, Inkl. Schaftventil, 695 mm",Keramik
0372430000,"DU Einbauwaschtisch DuraStyle 430 mm EB v.oben, o.ÜL, o.HLB, weiß","Duravit DuraStyle Einbauwaschtisch, Ausführung Waschtisch: Einbau, 430x430 mm, Weiß Hochglanz, Hahnlochbank: Nein, Überlauf: Nein, Montageart: Einbau von oben",Keramik
03724300001,"DU Einbauwaschtisch DuraStyle 430 mm EB v.oben, o.ÜL, o.HLB, weiß WG","Duravit DuraStyle Einbauwaschtisch, Ausführung Waschtisch: Einbau, 430x430 mm, Weiß Hochglanz, Hahnlochbank: Nein, Überlauf: Nein, Montageart: Einbau von oben, WonderGliss",Keramik
0372600000,"DU Einbauwaschtisch DuraStyle 600 mm EB v.oben, o.ÜL, o.HLB, weiß","Duravit DuraStyle Einbauwaschtisch, Ausführung Waschtisch: Einbau, 600x430 mm, Weiß Hochglanz, Hahnlochbank: Nein, Überlauf: Nein, Montageart: Einbau von oben",Keramik
03726000001,"DU Einbauwaschtisch DuraStyle 600 mm EB v.oben, o.ÜL, o.HLB, weiß WG","Duravit DuraStyle Einbauwaschtisch, Ausführung Waschtisch: Einbau, 600x430 mm, Weiß Hochglanz, Hahnlochbank: Nein, Überlauf: Nein, Montageart: Einbau von oben, WonderGliss",Keramik
0373370000,"DU Einbauwaschtisch DuraStyle 370 mm EB v.unten, m.ÜL, o.HLB, weiß","Duravit DuraStyle Einbauwaschtisch, Ausführung Waschtisch: Einbau, 400x400 mm, Weiß Hochglanz, Hahnlochbank: Nein, Überlauf: Ja, Montageart: Einbau von unten, Inkl. Befestigung für Einbau in Holzkonsolen",Keramik
03733700001,"DU Einbauwaschtisch DuraStyle 370 mm EB v.unten, m.ÜL, o.HLB, weiß WG","Duravit DuraStyle Einbauwaschtisch, Ausführung Waschtisch: Einbau, 400x400 mm, Weiß Hochglanz, Hahnlochbank: Nein, Überlauf: Ja, Montageart: Einbau von unten, WonderGliss, Inkl. Befestigung für Einbau in Holzkonsolen",Keramik
0374560000,"DU Einbauwaschtisch DuraStyle 560 mm EB v.oben, m.ÜL, m.HLB, 1 HL, weiß","Duravit DuraStyle Einbauwaschtisch, Ausführung Waschtisch: Einbau, 560x455 mm, Weiß Hochglanz, Hahnlochbank: Ja, Anzahl Hahnlöcher pro Waschplatz: 1, Überlauf: Ja, Montageart: Einbau von oben",Keramik
03745600001,"DU Einbauwaschtisch DuraStyle 560 mm EB v.oben, m.ÜL, m.HLB, 1 HL, weiß WG","Duravit DuraStyle Einbauwaschtisch, Ausführung Waschtisch: Einbau, 560x455 mm, Weiß Hochglanz, Hahnlochbank: Ja, Anzahl Hahnlöcher pro Waschplatz: 1, Überlauf: Ja, Montageart: Einbau von oben, WonderGliss",Keramik
0374620000,"DU Einbauwaschtisch DuraStyle 615 mm EB v.oben, m.ÜL, m.HLB, 1 HL, weiß","Duravit DuraStyle Einbauwaschtisch, Ausführung Waschtisch: Einbau, 615x495 mm, Weiß Hochglanz, Hahnlochbank: Ja, Anzahl Hahnlöcher pro Waschplatz: 1, Überlauf: Ja, Montageart: Einbau von oben",Keramik
03746200001,"DU Einbauwaschtisch DuraStyle 615 mm EB v.oben, m.ÜL, m.HLB, 1 HL, weiß WG","Duravit DuraStyle Einbauwaschtisch, Ausführung Waschtisch: Einbau, 615x495 mm, Weiß Hochglanz, Hahnlochbank: Ja, Anzahl Hahnlöcher pro Waschplatz: 1, Überlauf: Ja, Montageart: Einbau von oben, WonderGliss",Keramik
0375550000,"DU Halbeinbauwaschtisch DuraStyle 550 mm mit ÜL, mit HLB, 1 HL, weiß","Duravit DuraStyle Halbeinbauwaschtisch, Ausführung Waschtisch: Einbau, 550x455 mm, Weiß Hochglanz, Hahnlochbank: Ja, Anzahl Hahnlöcher pro Waschplatz: 1, Überlauf: Ja, Montageart: Einbau von oben, Inkl. Befestigung für Einbau in Holzkonsolen, Von unten glasiert",Keramik
03755500001,"DU Halbeinbauwaschtisch DuraStyle 550 mm mit ÜL, mit HLB, 1 HL, weiß WonderGliss","Duravit DuraStyle Halbeinbauwaschtisch, Ausführung Waschtisch: Einbau, 550x455 mm, Weiß Hochglanz, Hahnlochbank: Ja, Anzahl Hahnlöcher pro Waschplatz: 1, Überlauf: Ja, Montageart: Einbau von oben, WonderGliss, Inkl. Befestigung für Einbau in Holzkonsolen, Von unten glasiert",Keramik
0378550000,"DU Halbeinbau-WT ME by Starck 550 mm mit ÜL, mit HLB, 1 HL, weiß","Duravit ME by Starck Halbeinbauwaschtisch, Ausführung Waschtisch: Einbau, 550x455 mm, Weiß Hochglanz, Hahnlochbank: Ja, Anzahl Hahnlöcher pro Waschplatz: 1, Überlauf: Ja, Montageart: Einbau von oben, Inkl. Befestigung für Einbau in Holzkonsolen, Von unten glasiert",Keramik
03785500001,"DU Halbeinbau-WT ME by Starck 550 mm mit ÜL, mit HLB, 1 HL, weiß WonderGliss","Duravit ME by Starck Halbeinbauwaschtisch, Ausführung Waschtisch: Einbau, 550x455 mm, Weiß Hochglanz, Hahnlochbank: Ja, Anzahl Hahnlöcher pro Waschplatz: 1, Überlauf: Ja, Montageart: Einbau von oben, WonderGliss, Inkl. Befestigung für Einbau in Holzkonsolen, Von unten glasiert",Keramik
0378553200,"DU Halbeinbau-WT ME by Starck 550 mm mit ÜL, mit HLB, 1 HL, weiß seidenmatt","Duravit ME by Starck Halbeinbauwaschtisch, Ausführung Waschtisch: Einbau, 550x455 mm, Weiß Seidenmatt, Hahnlochbank: Ja, Anzahl Hahnlöcher pro Waschplatz: 1, Überlauf: Ja, Montageart: Einbau von oben, Inkl. Befestigung für Einbau in Holzkonsolen, Von unten glasiert",Keramik
03785532001,"DU Halbeinbau-WT ME by Starck 550 mm m.ÜL, m.HLB, 1 HL, weiß seidenmatt, WG","Duravit ME by Starck Halbeinbauwaschtisch, Ausführung Waschtisch: Einbau, 550x455 mm, Weiß Seidenmatt, Hahnlochbank: Ja, Anzahl Hahnlöcher pro Waschplatz: 1, Überlauf: Ja, Montageart: Einbau von oben, WonderGliss, Inkl. Befestigung für Einbau in Holzkonsolen, Von unten glasiert",Keramik
0379500000,"DU Aufsatzbecken Luv 500x350mm geschliffen, o.ÜL, o.HLB, weiß","Duravit Luv Aufsatzbecken, Weiß Hochglanz, DuraCeram®, Oval, Anzahl Waschplätze: 1 Mitte, Hahnlochbank: Nein, Überlauf: Nein, Geschliffen, Inkl. Keramische Ventilabdeckhaube, Inkl. Schaftventil, 500 mm",Keramik
03795000001,"DU Aufsatzbecken Luv 500x350mm geschliffen, o.ÜL, o.HLB, weiß, WGL","Duravit Luv Aufsatzbecken, Weiß Hochglanz, DuraCeram®, Oval, Anzahl Waschplätze: 1 Mitte, Hahnlochbank: Nein, Überlauf: Nein, Geschliffen, WonderGliss, Inkl. Keramische Ventilabdeckhaube, Inkl. Schaftventil, 500 mm",Keramik
0379502300,"DU Aufsatzbecken Luv 500x350mm geschl.,o.ÜL,o.HLB,weiß/grau sdm.","Duravit Luv Aufsatzbecken, Innenfarbe Weiß Hochglanz, Aussenfarbe Grau Seidenmatt, DuraCeram®, Oval, Anzahl Waschplätze: 1 Mitte, Hahnlochbank: Nein, Überlauf: Nein, Geschliffen, Inkl. Keramische Ventilabdeckhaube, Inkl. Schaftventil, 500 mm",Keramik
03795023001,"DU Aufsatzbecken Luv 500x350mm geschl.,o.ÜL,o.HLB,weiß/grau sdm.,WGL","Duravit Luv Aufsatzbecken, Innenfarbe Weiß Hochglanz, Aussenfarbe Grau Seidenmatt, DuraCeram®, Oval, Anzahl Waschplätze: 1 Mitte, Hahnlochbank: Nein, Überlauf: Nein, Geschliffen, WonderGliss, Inkl. Keramische Ventilabdeckhaube, Inkl. Schaftventil, 500 mm",Keramik
0379502600,"DU Aufsatzbecken Luv 500x350mm geschl.,o.ÜL,o.HLB,weiß/weiß sdm.","Duravit Luv Aufsatzbecken, Innenfarbe Weiß Hochglanz, Aussenfarbe Weiß Seidenmatt, DuraCeram®, Oval, Anzahl Waschplätze: 1 Mitte, Hahnlochbank: Nein, Überlauf: Nein, Geschliffen, Inkl. Keramische Ventilabdeckhaube, Inkl. Schaftventil, 500 mm",Keramik
03795026001,"DU Aufsatzbecken Luv 500x350mm geschl.,o.ÜL,o.HLB,weiß/weiß sdm.,WGL","Duravit Luv Aufsatzbecken, Innenfarbe Weiß Hochglanz, Aussenfarbe Weiß Seidenmatt, DuraCeram®, Oval, Anzahl Waschplätze: 1 Mitte, Hahnlochbank: Nein, Überlauf: Nein, Geschliffen, WonderGliss, Inkl. Keramische Ventilabdeckhaube, Inkl. Schaftventil, 500 mm",Keramik
0379600000,"DU Aufsatzbecken Luv 600mm o.ÜL, o.HLB, weiß","Duravit Luv Aufsatzbecken, Weiß Hochglanz, DuraCeram®, Oval, Anzahl Waschplätze: 1 Mitte, Hahnlochbank: Nein, Überlauf: Nein, Geschliffen, Inkl. Keramische Ventilabdeckhaube, Inkl. Schaftventil, 600 mm",Keramik
03796000001,"DU Aufsatzbecken Luv 600mm o.ÜL, o.HLB, weiß, WonderGliss","Duravit Luv Aufsatzbecken, Weiß Hochglanz, DuraCeram®, Oval, Anzahl Waschplätze: 1 Mitte, Hahnlochbank: Nein, Überlauf: Nein, Geschliffen, WonderGliss, Inkl. Keramische Ventilabdeckhaube, Inkl. Schaftventil, 600 mm",Keramik
0379602300,"DU Aufsatzbecken Luv 600mm o.ÜL, o.HLB, grau seidenmatt","Duravit Luv Aufsatzbecken, Innenfarbe Weiß Hochglanz, Aussenfarbe Grau Seidenmatt, DuraCeram®, Oval, Anzahl Waschplätze: 1 Mitte, Hahnlochbank: Nein, Überlauf: Nein, Geschliffen, Inkl. Keramische Ventilabdeckhaube, Inkl. Schaftventil, 600 mm",Keramik
03796023001,"DU Aufsatzbecken Luv 600mm o.ÜL, o.HLB, grau seidenmatt, WG","Duravit Luv Aufsatzbecken, Innenfarbe Weiß Hochglanz, Aussenfarbe Grau Seidenmatt, DuraCeram®, Oval, Anzahl Waschplätze: 1 Mitte, Hahnlochbank: Nein, Überlauf: Nein, Geschliffen, WonderGliss, Inkl. Keramische Ventilabdeckhaube, Inkl. Schaftventil, 600 mm",Keramik
0379602600,"DU Aufsatzbecken Luv 600mm o.ÜL, o.HLB, weiß seidenmatt","Duravit Luv Aufsatzbecken, Innenfarbe Weiß Hochglanz, Aussenfarbe Weiß Seidenmatt, DuraCeram®, Oval, Anzahl Waschplätze: 1 Mitte, Hahnlochbank: Nein, Überlauf: Nein, Geschliffen, Inkl. Keramische Ventilabdeckhaube, Inkl. Schaftventil, 600 mm",Keramik
03796026001,"DU Aufsatzbecken Luv 600mm o.ÜL, o.HLB, weiß seidenmatt, WG","Duravit Luv Aufsatzbecken, Innenfarbe Weiß Hochglanz, Aussenfarbe Weiß Seidenmatt, DuraCeram®, Oval, Anzahl Waschplätze: 1 Mitte, Hahnlochbank: Nein, Überlauf: Nein, Geschliffen, WonderGliss, Inkl. Keramische Ventilabdeckhaube, Inkl. Schaftventil, 600 mm",Keramik
0379700000,"DU Aufsatzbecken Luv 700mm geschl.,o.ÜL,o.HLB,weiß","Duravit Luv Aufsatzbecken, Weiß Hochglanz, DuraCeram®, Oval, Anzahl Waschplätze: 1 Mitte, Hahnlochbank: Nein, Überlauf: Nein, Geschliffen, Inkl. Keramische Ventilabdeckhaube, Inkl. Schaftventil, 700 mm",Keramik
03797000001,"DU Aufsatzbecken Luv 700mm geschl.,o.ÜL,o.HLB,weiß,WGL","Duravit Luv Aufsatzbecken, Weiß Hochglanz, DuraCeram®, Oval, Anzahl Waschplätze: 1 Mitte, Hahnlochbank: Nein, Überlauf: Nein, Geschliffen, WonderGliss, Inkl. Keramische Ventilabdeckhaube, Inkl. Schaftventil, 700 mm",Keramik
0379702300,"DU Aufsatzbecken Luv 700mm geschl.,o.ÜL,o.HLB,weiß/grau sdm.","Duravit Luv Aufsatzbecken, Innenfarbe Weiß Hochglanz, Aussenfarbe Grau Seidenmatt, DuraCeram®, Oval, Anzahl Waschplätze: 1 Mitte, Hahnlochbank: Nein, Überlauf: Nein, Geschliffen, Inkl. Keramische Ventilabdeckhaube, Inkl. Schaftventil, 700 mm",Keramik
03797023001,"DU Aufsatzbecken Luv 700mm geschl.,o.ÜL,o.HLB,weiß/grau sdm.,WGL","Duravit Luv Aufsatzbecken, Innenfarbe Weiß Hochglanz, Aussenfarbe Grau Seidenmatt, DuraCeram®, Oval, Anzahl Waschplätze: 1 Mitte, Hahnlochbank: Nein, Überlauf: Nein, Geschliffen, WonderGliss, Inkl. Keramische Ventilabdeckhaube, Inkl. Schaftventil, 700 mm",Keramik
0379702600,"DU Aufsatzbecken Luv 700mm geschl.,o.ÜL,o.HLB,weiß/weiß sdm.","Duravit Luv Aufsatzbecken, Innenfarbe Weiß Hochglanz, Aussenfarbe Weiß Seidenmatt, DuraCeram®, Oval, Anzahl Waschplätze: 1 Mitte, Hahnlochbank: Nein, Überlauf: Nein, Geschliffen, Inkl. Keramische Ventilabdeckhaube, Inkl. Schaftventil, 700 mm",Keramik
03797026001,"DU Aufsatzbecken Luv 700mm geschl.,o.ÜL,o.HLB,weiß/weiß sdm.,WGL","Duravit Luv Aufsatzbecken, Innenfarbe Weiß Hochglanz, Aussenfarbe Weiß Seidenmatt, DuraCeram®, Oval, Anzahl Waschplätze: 1 Mitte, Hahnlochbank: Nein, Überlauf: Nein, Geschliffen, WonderGliss, Inkl. Keramische Ventilabdeckhaube, Inkl. Schaftventil, 700 mm",Keramik
0379800000,"DU Aufsatzbecken Luv 800mm o.ÜL, o.HLB, weiß","Duravit Luv Aufsatzbecken, Weiß Hochglanz, DuraCeram®, Oval, Anzahl Waschplätze: 1 Mitte, Hahnlochbank: Nein, Überlauf: Nein, Geschliffen, Inkl. Keramische Ventilabdeckhaube, Inkl. Schaftventil, 800 mm",Keramik
03798000001,"DU Aufsatzbecken Luv 800mm o.ÜL, o.HLB, weiß, WonderGliss","Duravit Luv Aufsatzbecken, Weiß Hochglanz, DuraCeram®, Oval, Anzahl Waschplätze: 1 Mitte, Hahnlochbank: Nein, Überlauf: Nein, Geschliffen, WonderGliss, Inkl. Keramische Ventilabdeckhaube, Inkl. Schaftventil, 800 mm",Keramik
0379802300,"DU Aufsatzbecken Luv 800mm o.ÜL, o.HLB, grau seidenmatt","Duravit Luv Aufsatzbecken, Innenfarbe Weiß Hochglanz, Aussenfarbe Grau Seidenmatt, DuraCeram®, Oval, Anzahl Waschplätze: 1 Mitte, Hahnlochbank: Nein, Überlauf: Nein, Geschliffen, Inkl. Keramische Ventilabdeckhaube, Inkl. Schaftventil, 800 mm",Keramik
03798023001,"DU Aufsatzbecken Luv 800mm o.ÜL, o.HLB, grau seidenmatt, WG","Duravit Luv Aufsatzbecken, Innenfarbe Weiß Hochglanz, Aussenfarbe Grau Seidenmatt, DuraCeram®, Oval, Anzahl Waschplätze: 1 Mitte, Hahnlochbank: Nein, Überlauf: Nein, Geschliffen, WonderGliss, Inkl. Keramische Ventilabdeckhaube, Inkl. Schaftventil, 800 mm",Keramik
0379802600,"DU Aufsatzbecken Luv 800mm o.ÜL, o.HLB, weiß seidenmatt","Duravit Luv Aufsatzbecken, Innenfarbe Weiß Hochglanz, Aussenfarbe Weiß Seidenmatt, DuraCeram®, Oval, Anzahl Waschplätze: 1 Mitte, Hahnlochbank: Nein, Überlauf: Nein, Geschliffen, Inkl. Keramische Ventilabdeckhaube, Inkl. Schaftventil, 800 mm",Keramik
03798026001,"DU Aufsatzbecken Luv 800mm o.ÜL, o.HLB, weiß seidenmatt, WG","Duravit Luv Aufsatzbecken, Innenfarbe Weiß Hochglanz, Aussenfarbe Weiß Seidenmatt, DuraCeram®, Oval, Anzahl Waschplätze: 1 Mitte, Hahnlochbank: Nein, Überlauf: Nein, Geschliffen, WonderGliss, Inkl. Keramische Ventilabdeckhaube, Inkl. Schaftventil, 800 mm",Keramik
0380500000,"DU Aufsatzbecken Luv 500mm, geschliffen o.ÜL,m.HLB,1HL,weiß","Duravit Luv Aufsatzbecken, Weiß Hochglanz, DuraCeram®, Oval, Anzahl Waschplätze: 1 Mitte, Hahnlochbank: Ja, Anzahl Hahnlöcher pro Waschplatz: 1 Mitte, Überlauf: Nein, Geschliffen, Inkl. Keramische Ventilabdeckhaube, Inkl. Schaftventil, 500 mm",Keramik
03805000001,"DU Aufsatzbecken Luv 500mm, geschliffen o.ÜL,m.HLB,1HL,weiß,WGL","Duravit Luv Aufsatzbecken, Weiß Hochglanz, DuraCeram®, Oval, Anzahl Waschplätze: 1 Mitte, Hahnlochbank: Ja, Anzahl Hahnlöcher pro Waschplatz: 1 Mitte, Überlauf: Nein, Geschliffen, WonderGliss, Inkl. Keramische Ventilabdeckhaube, Inkl. Schaftventil, 500 mm",Keramik
0380502300,"DU Aufsatzbecken Luv 500mm, geschliffen o.ÜL,m.HLB,1HL,weiß/grau sdm.","Duravit Luv Aufsatzbecken, Innenfarbe Weiß Hochglanz, Aussenfarbe Grau Seidenmatt, DuraCeram®, Oval, Anzahl Waschplätze: 1 Mitte, Hahnlochbank: Ja, Anzahl Hahnlöcher pro Waschplatz: 1 Mitte, Überlauf: Nein, Geschliffen, Inkl. Keramische Ventilabdeckhaube, Inkl. Schaftventil, 500 mm",Keramik
03805023001,"DU Aufsatzbecken Luv 500mm, geschliffen o.ÜL,m.HLB,1HL,weiß/grau sdm.,WGL","Duravit Luv Aufsatzbecken, Innenfarbe Weiß Hochglanz, Aussenfarbe Grau Seidenmatt, DuraCeram®, Oval, Anzahl Waschplätze: 1 Mitte, Hahnlochbank: Ja, Anzahl Hahnlöcher pro Waschplatz: 1 Mitte, Überlauf: Nein, Geschliffen, WonderGliss, Inkl. Keramische Ventilabdeckhaube, Inkl. Schaftventil, 500 mm",Keramik
0380502600,"DU Aufsatzbecken Luv 500mm, geschliffen o.ÜL,m.HLB,1HL,weiß/weiß sdm.","Duravit Luv Aufsatzbecken, Innenfarbe Weiß Hochglanz, Aussenfarbe Weiß Seidenmatt, DuraCeram®, Oval, Anzahl Waschplätze: 1 Mitte, Hahnlochbank: Ja, Anzahl Hahnlöcher pro Waschplatz: 1 Mitte, Überlauf: Nein, Geschliffen, Inkl. Keramische Ventilabdeckhaube, Inkl. Schaftventil, 500 mm",Keramik
03805026001,"DU Aufsatzbecken Luv 500mm, geschliffen o.ÜL,m.HLB,1HL,weiß/weiß sdm.,WGL","Duravit Luv Aufsatzbecken, Innenfarbe Weiß Hochglanz, Aussenfarbe Weiß Seidenmatt, DuraCeram®, Oval, Anzahl Waschplätze: 1 Mitte, Hahnlochbank: Ja, Anzahl Hahnlöcher pro Waschplatz: 1 Mitte, Überlauf: Nein, Geschliffen, WonderGliss, Inkl. Keramische Ventilabdeckhaube, Inkl. Schaftventil, 500 mm",Keramik
0380600000,"DU Aufsatzbecken Luv 600mm o.ÜL, m.HLB, 1 HL, weiß","Duravit Luv Aufsatzbecken, Weiß Hochglanz, DuraCeram®, Oval, Anzahl Waschplätze: 1 Mitte, Hahnlochbank: Ja, Anzahl Hahnlöcher pro Waschplatz: 1 Mitte, Überlauf: Nein, Geschliffen, Inkl. Keramische Ventilabdeckhaube, Inkl. Schaftventil, 600 mm",Keramik
03806000001,"DU Aufsatzbecken Luv 600mm o.ÜL, m.HLB, 1 HL, weiß, WonderGliss","Duravit Luv Aufsatzbecken, Weiß Hochglanz, DuraCeram®, Oval, Anzahl Waschplätze: 1 Mitte, Hahnlochbank: Ja, Anzahl Hahnlöcher pro Waschplatz: 1 Mitte, Überlauf: Nein, Geschliffen, WonderGliss, Inkl. Keramische Ventilabdeckhaube, Inkl. Schaftventil, 600 mm",Keramik
0380602300,"DU Aufsatzbecken Luv 600mm o.ÜL, m.HLB, 1 HL, grau seidenmatt","Duravit Luv Aufsatzbecken, Innenfarbe Weiß Hochglanz, Aussenfarbe Grau Seidenmatt, DuraCeram®, Oval, Anzahl Waschplätze: 1 Mitte, Hahnlochbank: Ja, Anzahl Hahnlöcher pro Waschplatz: 1 Mitte, Überlauf: Nein, Geschliffen, Inkl. Keramische Ventilabdeckhaube, Inkl. Schaftventil, 600 mm",Keramik
03806023001,"DU Aufsatzbecken Luv 600mm o.ÜL, m.HLB, 1 HL, grau seidenmatt, WG","Duravit Luv Aufsatzbecken, Innenfarbe Weiß Hochglanz, Aussenfarbe Grau Seidenmatt, DuraCeram®, Oval, Anzahl Waschplätze: 1 Mitte, Hahnlochbank: Ja, Anzahl Hahnlöcher pro Waschplatz: 1 Mitte, Überlauf: Nein, Geschliffen, WonderGliss, Inkl. Keramische Ventilabdeckhaube, Inkl. Schaftventil, 600 mm",Keramik
0380602600,"DU Aufsatzbecken Luv 600mm o.ÜL, m.HLB, 1 HL, weiß seidenmatt","Duravit Luv Aufsatzbecken, Innenfarbe Weiß Hochglanz, Aussenfarbe Weiß Seidenmatt, DuraCeram®, Oval, Anzahl Waschplätze: 1 Mitte, Hahnlochbank: Ja, Anzahl Hahnlöcher pro Waschplatz: 1 Mitte, Überlauf: Nein, Geschliffen, Inkl. Keramische Ventilabdeckhaube, Inkl. Schaftventil, 600 mm",Keramik
03806026001,"DU Aufsatzbecken Luv 600mm o.ÜL, m.HLB, 1 HL, weiß seidenmatt, WG","Duravit Luv Aufsatzbecken, Innenfarbe Weiß Hochglanz, Aussenfarbe Weiß Seidenmatt, DuraCeram®, Oval, Anzahl Waschplätze: 1 Mitte, Hahnlochbank: Ja, Anzahl Hahnlöcher pro Waschplatz: 1 Mitte, Überlauf: Nein, Geschliffen, WonderGliss, Inkl. Keramische Ventilabdeckhaube, Inkl. Schaftventil, 600 mm",Keramik
0380700000,"DU Aufsatzbecken Luv 700mm, geschliffen o.ÜL,m.HLB,1HL,weiß","Duravit Luv Aufsatzbecken, Weiß Hochglanz, DuraCeram®, Oval, Anzahl Waschplätze: 1 Mitte, Hahnlochbank: Ja, Anzahl Hahnlöcher pro Waschplatz: 1 Mitte, Überlauf: Nein, Geschliffen, Inkl. Keramische Ventilabdeckhaube, Inkl. Schaftventil, 700 mm",Keramik
03807000001,"DU Aufsatzbecken Luv 700mm, geschliffen o.ÜL,m.HLB,1HL,weiß,WGL","Duravit Luv Aufsatzbecken, Weiß Hochglanz, DuraCeram®, Oval, Anzahl Waschplätze: 1 Mitte, Hahnlochbank: Ja, Anzahl Hahnlöcher pro Waschplatz: 1 Mitte, Überlauf: Nein, Geschliffen, WonderGliss, Inkl. Keramische Ventilabdeckhaube, Inkl. Schaftventil, 700 mm",Keramik
0380702300,"DU Aufsatzbecken Luv 700mm, geschliffen o.ÜL,m.HLB,1HL,weiß/grau sdm.","Duravit Luv Aufsatzbecken, Innenfarbe Weiß Hochglanz, Aussenfarbe Grau Seidenmatt, DuraCeram®, Oval, Anzahl Waschplätze: 1 Mitte, Hahnlochbank: Ja, Anzahl Hahnlöcher pro Waschplatz: 1 Mitte, Überlauf: Nein, Geschliffen, Inkl. Keramische Ventilabdeckhaube, Inkl. Schaftventil, 700 mm",Keramik
03807023001,"DU Aufsatzbecken Luv 700mm, geschliffen o.ÜL,m.HLB,1HL,weiß/grau sdm.,WGL","Duravit Luv Aufsatzbecken, Innenfarbe Weiß Hochglanz, Aussenfarbe Grau Seidenmatt, DuraCeram®, Oval, Anzahl Waschplätze: 1 Mitte, Hahnlochbank: Ja, Anzahl Hahnlöcher pro Waschplatz: 1 Mitte, Überlauf: Nein, Geschliffen, WonderGliss, Inkl. Keramische Ventilabdeckhaube, Inkl. Schaftventil, 700 mm",Keramik
0380702600,"DU Aufsatzbecken Luv 700mm, geschliffen o.ÜL,m.HLB,1HL,weiß/weiß sdm.","Duravit Luv Aufsatzbecken, Innenfarbe Weiß Hochglanz, Aussenfarbe Weiß Seidenmatt, DuraCeram®, Oval, Anzahl Waschplätze: 1 Mitte, Hahnlochbank: Ja, Anzahl Hahnlöcher pro Waschplatz: 1 Mitte, Überlauf: Nein, Geschliffen, Inkl. Keramische Ventilabdeckhaube, Inkl. Schaftventil, 700 mm",Keramik
03807026001,"DU Aufsatzbecken Luv 700mm, geschliffen o.ÜL,m.HLB,1HL,weiß/weiß sdm.,WGL","Duravit Luv Aufsatzbecken, Innenfarbe Weiß Hochglanz, Aussenfarbe Weiß Seidenmatt, DuraCeram®, Oval, Anzahl Waschplätze: 1 Mitte, Hahnlochbank: Ja, Anzahl Hahnlöcher pro Waschplatz: 1 Mitte, Überlauf: Nein, Geschliffen, WonderGliss, Inkl. Keramische Ventilabdeckhaube, Inkl. Schaftventil, 700 mm",Keramik
0380800000,"DU Aufsatzbecken Luv 800mm o.ÜL, m.HLB, 1 HL, weiß","Duravit Luv Aufsatzbecken, Weiß Hochglanz, DuraCeram®, Oval, Anzahl Waschplätze: 1 Mitte, Hahnlochbank: Ja, Anzahl Hahnlöcher pro Waschplatz: 1 Mitte, Überlauf: Nein, Geschliffen, Inkl. Keramische Ventilabdeckhaube, Inkl. Schaftventil, 800 mm",Keramik
03808000001,"DU Aufsatzbecken Luv 800mm o.ÜL, m.HLB, 1 HL, weiß, WonderGliss","Duravit Luv Aufsatzbecken, Weiß Hochglanz, DuraCeram®, Oval, Anzahl Waschplätze: 1 Mitte, Hahnlochbank: Ja, Anzahl Hahnlöcher pro Waschplatz: 1 Mitte, Überlauf: Nein, Geschliffen, WonderGliss, Inkl. Keramische Ventilabdeckhaube, Inkl. Schaftventil, 800 mm",Keramik
0380802300,"DU Aufsatzbecken Luv 800mm o.ÜL, m.HLB, 1 HL, grau seidenmatt","Duravit Luv Aufsatzbecken, Innenfarbe Weiß Hochglanz, Aussenfarbe Grau Seidenmatt, DuraCeram®, Oval, Anzahl Waschplätze: 1 Mitte, Hahnlochbank: Ja, Anzahl Hahnlöcher pro Waschplatz: 1 Mitte, Überlauf: Nein, Geschliffen, Inkl. Keramische Ventilabdeckhaube, Inkl. Schaftventil, 800 mm",Keramik
03808023001,"DU Aufsatzbecken Luv 800mm o.ÜL, m.HLB, 1 HL, grau seidenmatt, WG","Duravit Luv Aufsatzbecken, Innenfarbe Weiß Hochglanz, Aussenfarbe Grau Seidenmatt, DuraCeram®, Oval, Anzahl Waschplätze: 1 Mitte, Hahnlochbank: Ja, Anzahl Hahnlöcher pro Waschplatz: 1 Mitte, Überlauf: Nein, Geschliffen, WonderGliss, Inkl. Keramische Ventilabdeckhaube, Inkl. Schaftventil, 800 mm",Keramik
0380802600,"DU Aufsatzbecken Luv 800mm o.ÜL, m.HLB, 1 HL, weiß seidenmatt","Duravit Luv Aufsatzbecken, Innenfarbe Weiß Hochglanz, Aussenfarbe Weiß Seidenmatt, DuraCeram®, Oval, Anzahl Waschplätze: 1 Mitte, Hahnlochbank: Ja, Anzahl Hahnlöcher pro Waschplatz: 1 Mitte, Überlauf: Nein, Geschliffen, Inkl. Keramische Ventilabdeckhaube, Inkl. Schaftventil, 800 mm",Keramik
03808026001,"DU Aufsatzbecken Luv 800mm o.ÜL, m.HLB, 1 HL, weiß seidenmatt, WG","Duravit Luv Aufsatzbecken, Innenfarbe Weiß Hochglanz, Aussenfarbe Weiß Seidenmatt, DuraCeram®, Oval, Anzahl Waschplätze: 1 Mitte, Hahnlochbank: Ja, Anzahl Hahnlöcher pro Waschplatz: 1 Mitte, Überlauf: Nein, Geschliffen, WonderGliss, Inkl. Keramische Ventilabdeckhaube, Inkl. Schaftventil, 800 mm",Keramik
0381420000,"DU Aufsatzbecken Luv 420mm o.ÜL, m.HLB seitl., 1HL, weiß","Duravit Luv Aufsatzbecken, Weiß Hochglanz, DuraCeram®, Oval, Anzahl Waschplätze: 1 Links, Hahnlochbank: Ja, Anzahl Hahnlöcher pro Waschplatz: 1 Seitlich, Überlauf: Nein, Geschliffen, Inkl. Keramische Ventilabdeckhaube, Inkl. Schaftventil, 420 mm",Keramik
03814200001,"DU Aufsatzbecken Luv 420mm o.ÜL,m.HLB seitl.,1HL,weiß,WonderGliss","Duravit Luv Aufsatzbecken, Weiß Hochglanz, DuraCeram®, Oval, Anzahl Waschplätze: 1 Links, Hahnlochbank: Ja, Anzahl Hahnlöcher pro Waschplatz: 1 Seitlich, Überlauf: Nein, Geschliffen, WonderGliss, Inkl. Keramische Ventilabdeckhaube, Inkl. Schaftventil, 420 mm",Keramik
0381422300,"DU Aufsatzbecken Luv 420mm o.ÜL, m.HLB seitl., 1HL, grau seidenmatt","Duravit Luv Aufsatzbecken, Innenfarbe Weiß Hochglanz, Aussenfarbe Grau Seidenmatt, DuraCeram®, Oval, Anzahl Waschplätze: 1 Links, Hahnlochbank: Ja, Anzahl Hahnlöcher pro Waschplatz: 1 Seitlich, Überlauf: Nein, Geschliffen, Inkl. Keramische Ventilabdeckhaube, Inkl. Schaftventil, 420 mm",Keramik
03814223001,"DU Aufsatzbecken Luv 420mm o.ÜL, m.HLB seitl., 1HL, grau seidenmatt, WG","Duravit Luv Aufsatzbecken, Innenfarbe Weiß Hochglanz, Aussenfarbe Grau Seidenmatt, DuraCeram®, Oval, Anzahl Waschplätze: 1 Links, Hahnlochbank: Ja, Anzahl Hahnlöcher pro Waschplatz: 1 Seitlich, Überlauf: Nein, Geschliffen, WonderGliss, Inkl. Keramische Ventilabdeckhaube, Inkl. Schaftventil, 420 mm",Keramik
0381422600,"DU Aufsatzbecken Luv 420mm o.ÜL, m.HLB seitl., 1HL, weiß seidenmatt","Duravit Luv Aufsatzbecken, Innenfarbe Weiß Hochglanz, Aussenfarbe Weiß Seidenmatt, DuraCeram®, Oval, Anzahl Waschplätze: 1 Links, Hahnlochbank: Ja, Anzahl Hahnlöcher pro Waschplatz: 1 Seitlich, Überlauf: Nein, Geschliffen, Inkl. Keramische Ventilabdeckhaube, Inkl. Schaftventil, 420 mm",Keramik
03814226001,"DU Aufsatzbecken Luv 420mm o.ÜL, m.HLB seitl., 1HL, weiß seidenmatt, WG","Duravit Luv Aufsatzbecken, Innenfarbe Weiß Hochglanz, Aussenfarbe Weiß Seidenmatt, DuraCeram®, Oval, Anzahl Waschplätze: 1 Links, Hahnlochbank: Ja, Anzahl Hahnlöcher pro Waschplatz: 1 Seitlich, Überlauf: Nein, Geschliffen, WonderGliss, Inkl. Keramische Ventilabdeckhaube, Inkl. Schaftventil, 420 mm",Keramik
0382550000,"DU Halbeinbau-WT Vero Air 550mm m.ÜL, m.HLB, 1HL, weiß","Duravit Vero Air Halbeinbauwaschtisch, Ausführung Waschtisch: Einbau, 550x470 mm, Weiß Hochglanz, Hahnlochbank: Ja, Anzahl Hahnlöcher pro Waschplatz: 1, Überlauf: Ja, Montageart: Einbau von oben, Inkl. Befestigung für Einbau in Holzkonsolen, Von unten glasiert",Keramik
03825500001,"DU Halbeinbau-WT Vero Air 550mm m.ÜL, m.HLB, 1HL, weiß, WG","Duravit Vero Air Halbeinbauwaschtisch, Ausführung Waschtisch: Einbau, 550x470 mm, Weiß Hochglanz, Hahnlochbank: Ja, Anzahl Hahnlöcher pro Waschplatz: 1, Überlauf: Ja, Montageart: Einbau von oben, WonderGliss, Inkl. Befestigung für Einbau in Holzkonsolen, Von unten glasiert",Keramik
0382550060,"DU Halbeinbau-WT Vero Air 550mm m.ÜL, m.HLB, o.HL, weiß","Duravit Vero Air Halbeinbauwaschtisch, Ausführung Waschtisch: Einbau, 550x470 mm, Weiß Hochglanz, Hahnlochbank: Ja, Überlauf: Ja, Montageart: Einbau von oben, Inkl. Befestigung für Einbau in Holzkonsolen, Von unten glasiert",Keramik
03825500601,"DU Halbeinbau-WT Vero Air 550mm m.ÜL, m.HLB, o.HL, weiß, WG","Duravit Vero Air Halbeinbauwaschtisch, Ausführung Waschtisch: Einbau, 550x470 mm, Weiß Hochglanz, Hahnlochbank: Ja, Überlauf: Ja, Montageart: Einbau von oben, WonderGliss, Inkl. Befestigung für Einbau in Holzkonsolen, Von unten glasiert",Keramik
0383550000,"DU Einbauwaschtisch Vero Air 550mm Einbau v.o., m. ÜL, m.HLB, 1 HL","Duravit Vero Air Einbauwaschtisch, Ausführung Waschtisch: Einbau, 550x455 mm, Weiß Hochglanz, Hahnlochbank: Ja, Anzahl Hahnlöcher pro Waschplatz: 1, Überlauf: Ja, Montageart: Einbau von oben",Keramik
03835500001,"DU Einbauwaschtisch Vero Air 550mm Einbau v.o., m. ÜL, m.HLB, 1 HL, WG","Duravit Vero Air Einbauwaschtisch, Ausführung Waschtisch: Einbau, 550x455 mm, Weiß Hochglanz, Hahnlochbank: Ja, Anzahl Hahnlöcher pro Waschplatz: 1, Überlauf: Ja, Montageart: Einbau von oben, WonderGliss",Keramik
0383550060,"DU Einbauwaschtisch Vero Air 550mm Einbau v.o., m. ÜL, m.HLB, o.HL","Duravit Vero Air Einbauwaschtisch, Ausführung Waschtisch: Einbau, 550x455 mm, Weiß Hochglanz, Hahnlochbank: Ja, Überlauf: Ja, Montageart: Einbau von oben",Keramik
03835500601,"DU Einbauwaschtisch Vero Air 550mm Einbau v.o., m. ÜL, m.HLB, o.HL, WG","Duravit Vero Air Einbauwaschtisch, Ausführung Waschtisch: Einbau, 550x455 mm, Weiß Hochglanz, Hahnlochbank: Ja, Überlauf: Ja, Montageart: Einbau von oben, WonderGliss",Keramik
0385600000,"DU Einbauwaschtisch Viu 600mm, weiß Einbau von oben, m.ÜL, m.HLB","Duravit Viu Einbauwaschtisch, Ausführung Waschtisch: Einbau, 600x450 mm, Weiß Hochglanz, Hahnlochbank: Ja, Anzahl Hahnlöcher pro Waschplatz: 1, Überlauf: Ja, Montageart: Einbau von oben, Inkl. Push-Open Ventil, Inkl. Keramische Ventilabdeckhaube",Keramik
03856000001,"DU Einbauwaschtisch Viu 600mm, weiß Einbau von oben, m.ÜL, m.HLB, WG","Duravit Viu Einbauwaschtisch, Ausführung Waschtisch: Einbau, 600x185 mm, Weiß Hochglanz, Hahnlochbank: Ja, Anzahl Hahnlöcher pro Waschplatz: 1, Überlauf: Ja, Montageart: Einbau von oben, WonderGliss, Inkl. Push-Open Ventil, Inkl. Keramische Ventilabdeckhaube",Keramik
0385600060,"DU Einbauwaschtisch Viu 600mm, weiß Einbau von oben, m.ÜL, m.HLB, o.HL","Duravit Viu Einbauwaschtisch, Ausführung Waschtisch: Einbau, 600x450 mm, Weiß Hochglanz, Hahnlochbank: Ja, Überlauf: Ja, Montageart: Einbau von oben, Inkl. Push-Open Ventil, Inkl. Keramische Ventilabdeckhaube",Keramik
03856000601,"DU Einbauwaschtisch Viu 600mm, weiß Einbau von oben, m.ÜL, m.HLB, o.HL, WG","Duravit Viu Einbauwaschtisch, Ausführung Waschtisch: Einbau, 600x185 mm, Weiß Hochglanz, Hahnlochbank: Ja, Überlauf: Ja, Montageart: Einbau von oben, WonderGliss, Inkl. Push-Open Ventil, Inkl. Keramische Ventilabdeckhaube",Keramik
0387470027,"DU Aufsatzbecken Starck 1 470 mm o.ÜL,o.HLB,1 HL,quadr.,geschl.,weiß","Duravit Starck 1 Aufsatzbecken, Weiß Hochglanz, Rechteckig, Anzahl Waschplätze: 1 Mitte, Hahnlochbank: Nein, Anzahl Hahnlöcher pro Waschplatz: 1 Mitte, Überlauf: Nein, Geschliffen, Inkl. Keramische Ventilabdeckhaube, Inkl. Schaftventil, Rückwand glasiert: Nein, 470 mm",Keramik
03874700271,"DU Aufsatzbecken Starck 1 470 mm o.ÜL,o.HLB,1 HL,quadr.,geschl.,weiß WG","Duravit Starck 1 Aufsatzbecken, Weiß Hochglanz, Rechteckig, Anzahl Waschplätze: 1 Mitte, Hahnlochbank: Nein, Anzahl Hahnlöcher pro Waschplatz: 1 Mitte, Überlauf: Nein, Geschliffen, WonderGliss, Inkl. Keramische Ventilabdeckhaube, Inkl. Schaftventil, Rückwand glasiert: Nein, 470 mm",Keramik
0387470028,"DU Aufsatzbecken Starck 1 470 mm o.ÜL,o.HLB,o.HL,quadr.,geschl.,weiß","Duravit Starck 1 Aufsatzbecken, Weiß Hochglanz, Rechteckig, Anzahl Waschplätze: 1 Mitte, Hahnlochbank: Nein, Überlauf: Nein, Geschliffen, Inkl. Keramische Ventilabdeckhaube, Inkl. Schaftventil, Rückwand glasiert: Nein, 470 mm",Keramik
03874700281,"DU Aufsatzbecken Starck 1 470 mm o.ÜL,o.HLB,o.HL,quadr.,geschl.,weiß WG","Duravit Starck 1 Aufsatzbecken, Weiß Hochglanz, Rechteckig, Anzahl Waschplätze: 1 Mitte, Hahnlochbank: Nein, Überlauf: Nein, Geschliffen, WonderGliss, Inkl. Keramische Ventilabdeckhaube, Inkl. Schaftventil, Rückwand glasiert: Nein, 470 mm",Keramik
0406580000,"DU Möbelwaschtisch Starck 1 580 mm m.ÜL,m.HLB,1 HL,f.WTU S19520,weiß","Duravit Starck 1 Einbauwaschtisch, Ausführung Waschtisch: Einbau, 580x580 mm, Weiß Hochglanz, Hahnlochbank: Ja, Anzahl Hahnlöcher pro Waschplatz: 1, Überlauf: Ja, Montageart: Einbau von oben",Keramik
04065800001,"DU Möbelwaschtisch Starck 1 580 mm m.ÜL,m.HLB,1 HL,f.WTU S19520,weiß WG","Duravit Starck 1 Einbauwaschtisch, Ausführung Waschtisch: Einbau, 580x580 mm, Weiß Hochglanz, Hahnlochbank: Ja, Anzahl Hahnlöcher pro Waschplatz: 1, Überlauf: Ja, Montageart: Einbau von oben, WonderGliss",Keramik
0408330000,"DU Aufsatzbecken Starck 1 330 mm mit ÜL, ohne HLB, weiß","Duravit Starck 1 Aufsatzbecken, Weiß Hochglanz, Rund, Anzahl Waschplätze: 1 Mitte, Hahnlochbank: Nein, Überlauf: Ja, Inkl. Überlaufclip, 330 mm",Keramik
04083300001,"DU Aufsatzbecken Starck 1 330 mm mit ÜL, ohne HLB, weiß WonderGliss","Duravit Starck 1 Aufsatzbecken, Weiß Hochglanz, Rund, Anzahl Waschplätze: 1 Mitte, Hahnlochbank: Nein, Überlauf: Ja, WonderGliss, Inkl. Überlaufclip, 330 mm",Keramik
0408530000,"DU Aufsatzbecken Starck 1 530 mm mit ÜL, ohne HLB, weiß","Duravit Starck 1 Aufsatzbecken, Weiß Hochglanz, Konisch, Anzahl Waschplätze: 1 Mitte, Hahnlochbank: Nein, Überlauf: Ja, Geschliffen, Inkl. Überlaufclip, 530 mm",Keramik
04085300001,"DU Aufsatzbecken Starck 1 530 mm mit ÜL, ohne HLB, weiß WonderGliss","Duravit Starck 1 Aufsatzbecken, Weiß Hochglanz, Konisch, Anzahl Waschplätze: 1 Mitte, Hahnlochbank: Nein, Überlauf: Ja, Geschliffen, WonderGliss, Inkl. Überlaufclip, 530 mm",Keramik
0438600000,"DU Waschtisch 1930 600 mm mit ÜL, mit HLB, 1 HL, weiß","Duravit Serie 1930 Waschtisch, Weiß Hochglanz, Oktogonal, Anzahl Waschplätze: 1 Mitte, Hahnlochbank: Ja, Anzahl Hahnlöcher pro Waschplatz: 1 Mitte, Überlauf: Ja, Von unten glasiert, Rückwand glasiert: Nein, 600 mm",Keramik
04386000001,"DU Waschtisch 1930 600 mm mit ÜL, mit HLB, 1 HL, weiß WonderGliss","Duravit Serie 1930 Waschtisch, Weiß Hochglanz, Oktogonal, Anzahl Waschplätze: 1 Mitte, Hahnlochbank: Ja, Anzahl Hahnlöcher pro Waschplatz: 1 Mitte, Überlauf: Ja, WonderGliss, Von unten glasiert, Rückwand glasiert: Nein, 600 mm",Keramik
0438700000,"DU Waschtisch 1930 700 mm mit ÜL, mit HLB, 1 HL, weiß","Duravit Serie 1930 Waschtisch, Weiß Hochglanz, Oktogonal, Anzahl Waschplätze: 1 Mitte, Hahnlochbank: Ja, Anzahl Hahnlöcher pro Waschplatz: 1 Mitte, Überlauf: Ja, Anzahl vorgestochene Hahnlöcher: 2, Von unten glasiert, Rückwand glasiert: Nein, 700 mm",Keramik
04387000001,"DU Waschtisch 1930 700 mm mit ÜL, mit HLB, 1 HL, weiß WonderGliss","Duravit Serie 1930 Waschtisch, Weiß Hochglanz, Oktogonal, Anzahl Waschplätze: 1 Mitte, Hahnlochbank: Ja, Anzahl Hahnlöcher pro Waschplatz: 1 Mitte, Überlauf: Ja, Anzahl vorgestochene Hahnlöcher: 2, WonderGliss, Von unten glasiert, Rückwand glasiert: Nein, 700 mm",Keramik
0438800000,"DU Waschtisch 1930 800 mm mit ÜL, mit HLB, 1 HL, weiß","Duravit Serie 1930 Waschtisch, Weiß Hochglanz, Oktogonal, Anzahl Waschplätze: 1 Mitte, Hahnlochbank: Ja, Anzahl Hahnlöcher pro Waschplatz: 1 Mitte, Überlauf: Ja, Anzahl vorgestochene Hahnlöcher: 2, Von unten glasiert, Rückwand glasiert: Nein, 800 mm",Keramik
04388000001,"DU Waschtisch 1930 800 mm mit ÜL, mit HLB, 1 HL, weiß WonderGliss","Duravit Serie 1930 Waschtisch, Weiß Hochglanz, Oktogonal, Anzahl Waschplätze: 1 Mitte, Hahnlochbank: Ja, Anzahl Hahnlöcher pro Waschplatz: 1 Mitte, Überlauf: Ja, Anzahl vorgestochene Hahnlöcher: 2, WonderGliss, Von unten glasiert, Rückwand glasiert: Nein, 800 mm",Keramik
0443580000,"DU Waschtisch Architec Vital Med 575 mm o.ÜL, m.HLB, HL-Vst. li./re., weiß","Duravit Architec Waschtisch, Weiß Hochglanz, Halbrund, Anzahl Waschplätze: 1 Mitte, Hahnlochbank: Ja, Überlauf: Nein, Position Seifenspender: Rechts, Anzahl vorgestochene Hahnlöcher: 1, Barrierefreie Ausführung, Von unten glasiert, Rückwand glasiert: Nein, 575 mm",Keramik
0443580008,"DU Waschtisch Architec Vital Med 575 mm o.ÜL, m.HLB, HL rechts, weiß","Duravit Architec Waschtisch, Weiß Hochglanz, Halbrund, Anzahl Waschplätze: 1 Mitte, Hahnlochbank: Ja, Anzahl Hahnlöcher pro Waschplatz: 1 Rechts, Überlauf: Nein, Barrierefreie Ausführung, Von unten glasiert, Rückwand glasiert: Nein, 575 mm",Keramik
0443580009,"DU Waschtisch Architec Vital Med 575 mm o.ÜL, m.HLB, HL links, weiß","Duravit Architec Waschtisch, Weiß Hochglanz, Halbrund, Anzahl Waschplätze: 1 Mitte, Hahnlochbank: Ja, Anzahl Hahnlöcher pro Waschplatz: 1 Links, Überlauf: Nein, Barrierefreie Ausführung, Von unten glasiert, Rückwand glasiert: Nein, 575 mm",Keramik
0445460000,"DU Aufsatzbecken Starck 1 460 mm o.ÜL, o.HLB, geschliffen, weiß","Duravit Starck 1 Aufsatzbecken, Weiß Hochglanz, Rund, Anzahl Waschplätze: 1 Mitte, Hahnlochbank: Nein, Überlauf: Nein, Geschliffen, 460 mm",Keramik
04454600001,"DU Aufsatzbecken Starck 1 460 mm o.ÜL, o.HLB, geschliffen, weiß WG","Duravit Starck 1 Aufsatzbecken, Weiß Hochglanz, Rund, Anzahl Waschplätze: 1 Mitte, Hahnlochbank: Nein, Überlauf: Nein, Geschliffen, WonderGliss, 460 mm",Keramik
0446480000,"DU Aufsatzbecken Starck 1 480 mm m.ÜL, m.HLB, 1HL, geschliffen, weiß","Duravit Starck 1 Aufsatzbecken, Weiß Hochglanz, Rund, Anzahl Waschplätze: 1 Mitte, Hahnlochbank: Ja, Anzahl Hahnlöcher pro Waschplatz: 1 Mitte, Überlauf: Ja, Geschliffen, 480 mm",Keramik
0447530000,"DU Aufsatzbecken Starck 1 530 mm mit ÜL, ohne HLB, geschliffen, weiß","Duravit Starck 1 Aufsatzbecken, Weiß Hochglanz, Rund, Anzahl Waschplätze: 1 Mitte, Hahnlochbank: Nein, Überlauf: Ja, Geschliffen, Inkl. Überlaufclip, 530 mm",Keramik
04475300001,"DU Aufsatzbecken Starck 1 530 mm mit ÜL, ohne HLB, geschliffen, weiß WG","Duravit Starck 1 Aufsatzbecken, Weiß Hochglanz, Rund, Anzahl Waschplätze: 1 Mitte, Hahnlochbank: Nein, Überlauf: Ja, Geschliffen, WonderGliss, Inkl. Überlaufclip, 530 mm",Keramik
0448450000,"DU Eck-Waschtisch Architec 635 mm o.ÜL,m.HLB,HL li.,HL-Vst.re.,weiß","Duravit Architec Eck-Handwaschbecken, Weiß Hochglanz, Halbrund, Anzahl Waschplätze: 1 Mitte, Hahnlochbank: Ja, Anzahl Hahnlöcher pro Waschplatz: 1 Mitte, Überlauf: Nein, Position Seifenspender: Rechts, Von unten glasiert, Rückwand glasiert: Nein, 635 mm",Keramik
0449580000,"DU Waschtisch Architec 575 mm o.ÜL, m.HLB, HL-Vst. li./re., weiß","Duravit Architec Waschtisch, Weiß Hochglanz, Halbrund, Anzahl Waschplätze: 1 Mitte, Hahnlochbank: Ja, Überlauf: Nein, Position Seifenspender: Rechts, Anzahl vorgestochene Hahnlöcher: 1, Von unten glasiert, Rückwand glasiert: Nein, 575 mm",Keramik
0449580008,"DU Waschtisch Architec 575 mm o.ÜL, m.HLB, HL rechts, weiß","Duravit Architec Waschtisch, Weiß Hochglanz, Halbrund, Anzahl Waschplätze: 1 Mitte, Hahnlochbank: Ja, Anzahl Hahnlöcher pro Waschplatz: 1 Rechts, Überlauf: Nein, Von unten glasiert, Rückwand glasiert: Nein, 575 mm",Keramik
0449580009,"DU Waschtisch Architec 575 mm o.ÜL, m.HLB, HL links, weiß","Duravit Architec Waschtisch, Weiß Hochglanz, Halbrund, Anzahl Waschplätze: 1 Mitte, Hahnlochbank: Ja, Anzahl Hahnlöcher pro Waschplatz: 1 Links, Überlauf: Nein, Von unten glasiert, Rückwand glasiert: Nein, 575 mm",Keramik
0450580000,"DU Waschtisch Architec 575 mm m.ÜL, m.HLB, HL-Vst. li./re., weiß","Duravit Architec Waschtisch, Weiß Hochglanz, Halbrund, Anzahl Waschplätze: 1 Mitte, Hahnlochbank: Ja, Überlauf: Ja, Position Seifenspender: Rechts, Anzahl vorgestochene Hahnlöcher: 1, Von unten glasiert, Rückwand glasiert: Nein, 575 mm",Keramik
0452500000,"DU Aufsatzbecken Vero 500 mm m.ÜL, m.HLB, 1 HL, geschl., weiß","Duravit Vero Aufsatzbecken, Weiß Hochglanz, Rechteckig, Anzahl Waschplätze: 1 Mitte, Hahnlochbank: Ja, Anzahl Hahnlöcher pro Waschplatz: 1 Mitte, Überlauf: Ja, Geschliffen, Rückwand glasiert: Ja, 500 mm",Keramik
04525000001,"DU Aufsatzbecken Vero 500 mm m.ÜL, m.HLB, 1 HL, geschl., weiß WG","Duravit Vero Aufsatzbecken, Weiß Hochglanz, Rechteckig, Anzahl Waschplätze: 1 Mitte, Hahnlochbank: Ja, Anzahl Hahnlöcher pro Waschplatz: 1 Mitte, Überlauf: Ja, Geschliffen, WonderGliss, Rückwand glasiert: Ja, 500 mm",Keramik
0452600000,"DU Aufsatzbecken Vero 595 mm m.ÜL, m.HLB, 1 HL, geschl., weiß","Duravit Vero Aufsatzbecken, Weiß Hochglanz, Rechteckig, Anzahl Waschplätze: 1 Mitte, Hahnlochbank: Ja, Anzahl Hahnlöcher pro Waschplatz: 1 Mitte, Überlauf: Ja, Geschliffen, Rückwand glasiert: Ja, 595 mm",Keramik
04526000001,"DU Aufsatzbecken Vero 595 mm m.ÜL, m.HLB, 1 HL, geschl., weiß WG","Duravit Vero Aufsatzbecken, Weiß Hochglanz, Rechteckig, Anzahl Waschplätze: 1 Mitte, Hahnlochbank: Ja, Anzahl Hahnlöcher pro Waschplatz: 1 Mitte, Überlauf: Ja, Geschliffen, WonderGliss, Rückwand glasiert: Ja, 595 mm",Keramik
0454100000,"DU Waschtisch Vero 1000 mm m.ÜL, m.HLB, 1 HL mitte, weiß","Duravit Vero Waschtisch, Weiß Hochglanz, Rechteckig, Anzahl Waschplätze: 1 Mitte, Hahnlochbank: Ja, Anzahl Hahnlöcher pro Waschplatz: 1 Mitte, Überlauf: Ja, Von unten glasiert, Rückwand glasiert: Nein, 1000 mm",Keramik
04541000001,"DU Waschtisch Vero 1000 mm m.ÜL, m.HLB, 1 HL mitte, weiß, WG","Duravit Vero Waschtisch, Weiß Hochglanz, Rechteckig, Anzahl Waschplätze: 1 Mitte, Hahnlochbank: Ja, Anzahl Hahnlöcher pro Waschplatz: 1 Mitte, Überlauf: Ja, WonderGliss, Von unten glasiert, Rückwand glasiert: Nein, 1000 mm",Keramik
0454100024,"DU Waschtisch Vero 1000 mm m.ÜL, m.HLB, 2 HL,1 Becken, weiß","Duravit Vero Waschtisch, Weiß Hochglanz, Rechteckig, Anzahl Waschplätze: 2 Mitte, Hahnlochbank: Ja, Anzahl Hahnlöcher pro Waschplatz: 1 Links, Rechts, Überlauf: Ja, Von unten glasiert, Rückwand glasiert: Nein, 1000 mm",Keramik
04541000241,"DU Waschtisch Vero 1000 mm m.ÜL, m.HLB, 2 HL, 1 Becken, weiß, WG","Duravit Vero Waschtisch, Weiß Hochglanz, Rechteckig, Anzahl Waschplätze: 2 Mitte, Hahnlochbank: Ja, Anzahl Hahnlöcher pro Waschplatz: 1 Links, Rechts, Überlauf: Ja, WonderGliss, Von unten glasiert, Rückwand glasiert: Nein, 1000 mm",Keramik
0454100026,"DU Waschtisch Vero 1000 mm m.ÜL,m.HLB,2 HL,1 Becken,geschl.,weiß","Duravit Vero Waschtisch, Weiß Hochglanz, Rechteckig, Anzahl Waschplätze: 2 Mitte, Hahnlochbank: Ja, Anzahl Hahnlöcher pro Waschplatz: 1 Links, Rechts, Überlauf: Ja, Geschliffen, Rückwand glasiert: Nein, 1000 mm",Keramik
04541000261,"DU Waschtisch Vero 1000 mm m.ÜL,m.HLB,2 HL,1 Becken,geschl.,weiß,WG","Duravit Vero Waschtisch, Weiß Hochglanz, Rechteckig, Anzahl Waschplätze: 2 Mitte, Hahnlochbank: Ja, Anzahl Hahnlöcher pro Waschplatz: 1 Links, Rechts, Überlauf: Ja, Geschliffen, WonderGliss, Rückwand glasiert: Nein, 1000 mm",Keramik
0454100027,"DU Waschtisch Vero 1000 mm m.ÜL, m.HLB, 1 HL mitte, geschl.,weiß","Duravit Vero Waschtisch, Weiß Hochglanz, Rechteckig, Anzahl Waschplätze: 1 Mitte, Hahnlochbank: Ja, Anzahl Hahnlöcher pro Waschplatz: 1 Mitte, Überlauf: Ja, Geschliffen, Rückwand glasiert: Nein, 1000 mm",Keramik
04541000271,"DU Waschtisch Vero 1000 mm m.ÜL, m.HLB, 1 HL mitte, geschl.,weiß,WG","Duravit Vero Waschtisch, Weiß Hochglanz, Rechteckig, Anzahl Waschplätze: 1 Mitte, Hahnlochbank: Ja, Anzahl Hahnlöcher pro Waschplatz: 1 Mitte, Überlauf: Ja, Geschliffen, WonderGliss, Rückwand glasiert: Nein, 1000 mm",Keramik
0454120000,"DU Waschtisch Vero 1200 mm m.ÜL, m.HLB, 1 HL mitte, weiß","Duravit Vero Waschtisch, Weiß Hochglanz, Rechteckig, Anzahl Waschplätze: 1 Mitte, Hahnlochbank: Ja, Anzahl Hahnlöcher pro Waschplatz: 1 Mitte, Überlauf: Ja, Von unten glasiert, Rückwand glasiert: Nein, 1200 mm",Keramik
04541200001,"DU Waschtisch Vero 1200 mm m.ÜL, m.HLB, 1 HL mitte, weiß, WG","Duravit Vero Waschtisch, Weiß Hochglanz, Rechteckig, Anzahl Waschplätze: 1 Mitte, Hahnlochbank: Ja, Anzahl Hahnlöcher pro Waschplatz: 1 Mitte, Überlauf: Ja, WonderGliss, Von unten glasiert, Rückwand glasiert: Nein, 1200 mm",Keramik
0454120024,"DU Waschtisch Vero 1200 mm m.ÜL, m.HLB, 2 HL, 1 Becken, weiß","Duravit Vero Waschtisch, Weiß Hochglanz, Rechteckig, Anzahl Waschplätze: 2 Mitte, Hahnlochbank: Ja, Anzahl Hahnlöcher pro Waschplatz: 1 Links, Rechts, Überlauf: Ja, Von unten glasiert, Rückwand glasiert: Nein, 1200 mm",Keramik
04541200241,"DU Waschtisch Vero 1200 mm m.ÜL, m.HLB, 2 HL, 1 Becken, weiß, WG","Duravit Vero Waschtisch, Weiß Hochglanz, Rechteckig, Anzahl Waschplätze: 2 Mitte, Hahnlochbank: Ja, Anzahl Hahnlöcher pro Waschplatz: 1 Links, Rechts, Überlauf: Ja, WonderGliss, Von unten glasiert, Rückwand glasiert: Nein, 1200 mm",Keramik
0454120026,"DU Waschtisch Vero 1200 mm m.ÜL,m.HLB,2 HL,1 Becken,geschl.,weiß","Duravit Vero Waschtisch, Weiß Hochglanz, Rechteckig, Anzahl Waschplätze: 2 Mitte, Hahnlochbank: Ja, Anzahl Hahnlöcher pro Waschplatz: 1 Links, Rechts, Überlauf: Ja, Geschliffen, Rückwand glasiert: Nein, 1200 mm",Keramik
04541200261,"DU Waschtisch Vero 1200 mm m.ÜL,m.HLB,2 HL,1 Becken,geschl.,weiß,WG","Duravit Vero Waschtisch, Weiß Hochglanz, Rechteckig, Anzahl Waschplätze: 2 Mitte, Hahnlochbank: Ja, Anzahl Hahnlöcher pro Waschplatz: 1 Links, Rechts, Überlauf: Ja, Geschliffen, WonderGliss, Rückwand glasiert: Nein, 1200 mm",Keramik
0454120027,"DU Waschtisch Vero 1200 mm m.ÜL, m.HLB, 1 HL mitte, geschl., weiß","Duravit Vero Waschtisch, Weiß Hochglanz, Rechteckig, Anzahl Waschplätze: 1 Mitte, Hahnlochbank: Ja, Anzahl Hahnlöcher pro Waschplatz: 1 Mitte, Überlauf: Ja, Geschliffen, Rückwand glasiert: Nein, 1200 mm",Keramik
04541200271,"DU Waschtisch Vero 1200 mm m.ÜL, m.HLB, 1 HL mitte, geschl.,weiß,WG","Duravit Vero Waschtisch, Weiß Hochglanz, Rechteckig, Anzahl Waschplätze: 1 Mitte, Hahnlochbank: Ja, Anzahl Hahnlöcher pro Waschplatz: 1 Mitte, Überlauf: Ja, Geschliffen, WonderGliss, Rückwand glasiert: Nein, 1200 mm",Keramik
0454500000,"DU Waschtisch Vero 500 mm mit ÜL, mit HLB, 1 HL, weiß","Duravit Vero Waschtisch, Weiß Hochglanz, Rechteckig, Anzahl Waschplätze: 1 Mitte, Hahnlochbank: Ja, Anzahl Hahnlöcher pro Waschplatz: 1 Mitte, Überlauf: Ja, Von unten glasiert, Rückwand glasiert: Nein, 500 mm",Keramik
04545000001,"DU Waschtisch Vero 500 mm mit ÜL, mit HLB, 1 HL, weiß WonderGliss","Duravit Vero Waschtisch, Weiß Hochglanz, Rechteckig, Anzahl Waschplätze: 1 Mitte, Hahnlochbank: Ja, Anzahl Hahnlöcher pro Waschplatz: 1 Mitte, Überlauf: Ja, WonderGliss, Von unten glasiert, Rückwand glasiert: Nein, 500 mm",Keramik
0454500027,"DU Waschtisch Vero 500 mm m.ÜL, m.HLB, 1 HL, geschl., weiß","Duravit Vero Waschtisch, Weiß Hochglanz, Rechteckig, Anzahl Waschplätze: 1 Mitte, Hahnlochbank: Ja, Anzahl Hahnlöcher pro Waschplatz: 1 Mitte, Überlauf: Ja, Geschliffen, Rückwand glasiert: Nein, 500 mm",Keramik
04545000271,"DU Waschtisch Vero 500 mm m.ÜL, m.HLB, 1 HL, geschl., weiß WG","Duravit Vero Waschtisch, Weiß Hochglanz, Rechteckig, Anzahl Waschplätze: 1 Mitte, Hahnlochbank: Ja, Anzahl Hahnlöcher pro Waschplatz: 1 Mitte, Überlauf: Ja, Geschliffen, WonderGliss, Rückwand glasiert: Nein, 500 mm",Keramik
0454600000,"DU Waschtisch Vero 600 mm mit ÜL, mit HLB, 1 HL, weiß","Duravit Vero Waschtisch, Weiß Hochglanz, Rechteckig, Anzahl Waschplätze: 1 Mitte, Hahnlochbank: Ja, Anzahl Hahnlöcher pro Waschplatz: 1 Mitte, Überlauf: Ja, Von unten glasiert, Rückwand glasiert: Nein, 600 mm",Keramik
04546000001,"DU Waschtisch Vero 600 mm mit ÜL, mit HLB, 1 HL, weiß WonderGliss","Duravit Vero Waschtisch, Weiß Hochglanz, Rechteckig, Anzahl Waschplätze: 1 Mitte, Hahnlochbank: Ja, Anzahl Hahnlöcher pro Waschplatz: 1 Mitte, Überlauf: Ja, WonderGliss, Von unten glasiert, Rückwand glasiert: Nein, 600 mm",Keramik
0454600027,"DU Waschtisch Vero 600 mm m.ÜL, m.HLB, 1 HL, geschl., weiß","Duravit Vero Waschtisch, Weiß Hochglanz, Rechteckig, Anzahl Waschplätze: 1 Mitte, Hahnlochbank: Ja, Anzahl Hahnlöcher pro Waschplatz: 1 Mitte, Überlauf: Ja, Geschliffen, Von unten glasiert, Rückwand glasiert: Nein, 600 mm",Keramik
04546000271,"DU Waschtisch Vero 600 mm m.ÜL, m.HLB, 1 HL, geschl., weiß WG","Duravit Vero Waschtisch, Weiß Hochglanz, Rechteckig, Anzahl Waschplätze: 1 Mitte, Hahnlochbank: Ja, Anzahl Hahnlöcher pro Waschplatz: 1 Mitte, Überlauf: Ja, Geschliffen, WonderGliss, Von unten glasiert, Rückwand glasiert: Nein, 600 mm",Keramik
0454700000,"DU Waschtisch Vero 700 mm mit ÜL, mit HLB, 1 HL, weiß","Duravit Vero Waschtisch, Weiß Hochglanz, Rechteckig, Anzahl Waschplätze: 1 Mitte, Hahnlochbank: Ja, Anzahl Hahnlöcher pro Waschplatz: 1 Mitte, Überlauf: Ja, Von unten glasiert, Rückwand glasiert: Nein, 700 mm",Keramik
04547000001,"DU Waschtisch Vero 700 mm mit ÜL, mit HLB, 1 HL, weiß WG","Duravit Vero Waschtisch, Weiß Hochglanz, Rechteckig, Anzahl Waschplätze: 1 Mitte, Hahnlochbank: Ja, Anzahl Hahnlöcher pro Waschplatz: 1 Mitte, Überlauf: Ja, WonderGliss, Von unten glasiert, Rückwand glasiert: Nein, 700 mm",Keramik
0454700027,"DU Waschtisch Vero 700 mm m.ÜL, m.HLB, 1 HL, geschl., weiß","Duravit Vero Waschtisch, Weiß Hochglanz, Rechteckig, Anzahl Waschplätze: 1 Mitte, Hahnlochbank: Ja, Anzahl Hahnlöcher pro Waschplatz: 1 Mitte, Überlauf: Ja, Geschliffen, Von unten glasiert, Rückwand glasiert: Nein, 700 mm",Keramik
04547000271,"DU Waschtisch Vero 700 mm m.ÜL, m.HLB, 1 HL, geschl., weiß WG","Duravit Vero Waschtisch, Weiß Hochglanz, Rechteckig, Anzahl Waschplätze: 1 Mitte, Hahnlochbank: Ja, Anzahl Hahnlöcher pro Waschplatz: 1 Mitte, Überlauf: Ja, Geschliffen, WonderGliss, Von unten glasiert, Rückwand glasiert: Nein, 700 mm",Keramik
0454800000,"DU Waschtisch Vero 800 mm mit ÜL, mit HLB, 1 HL, weiß","Duravit Vero Waschtisch, Weiß Hochglanz, Rechteckig, Anzahl Waschplätze: 1 Mitte, Hahnlochbank: Ja, Anzahl Hahnlöcher pro Waschplatz: 1 Mitte, Überlauf: Ja, Von unten glasiert, Rückwand glasiert: Nein, 800 mm",Keramik
04548000001,"DU Waschtisch Vero 800 mm mit ÜL, mit HLB, 1 HL, weiß WonderGliss","Duravit Vero Waschtisch, Weiß Hochglanz, Rechteckig, Anzahl Waschplätze: 1 Mitte, Hahnlochbank: Ja, Anzahl Hahnlöcher pro Waschplatz: 1 Mitte, Überlauf: Ja, WonderGliss, Von unten glasiert, Rückwand glasiert: Nein, 800 mm",Keramik
0454800027,"DU Waschtisch Vero 800 mm m.ÜL, m.HLB, 1 HL, geschl., weiß","Duravit Vero Waschtisch, Weiß Hochglanz, Rechteckig, Anzahl Waschplätze: 1 Mitte, Hahnlochbank: Ja, Anzahl Hahnlöcher pro Waschplatz: 1 Mitte, Überlauf: Ja, Geschliffen, Von unten glasiert, Rückwand glasiert: Nein, 800 mm",Keramik
04548000271,"DU Waschtisch Vero 800 mm m.ÜL, m.HLB, 1 HL, geschl., weiß WG","Duravit Vero Waschtisch, Weiß Hochglanz, Rechteckig, Anzahl Waschplätze: 1 Mitte, Hahnlochbank: Ja, Anzahl Hahnlöcher pro Waschplatz: 1 Mitte, Überlauf: Ja, Geschliffen, WonderGliss, Von unten glasiert, Rückwand glasiert: Nein, 800 mm",Keramik
0455500000,"DU Aufsatzbecken Vero 500 mm o.ÜL, o.HLB, geschliffen, weiß","Duravit Vero Aufsatzbecken, Weiß Hochglanz, Rechteckig, Anzahl Waschplätze: 1 Mitte, Hahnlochbank: Nein, Überlauf: Nein, Geschliffen, 500 mm",Keramik
04555000001,"DU Aufsatzbecken Vero 500 mm o.ÜL, o.HLB, geschliffen, weiß WG","Duravit Vero Aufsatzbecken, Weiß Hochglanz, Rechteckig, Anzahl Waschplätze: 1 Mitte, Hahnlochbank: Nein, Überlauf: Nein, Geschliffen, WonderGliss, 500 mm",Keramik
0455600000,"DU Aufsatzbecken Vero 600 mm o.ÜL, o.HLB, geschliffen, weiß","Duravit Vero Aufsatzbecken, Weiß Hochglanz, Rechteckig, Anzahl Waschplätze: 1 Mitte, Hahnlochbank: Nein, Überlauf: Nein, Geschliffen, 600 mm",Keramik
04556000001,"DU Aufsatzbecken Vero 600 mm o.ÜL, o.HLB, geschliffen, weiß WG","Duravit Vero Aufsatzbecken, Weiß Hochglanz, Rechteckig, Anzahl Waschplätze: 1 Mitte, Hahnlochbank: Nein, Überlauf: Nein, Geschliffen, WonderGliss, 600 mm",Keramik
0457480000,"DU Einbauwaschtisch Happy D.2 480 mm EB v.unten, mit ÜL, ohne HLB, weiß","Duravit Happy D.2 Einbauwaschtisch, Ausführung Waschtisch: Einbau, 520x385 mm, Weiß Hochglanz, Hahnlochbank: Nein, Überlauf: Ja, Montageart: Einbau von unten, Inkl. Befestigung für Einbau in Holzkonsolen",Keramik
04574800001,"DU Einbauwaschtisch Happy D.2 480 mm EB v.unten, mit ÜL, ohne HLB, weiß WG","Duravit Happy D.2 Einbauwaschtisch, Ausführung Waschtisch: Einbau, 520x385 mm, Weiß Hochglanz, Hahnlochbank: Nein, Überlauf: Ja, Montageart: Einbau von unten, WonderGliss, Inkl. Befestigung für Einbau in Holzkonsolen",Keramik
0463400000,"DU Einbauwaschtisch Architec 400 mm EB v.unten, ohne ÜL, ohne HLB, weiß","Duravit Architec Einbauwaschtisch, Ausführung Waschtisch: Einbau, 430x430 mm, Weiß Hochglanz, Hahnlochbank: Nein, Überlauf: Nein, Montageart: Einbau von unten, Inkl. Befestigung für Einbau in Holzkonsolen",Keramik
0466510000,"DU EBWT Design Classics Santosa 510 mm EB v.unten, m.ÜL, o.HLB, weiß","Duravit Design Classics Einbauwaschtisch, Ausführung Waschtisch: Einbau, 510x375 mm, Weiß Hochglanz, Hahnlochbank: Nein, Überlauf: Ja, Montageart: Einbau von unten, Inkl. Befestigung für Einbau in Holzkonsolen",Keramik
04665100001,"DU EBWT Design Classics Santosa 510 mm EB v.unten, m.ÜL, o.HLB, weiß WG","Duravit Design Classics Einbauwaschtisch, Ausführung Waschtisch: Einbau, 510x375 mm, Weiß Hochglanz, Hahnlochbank: Nein, Überlauf: Ja, Montageart: Einbau von unten, WonderGliss, Inkl. Befestigung für Einbau in Holzkonsolen",Keramik
0468400000,"DU Einbauwaschtisch Architec 400 mm EB v.u.,m.ÜL,o.HLB,u.glasiert,weiß","Duravit Architec Einbauwaschtisch, Ausführung Waschtisch: Einbau, 400x400 mm, Weiß Hochglanz, Hahnlochbank: Nein, Überlauf: Ja, Montageart: Einbau von unten, Inkl. Befestigung für Einbau in Holzkonsolen, Von unten glasiert",Keramik
0468470000,"DU Einbauwaschtisch Architec 470 mm EB v.ob.,m.ÜL,o.HLB,u.glasiert,weiß","Duravit Architec Einbauwaschtisch, Ausführung Waschtisch: Einbau, 470x470 mm, Weiß Hochglanz, Hahnlochbank: Nein, Überlauf: Ja, Montageart: Einbau von oben, Von unten glasiert",Keramik
0473340031,"DU Einbauwaschtisch Architec Bali 335 mm EB v.ob.,m.ÜL,o.HLB,u.glasiert,weiß","Duravit Architec Einbauwaschtisch, Ausführung Waschtisch: Einbau, 335x335 mm, Weiß Hochglanz, Hahnlochbank: Nein, Überlauf: Ja, Montageart: Einbau von oben, Von unten glasiert",Keramik
0476580000,"DU Einbauwaschtisch 1930 580 mm EB v.oben, m.ÜL, m.HLB, 1 HL, weiß","Duravit Serie 1930 Einbauwaschtisch, Ausführung Waschtisch: Einbau, 580x470 mm, Weiß Hochglanz, Hahnlochbank: Ja, Anzahl Hahnlöcher pro Waschplatz: 1, Überlauf: Ja, Montageart: Einbau von oben",Keramik
04765800001,"DU Einbauwaschtisch 1930 580 mm EB v.oben, m.ÜL, m.HLB, 1 HL, weiß WG","Duravit Serie 1930 Einbauwaschtisch, Ausführung Waschtisch: Einbau, 580x470 mm, Weiß Hochglanz, Hahnlochbank: Ja, Anzahl Hahnlöcher pro Waschplatz: 1, Überlauf: Ja, Montageart: Einbau von oben, WonderGliss",Keramik
0483600000,"DU Einbauwaschtisch Happy D.2 600 mm EB v.oben, m.ÜL, m.HLB, 1 HL, weiß","Duravit Happy D.2 Einbauwaschtisch, Ausführung Waschtisch: Einbau, 600x460 mm, Weiß Hochglanz, Hahnlochbank: Ja, Anzahl Hahnlöcher pro Waschplatz: 1, Überlauf: Ja, Montageart: Einbau von oben",Keramik
04836000001,"DU Einbauwaschtisch Happy D.2 600 mm EB v.oben, m.ÜL, m.HLB, 1 HL, weiß WG","Duravit Happy D.2 Einbauwaschtisch, Ausführung Waschtisch: Einbau, 600x460 mm, Weiß Hochglanz, Hahnlochbank: Ja, Anzahl Hahnlöcher pro Waschplatz: 1, Überlauf: Ja, Montageart: Einbau von oben, WonderGliss",Keramik
0497470000,"DU Aufsatzbecken Darling New 470 mm m.ÜL, m.HLB, 1 HL, geschl., weiß","Duravit Darling New Aufsatzbecken, Weiß Hochglanz, Rund, Anzahl Waschplätze: 1 Mitte, Hahnlochbank: Ja, Anzahl Hahnlöcher pro Waschplatz: 1 Mitte, Überlauf: Ja, Geschliffen, 470 mm",Keramik
04974700001,"DU Aufsatzbecken Darling New 470 mm m.ÜL, m.HLB, 1 HL, geschl., weiß WG","Duravit Darling New Aufsatzbecken, Weiß Hochglanz, Rund, Anzahl Waschplätze: 1 Mitte, Hahnlochbank: Ja, Anzahl Hahnlöcher pro Waschplatz: 1 Mitte, Überlauf: Ja, Geschliffen, WonderGliss, 470 mm",Keramik
0499100000,"DU Möbelwaschtisch Darling New 1030 mm mit ÜL, mit HLB, 1 HL, weiß","Duravit Darling New Waschtisch, Weiß Hochglanz, Rechteckig, Anzahl Waschplätze: 1 Mitte, Hahnlochbank: Ja, Anzahl Hahnlöcher pro Waschplatz: 1 Mitte, Überlauf: Ja, Rückwand glasiert: Nein, 1030 mm",Keramik
04991000001,"DU Möbelwaschtisch Darling New 1030 mm mit ÜL, mit HLB, 1 HL, weiß WonderGliss","Duravit Darling New Waschtisch, Weiß Hochglanz, Rechteckig, Anzahl Waschplätze: 1 Mitte, Hahnlochbank: Ja, Anzahl Hahnlöcher pro Waschplatz: 1 Mitte, Überlauf: Ja, WonderGliss, Rückwand glasiert: Nein, 1030 mm",Keramik
0499830000,"DU Möbelwaschtisch Darling New 830 mm mit ÜL, mit HLB, 1 HL, weiß","Duravit Darling New Waschtisch, Weiß Hochglanz, Rund, Anzahl Waschplätze: 1 Mitte, Hahnlochbank: Ja, Anzahl Hahnlöcher pro Waschplatz: 1 Mitte, Überlauf: Ja, Rückwand glasiert: Nein, 830 mm",Keramik
0684600000,"DU Design Classics Becken  Scola 615 mm m.ÜL,m.HLB,HL-Vst.,Becken li.,weiß","Duravit Design Classics Scola Waschtisch, Weiß Hochglanz, Rechteckig, Anzahl Waschplätze: 1 Links, Hahnlochbank: Ja, Überlauf: Ja, Anzahl vorgestochene Hahnlöcher: 1, Von unten glasiert, Rückwand glasiert: Nein, 615 mm",Keramik
0684600011,"DU Design Classics Becken  Scola 615 mm m.ÜL,m.HLB, 1 HL, Becken li., weiß","Duravit Design Classics Scola Waschtisch, Weiß Hochglanz, Rechteckig, Anzahl Waschplätze: 1 Links, Hahnlochbank: Ja, Anzahl Hahnlöcher pro Waschplatz: 1 Mitte, Überlauf: Ja, Von unten glasiert, Rückwand glasiert: Nein, 615 mm",Keramik
0685600000,"DU Design Classics Becken  Scola 615 mm m.ÜL,m.HLB,HL-Vst.,Becken re.,weiß","Duravit Design Classics Scola Waschtisch, Weiß Hochglanz, Rechteckig, Anzahl Waschplätze: 1 Rechts, Hahnlochbank: Ja, Überlauf: Ja, Anzahl vorgestochene Hahnlöcher: 1, Von unten glasiert, Rückwand glasiert: Nein, 615 mm",Keramik
0685600011,"DU Design Classics Becken  Scola 615 mm m.ÜL,m.HLB, 1 HL, Becken re., weiß","Duravit Design Classics Scola Waschtisch, Weiß Hochglanz, Rechteckig, Anzahl Waschplätze: 1 Rechts, Hahnlochbank: Ja, Anzahl Hahnlöcher pro Waschplatz: 1 Mitte, Überlauf: Ja, Von unten glasiert, Rückwand glasiert: Nein, 615 mm",Keramik
0702250000,"DU Handwaschbecken Vero 250 mm mit ÜL, mit HLB, 1 HL, weiß","Duravit Vero Handwaschbecken, Weiß Hochglanz, Rechteckig, Anzahl Waschplätze: 1 Mitte, Hahnlochbank: Ja, Anzahl Hahnlöcher pro Waschplatz: 1 Mitte, Überlauf: Ja, Von unten glasiert, Rückwand glasiert: Nein, 250 mm",Keramik
07022500001,"DU Handwaschbecken Vero 250 mm mit ÜL, mit HLB, 1 HL, weiß WonderGliss","Duravit Vero Handwaschbecken, Weiß Hochglanz, Rechteckig, Anzahl Waschplätze: 1 Mitte, Hahnlochbank: Ja, Anzahl Hahnlöcher pro Waschplatz: 1 Mitte, Überlauf: Ja, WonderGliss, Von unten glasiert, Rückwand glasiert: Nein, 250 mm",Keramik
0703500000,"DU Handwaschbecken Vero 500 mm mit ÜL, mit HLB, HL-Vst., weiß","Duravit Vero Handwaschbecken, Weiß Hochglanz, Rechteckig, Anzahl Waschplätze: 1 Mitte, Hahnlochbank: Ja, Überlauf: Ja, Anzahl vorgestochene Hahnlöcher: 2, Von unten glasiert, Rückwand glasiert: Nein, 500 mm",Keramik
07035000001,"DU Handwaschbecken Vero 500 mm mit ÜL, mit HLB, HL-Vst., weiß WG","Duravit Vero Handwaschbecken, Weiß Hochglanz, Rechteckig, Anzahl Waschplätze: 1 Mitte, Hahnlochbank: Ja, Überlauf: Ja, Anzahl vorgestochene Hahnlöcher: 2, WonderGliss, Von unten glasiert, Rückwand glasiert: Nein, 500 mm",Keramik
0703500008,"DU Handwaschbecken Vero 500 mm mit ÜL, mit HLB. HL rechts, weiß","Duravit Vero Handwaschbecken, Weiß Hochglanz, Rechteckig, Anzahl Waschplätze: 1 Mitte, Hahnlochbank: Ja, Anzahl Hahnlöcher pro Waschplatz: 1 Rechts, Überlauf: Ja, Von unten glasiert, Rückwand glasiert: Nein, 500 mm",Keramik
07035000081,"DU Handwaschbecken Vero 500 mm mit ÜL, mit HLB, HL rechts, weiß WG","Duravit Vero Handwaschbecken, Weiß Hochglanz, Rechteckig, Anzahl Waschplätze: 1 Mitte, Hahnlochbank: Ja, Anzahl Hahnlöcher pro Waschplatz: 1 Rechts, Überlauf: Ja, WonderGliss, Von unten glasiert, Rückwand glasiert: Nein, 500 mm",Keramik
0703500009,"DU Handwaschbecken Vero 500 mm mit ÜL, mit HLB, HL links, weiß","Duravit Vero Handwaschbecken, Weiß Hochglanz, Rechteckig, Anzahl Waschplätze: 1 Mitte, Hahnlochbank: Ja, Anzahl Hahnlöcher pro Waschplatz: 1 Links, Überlauf: Ja, Von unten glasiert, Rückwand glasiert: Nein, 500 mm",Keramik
07035000091,"DU Handwaschbecken Vero 500 mm mit ÜL, mit HLB, HL links, weiß WG","Duravit Vero Handwaschbecken, Weiß Hochglanz, Rechteckig, Anzahl Waschplätze: 1 Mitte, Hahnlochbank: Ja, Anzahl Hahnlöcher pro Waschplatz: 1 Links, Überlauf: Ja, WonderGliss, Von unten glasiert, Rückwand glasiert: Nein, 500 mm",Keramik
0704450000,"DU Handwaschbecken Vero 450 mm mit ÜL, mit HLB, 1 HL, weiß","Duravit Vero Handwaschbecken, Weiß Hochglanz, Rechteckig, Anzahl Waschplätze: 1 Mitte, Hahnlochbank: Ja, Anzahl Hahnlöcher pro Waschplatz: 1 Mitte, Überlauf: Ja, Von unten glasiert, Rückwand glasiert: Nein, 450 mm",Keramik
07044500001,"DU Handwaschbecken Vero 450 mm mit ÜL, mit HLB, 1 HL, weiß WonderGliss","Duravit Vero Handwaschbecken, Weiß Hochglanz, Rechteckig, Anzahl Waschplätze: 1 Mitte, Hahnlochbank: Ja, Anzahl Hahnlöcher pro Waschplatz: 1 Mitte, Überlauf: Ja, WonderGliss, Von unten glasiert, Rückwand glasiert: Nein, 450 mm",Keramik
0704450027,"DU Handwaschbecken Vero 450 mm m.ÜL, m.HLB, 1 HL, geschl., weiß","Duravit Vero Handwaschbecken, Weiß Hochglanz, Rechteckig, Anzahl Waschplätze: 1 Mitte, Hahnlochbank: Ja, Anzahl Hahnlöcher pro Waschplatz: 1 Mitte, Überlauf: Ja, Geschliffen, Rückwand glasiert: Nein, 450 mm",Keramik
07044500271,"DU Handwaschbecken Vero 450 mm m.ÜL, m.HLB, 1 HL, geschl., weiß WG","Duravit Vero Handwaschbecken, Weiß Hochglanz, Rechteckig, Anzahl Waschplätze: 1 Mitte, Hahnlochbank: Ja, Anzahl Hahnlöcher pro Waschplatz: 1 Mitte, Überlauf: Ja, Geschliffen, WonderGliss, Rückwand glasiert: Nein, 450 mm",Keramik
0704450041,"DU Handwaschbecken Vero Med 450 mm ohne ÜL, mit HLB, 1 HL, weiß","Duravit Vero Handwaschbecken, Weiß Hochglanz, Rechteckig, Anzahl Waschplätze: 1 Mitte, Hahnlochbank: Ja, Anzahl Hahnlöcher pro Waschplatz: 1 Mitte, Überlauf: Nein, Von unten glasiert, Rückwand glasiert: Nein, 450 mm",Keramik
07044500411,"DU Handwaschbecken Vero Med 450 mm ohne ÜL, mit HLB, 1 HL, weiß WG","Duravit Vero Handwaschbecken, Weiß Hochglanz, Rechteckig, Anzahl Waschplätze: 1 Mitte, Hahnlochbank: Ja, Anzahl Hahnlöcher pro Waschplatz: 1 Mitte, Überlauf: Nein, WonderGliss, Von unten glasiert, Rückwand glasiert: Nein, 450 mm",Keramik
0705360008,"DU Handwaschbecken D-Code 360 mm mit ÜL, mit HLB, HL rechts, weiß","Duravit D-Code Handwaschbecken, Weiß Hochglanz, Rechteckig, Anzahl Waschplätze: 1 Mitte, Hahnlochbank: Ja, Anzahl Hahnlöcher pro Waschplatz: 1 Rechts, Überlauf: Ja, Von unten glasiert, Rückwand glasiert: Nein, 360 mm",Keramik
0705360009,"DU Handwaschbecken D-Code 360 mm mit ÜL, mit HLB, HL links, weiß","Duravit D-Code Handwaschbecken, Weiß Hochglanz, Rechteckig, Anzahl Waschplätze: 1 Mitte, Hahnlochbank: Ja, Anzahl Hahnlöcher pro Waschplatz: 1 Links, Überlauf: Ja, Von unten glasiert, Rückwand glasiert: Nein, 360 mm",Keramik
0705450000,"DU Handwaschbecken D-Code 450 mm mit ÜL, mit HLB, 1 HL, weiß","Duravit D-Code Handwaschbecken, Weiß Hochglanz, Rechteckig, Anzahl Waschplätze: 1 Mitte, Hahnlochbank: Ja, Anzahl Hahnlöcher pro Waschplatz: 1 Mitte, Überlauf: Ja, Von unten glasiert, Rückwand glasiert: Nein, 450 mm",Keramik
0706500008,"DU Handwaschbecken D-Code 500 mm mit ÜL, mit HLB, HL rechts, weiß","Duravit D-Code Handwaschbecken, Weiß Hochglanz, Rechteckig, Anzahl Waschplätze: 1 Mitte, Hahnlochbank: Ja, Anzahl Hahnlöcher pro Waschplatz: 1 Rechts, Überlauf: Ja, Von unten glasiert, Rückwand glasiert: Nein, 500 mm",Keramik
0706500009,"DU Handwaschbecken D-Code 500 mm mit ÜL, mit HLB, HL links, weiß","Duravit D-Code Handwaschbecken, Weiß Hochglanz, Rechteckig, Anzahl Waschplätze: 1 Mitte, Hahnlochbank: Ja, Anzahl Hahnlöcher pro Waschplatz: 1 Links, Überlauf: Ja, Von unten glasiert, Rückwand glasiert: Nein, 500 mm",Keramik
0707450000,"DU Handwaschbecken D-Code Med 450 mm ohne ÜL, mit HLB, 1 HL, weiß","Duravit D-Code Handwaschbecken, Weiß Hochglanz, Rechteckig, Anzahl Waschplätze: 1 Mitte, Hahnlochbank: Ja, Anzahl Hahnlöcher pro Waschplatz: 1 Mitte, Überlauf: Nein, Von unten glasiert, Rückwand glasiert: Nein, 450 mm",Keramik
0707450070,"DU Handwaschbecken D-Code Med 450 mm ohne ÜL, mit HLB, ohne HL, weiß","Duravit D-Code Handwaschbecken, Weiß Hochglanz, Rechteckig, Anzahl Waschplätze: 1 Mitte, Hahnlochbank: Ja, Überlauf: Nein, Von unten glasiert, Rückwand glasiert: Nein, 450 mm",Keramik
0708450000,"DU Handwaschbecken DuraStyle 450 mm ohne ÜL, mit HLB, 1 HL, weiß","Duravit DuraStyle Handwaschbecken, Weiß Hochglanz, Rechteckig, Anzahl Waschplätze: 1 Mitte, Hahnlochbank: Ja, Anzahl Hahnlöcher pro Waschplatz: 1 Mitte, Überlauf: Nein, Von unten glasiert, Rückwand glasiert: Nein, 450 mm",Keramik
07084500001,"DU Handwaschbecken DuraStyle 450 mm ohne ÜL, mit HLB, 1 HL, weiß WG","Duravit DuraStyle Handwaschbecken, Weiß Hochglanz, Rechteckig, Anzahl Waschplätze: 1 Mitte, Hahnlochbank: Ja, Anzahl Hahnlöcher pro Waschplatz: 1 Mitte, Überlauf: Nein, WonderGliss, Von unten glasiert, Rückwand glasiert: Nein, 450 mm",Keramik
0709500000,"DU Handwaschbecken Happy D.2 500 mm mit ÜL, mit HLB, 1 HL, weiß","Duravit Happy D.2 Handwaschbecken, Weiß Hochglanz, Rechteckig, Anzahl Waschplätze: 1 Mitte, Hahnlochbank: Ja, Anzahl Hahnlöcher pro Waschplatz: 1 Mitte, Überlauf: Ja, Inkl. Überlaufclip, Von unten glasiert, Rückwand glasiert: Nein, 500 mm",Keramik
07095000001,"DU Handwaschbecken Happy D.2 500 mm mit ÜL, mit HLB, 1 HL, weiß WonderGliss","Duravit Happy D.2 Handwaschbecken, Weiß Hochglanz, Rechteckig, Anzahl Waschplätze: 1 Mitte, Hahnlochbank: Ja, Anzahl Hahnlöcher pro Waschplatz: 1 Mitte, Überlauf: Ja, WonderGliss, Inkl. Überlaufclip, Von unten glasiert, Rückwand glasiert: Nein, 500 mm",Keramik
0710500000,"DU Möbel-Handwaschbecken Happy D.2 500mm mit ÜL, mit HLB, 1 HL, weiß","Duravit Happy D.2 Handwaschbecken, Weiß Hochglanz, Rechteckig, Anzahl Waschplätze: 1 Mitte, Hahnlochbank: Ja, Anzahl Hahnlöcher pro Waschplatz: 1 Mitte, Überlauf: Ja, Inkl. Überlaufclip, Von unten glasiert, 500 mm",Keramik
07105000001,"DU Möbel-Handwaschbecken Happy D.2 500mm mit ÜL, mit HLB, 1 HL, weiß WonderGliss","Duravit Happy D.2 Handwaschbecken, Weiß Hochglanz, Rechteckig, Anzahl Waschplätze: 1 Mitte, Hahnlochbank: Ja, Anzahl Hahnlöcher pro Waschplatz: 1 Mitte, Überlauf: Ja, WonderGliss, Inkl. Überlaufclip, Von unten glasiert, 500 mm",Keramik
07105000601,"DU Möbel-Handwaschbecken Happy D.2 500mm mit ÜL, mit HLB, ohne HL, weiß WG","Duravit Happy D.2 Handwaschbecken, Weiß Hochglanz, Rechteckig, Anzahl Waschplätze: 1 Mitte, Hahnlochbank: Ja, Überlauf: Ja, WonderGliss, Inkl. Überlaufclip, Von unten glasiert, 500 mm",Keramik
0711500008,"DU Handwaschbecken Happy D.2 500 mm ohne ÜL, mit HLB, HL rechts, weiß","Duravit Happy D.2 Handwaschbecken, Weiß Hochglanz, Rechteckig, Anzahl Waschplätze: 1 Mitte, Hahnlochbank: Ja, Anzahl Hahnlöcher pro Waschplatz: 1 Rechts, Überlauf: Nein, Von unten glasiert, Rückwand glasiert: Nein, 500 mm",Keramik
07115000081,"DU Handwaschbecken Happy D.2 500 mm ohne ÜL, mit HLB, HL rechts, weiß WG","Duravit Happy D.2 Handwaschbecken, Weiß Hochglanz, Rechteckig, Anzahl Waschplätze: 1 Mitte, Hahnlochbank: Ja, Anzahl Hahnlöcher pro Waschplatz: 1 Rechts, Überlauf: Nein, WonderGliss, Von unten glasiert, Rückwand glasiert: Nein, 500 mm",Keramik
0711500009,"DU Handwaschbecken Happy D.2 500 mm ohne ÜL, mit HLB, HL links, weiß","Duravit Happy D.2 Handwaschbecken, Weiß Hochglanz, Rechteckig, Anzahl Waschplätze: 1 Mitte, Hahnlochbank: Ja, Anzahl Hahnlöcher pro Waschplatz: 1 Links, Überlauf: Nein, Von unten glasiert, Rückwand glasiert: Nein, 500 mm",Keramik
07115000091,"DU Handwaschbecken Happy D.2 500 mm ohne ÜL, mit HLB, HL links,weiß WG","Duravit Happy D.2 Handwaschbecken, Weiß Hochglanz, Rechteckig, Anzahl Waschplätze: 1 Mitte, Hahnlochbank: Ja, Anzahl Hahnlöcher pro Waschplatz: 1 Links, Überlauf: Nein, WonderGliss, Von unten glasiert, Rückwand glasiert: Nein, 500 mm",Keramik
0713360000,"DU Handwaschbecken DuraStyle, Weiß 360x220mm,o.ÜL,m.HLB,HL re,Bef.inkl.","Duravit DuraStyle Handwaschbecken, Weiß Hochglanz, Rechteckig, Anzahl Waschplätze: 1 Links, Hahnlochbank: Ja, Anzahl Hahnlöcher pro Waschplatz: 1 Rechts, Überlauf: Nein, Von unten glasiert, Rückwand glasiert: Nein, 360 mm",Keramik
07133600001,"DU Handwaschbecken DuraStyle, Weiß 360x220mm,o.ÜL,m.HLB,HL re,Bef.inkl,WG","Duravit DuraStyle Handwaschbecken, Weiß Hochglanz, Rechteckig, Anzahl Waschplätze: 1 Links, Hahnlochbank: Ja, Anzahl Hahnlöcher pro Waschplatz: 1 Rechts, Überlauf: Nein, WonderGliss, Von unten glasiert, Rückwand glasiert: Nein, 360 mm",Keramik
0713500000,"DU Handwaschbecken DuraStyle 500 mm ohne ÜL, mit HLB, ohne HL, weiß","Duravit DuraStyle Handwaschbecken, Weiß Hochglanz, Rechteckig, Anzahl Waschplätze: 1 Mitte, Hahnlochbank: Ja, Überlauf: Nein, Von unten glasiert, Rückwand glasiert: Nein, 500 mm",Keramik
07135000001,"DU Handwaschbecken DuraStyle 500 mm ohne ÜL, mit HLB, ohne HL, weiß WG","Duravit DuraStyle Handwaschbecken, Weiß Hochglanz, Rechteckig, Anzahl Waschplätze: 1 Mitte, Hahnlochbank: Ja, Überlauf: Nein, WonderGliss, Von unten glasiert, Rückwand glasiert: Nein, 500 mm",Keramik
0713500008,"DU Handwaschbecken DuraStyle 500 mm ohne ÜL, mit HLB, HL rechts, weiß","Duravit DuraStyle Handwaschbecken, Weiß Hochglanz, Rechteckig, Anzahl Waschplätze: 1 Mitte, Hahnlochbank: Ja, Anzahl Hahnlöcher pro Waschplatz: 1 Rechts, Überlauf: Nein, Von unten glasiert, 500 mm",Keramik
07135000081,"DU Handwaschbecken DuraStyle 500 mm ohne ÜL, mit HLB, HL rechts, weiß WG","Duravit DuraStyle Handwaschbecken, Weiß Hochglanz, Rechteckig, Anzahl Waschplätze: 1 Mitte, Hahnlochbank: Ja, Anzahl Hahnlöcher pro Waschplatz: 1 Rechts, Überlauf: Nein, WonderGliss, Von unten glasiert, Rückwand glasiert: Nein, 500 mm",Keramik
0713500009,"DU Handwaschbecken DuraStyle 500 mm ohne ÜL, mit HLB, HL links, weiß","Duravit DuraStyle Handwaschbecken, Weiß Hochglanz, Rechteckig, Anzahl Waschplätze: 1 Mitte, Hahnlochbank: Ja, Anzahl Hahnlöcher pro Waschplatz: 1 Links, Überlauf: Nein, Von unten glasiert, Rückwand glasiert: Nein, 500 mm",Keramik
07135000091,"DU Handwaschbecken DuraStyle 500 mm ohne ÜL, mit HLB, HL links, weiß WG","Duravit DuraStyle Handwaschbecken, Weiß Hochglanz, Rechteckig, Anzahl Waschplätze: 1 Mitte, Hahnlochbank: Ja, Anzahl Hahnlöcher pro Waschplatz: 1 Links, Überlauf: Nein, WonderGliss, Von unten glasiert, Rückwand glasiert: Nein, 500 mm",Keramik
0716450000,"DU Handwaschbecken P3 Comforts 450 mm mit ÜL, mit HLB, 1 HL, weiß","Duravit P3 Comforts Handwaschbecken, Weiß Hochglanz, Rechteckig, Anzahl Waschplätze: 1 Mitte, Hahnlochbank: Ja, Anzahl Hahnlöcher pro Waschplatz: 1 Mitte, Überlauf: Ja, Inkl. Überlaufclip, Von unten glasiert, Rückwand glasiert: Nein, 450 mm",Keramik
0716450060,"DU Handwaschbecken P3 Comforts 450 mm mit ÜL, mit HLB, ohne HL, weiß","Duravit P3 Comforts Handwaschbecken, Weiß Hochglanz, Rechteckig, Anzahl Waschplätze: 1 Mitte, Hahnlochbank: Ja, Überlauf: Ja, Inkl. Überlaufclip, Von unten glasiert, Rückwand glasiert: Nein, 450 mm",Keramik
0717400000,"DU Handwaschbecken ME by Starck weiß o.Ül., m.HLB, Hahnloch rechts","Duravit ME by Starck Handwaschbecken, Weiß Hochglanz, Rechteckig, Anzahl Waschplätze: 1 Links, Hahnlochbank: Ja, Anzahl Hahnlöcher pro Waschplatz: 1 Rechts, Überlauf: Nein, Von unten glasiert, Rückwand glasiert: Nein, 400 mm",Keramik
07174000001,"DU Handwaschbecken ME by Starck weiß o.Ül., m.HLB, Hahnloch rechts, WG","Duravit ME by Starck Handwaschbecken, Weiß Hochglanz, Rechteckig, Anzahl Waschplätze: 1 Links, Hahnlochbank: Ja, Anzahl Hahnlöcher pro Waschplatz: 1 Rechts, Überlauf: Nein, WonderGliss, Von unten glasiert, Rückwand glasiert: Nein, 400 mm",Keramik
0717403200,"DU Handwaschbecken ME by Starck Weiß Seidenmatt, o.Ül, m.HLB, HL rechts","Duravit ME by Starck Handwaschbecken, Weiß Seidenmatt, Rechteckig, Anzahl Waschplätze: 1 Links, Hahnlochbank: Ja, Anzahl Hahnlöcher pro Waschplatz: 1 Rechts, Überlauf: Nein, Von unten glasiert, Rückwand glasiert: Nein, 400 mm",Keramik
07174032001,"DU Handwaschbecken ME by Starck Weiß Seidenmatt, o.Ül, m.HLB, HL rechts, WG","Duravit ME by Starck Handwaschbecken, Weiß Seidenmatt, Rechteckig, Anzahl Waschplätze: 1 Links, Hahnlochbank: Ja, Anzahl Hahnlöcher pro Waschplatz: 1 Rechts, Überlauf: Nein, WonderGliss, Von unten glasiert, Rückwand glasiert: Nein, 400 mm",Keramik
0719450000,"DU Handwaschbecken ME by Starck 450 mm mit ÜL, mit HLB, 1 HL, weiß","Duravit ME by Starck Handwaschbecken, Weiß Hochglanz, Rechteckig, Anzahl Waschplätze: 1 Mitte, Hahnlochbank: Ja, Anzahl Hahnlöcher pro Waschplatz: 1 Mitte, Überlauf: Ja, Von unten glasiert, Rückwand glasiert: Nein, 450 mm",Keramik
07194500001,"DU Handwaschbecken ME by Starck 450 mm mit ÜL, mit HLB, 1 HL, weiß WonderGliss","Duravit ME by Starck Handwaschbecken, Weiß Hochglanz, Rechteckig, Anzahl Waschplätze: 1 Mitte, Hahnlochbank: Ja, Anzahl Hahnlöcher pro Waschplatz: 1 Mitte, Überlauf: Ja, WonderGliss, Von unten glasiert, Rückwand glasiert: Nein, 450 mm",Keramik
0719450010,"DU Handwaschbecken ME by Starck 450 mm mit ÜL, mit HLB, HL-Vorstich, weiß","Duravit ME by Starck Handwaschbecken, Weiß Hochglanz, Rechteckig, Anzahl Waschplätze: 1 Mitte, Hahnlochbank: Ja, Überlauf: Ja, Anzahl vorgestochene Hahnlöcher: 1, Von unten glasiert, Rückwand glasiert: Nein, 450 mm",Keramik
07194500101,"DU Handwaschbecken ME by Starck 450 mm mit ÜL, mit HLB, HL-Vorstich, weiß WG","Duravit ME by Starck Handwaschbecken, Weiß Hochglanz, Rechteckig, Anzahl Waschplätze: 1 Mitte, Hahnlochbank: Ja, Überlauf: Ja, Anzahl vorgestochene Hahnlöcher: 1, WonderGliss, Von unten glasiert, Rückwand glasiert: Nein, 450 mm",Keramik
0719453200,"DU Handwaschbecken ME by Starck 450 mm mit ÜL, mit HLB, 1 HL, weiß seidenmatt","Duravit ME by Starck Handwaschbecken, Weiß Seidenmatt, Rechteckig, Anzahl Waschplätze: 1 Mitte, Hahnlochbank: Ja, Anzahl Hahnlöcher pro Waschplatz: 1 Ohne, Überlauf: Ja, Von unten glasiert, Rückwand glasiert: Nein, 450 mm",Keramik
07194532001,"DU Handwaschbecken ME by Starck 450 mm mit ÜL,mit HLB,1 HL,weiß seidenmatt,WG","Duravit ME by Starck Handwaschbecken, Weiß Seidenmatt, Rechteckig, Anzahl Waschplätze: 1 Mitte, Hahnlochbank: Ja, Anzahl Hahnlöcher pro Waschplatz: 1 Ohne, Überlauf: Ja, WonderGliss, Von unten glasiert, Rückwand glasiert: Nein, 450 mm",Keramik
0722430000,"DU Eck-Handwaschbecken ME by Starck 500 mm, mit ÜL, mit HLB, 1 HL, weiß","Duravit ME by Starck Eck-Handwaschbecken, Weiß Hochglanz, Halbrund, Anzahl Waschplätze: 1 Mitte, Hahnlochbank: Ja, Anzahl Hahnlöcher pro Waschplatz: 1 Mitte, Überlauf: Ja, Von unten glasiert, Rückwand glasiert: Nein, 435 mm",Keramik
07224300001,"DU Eck-Handwaschbecken ME by Starck 500 mm, m. ÜL, m. HLB, 1 HL, weiß, WG","Duravit ME by Starck Eck-Handwaschbecken, Weiß Hochglanz, Halbrund, Anzahl Waschplätze: 1 Mitte, Hahnlochbank: Ja, Anzahl Hahnlöcher pro Waschplatz: 1 Mitte, Überlauf: Ja, WonderGliss, Von unten glasiert, Rückwand glasiert: Nein, 435 mm",Keramik
0722433200,"DU Eck-Handwaschbecken ME by Starck 500mm,m.ÜL,m.HLB,1 HL, weiß seidenmatt","Duravit ME by Starck Eck-Handwaschbecken, Weiß Seidenmatt, Halbrund, Anzahl Waschplätze: 1 Mitte, Hahnlochbank: Ja, Anzahl Hahnlöcher pro Waschplatz: 1 Mitte, Überlauf: Ja, Von unten glasiert, Rückwand glasiert: Nein, 435 mm",Keramik
07224332001,"DU Eck-Handwaschbecken ME by Starck 500mm,m.ÜL,m.HLB,1 HL, weiß seidenm.,WG","Duravit ME by Starck Eck-Handwaschbecken, Weiß Seidenmatt, Halbrund, Anzahl Waschplätze: 1 Mitte, Hahnlochbank: Ja, Anzahl Hahnlöcher pro Waschplatz: 1 Mitte, Überlauf: Ja, WonderGliss, Von unten glasiert, Rückwand glasiert: Nein, 435 mm",Keramik
0723430000,"DU Möbelhandwaschbecken ME by Starck 430 mm, mit ÜL, mit HLB r., 1 HL, weiß","Duravit ME by Starck Handwaschbecken, Weiß Hochglanz, Rechteckig, Anzahl Waschplätze: 1 Links, Hahnlochbank: Ja, Anzahl Hahnlöcher pro Waschplatz: 1 Rechts, Überlauf: Ja, Rückwand glasiert: Nein, 430 mm",Keramik
07234300001,"DU Möbelhandwaschbecken ME by Starck 430 mm,m.ÜL,m.HLB r.,1 HL,weiß,WG","Duravit ME by Starck Handwaschbecken, Weiß Hochglanz, Rechteckig, Anzahl Waschplätze: 1 Links, Hahnlochbank: Ja, Anzahl Hahnlöcher pro Waschplatz: 1 Rechts, Überlauf: Ja, WonderGliss, Rückwand glasiert: Nein, 430 mm",Keramik
0723430041,"DU Möbelhandwaschbecken ME by Starck 430 mm,o.ÜL,m.HLB r.,1 HL,weiß","Duravit ME by Starck Handwaschbecken, Weiß Hochglanz, Rechteckig, Anzahl Waschplätze: 1 Links, Hahnlochbank: Ja, Anzahl Hahnlöcher pro Waschplatz: 1 Mitte, Überlauf: Nein, Rückwand glasiert: Nein, 430 mm",Keramik
07234300411,"DU Möbelhandwaschbecken ME by Starck 430 mm,o.ÜL,m.HLB r.,1 HL,weiß,WG","Duravit ME by Starck Handwaschbecken, Weiß Hochglanz, Rechteckig, Anzahl Waschplätze: 1 Links, Hahnlochbank: Ja, Anzahl Hahnlöcher pro Waschplatz: 1 Mitte, Überlauf: Nein, WonderGliss, Rückwand glasiert: Nein, 430 mm",Keramik
0723433200,"DU Möbelhandwaschbecken ME by Starck 430mm,m.ÜL,m.HLB r,1 HL,weiß seidenmatt","Duravit ME by Starck Handwaschbecken, Weiß Seidenmatt, Rechteckig, Anzahl Waschplätze: 1 Links, Hahnlochbank: Ja, Anzahl Hahnlöcher pro Waschplatz: 1 Rechts, Überlauf: Ja, Rückwand glasiert: Nein, 430 mm",Keramik
07234332001,"DU Möbelhandwaschbecken ME by Starck 430mm,m.ÜL,m.HLB r,1 HL,weiß seidenm,WG","Duravit ME by Starck Handwaschbecken, Weiß Seidenmatt, Rechteckig, Anzahl Waschplätze: 1 Links, Hahnlochbank: Ja, Anzahl Hahnlöcher pro Waschplatz: 1 Rechts, Überlauf: Ja, WonderGliss, Rückwand glasiert: Nein, 430 mm",Keramik
0723433241,"DU Möbelhandwaschbecken ME by Starck 430mm,o.ÜL,m.HLB r,1 HL,weiß seidenmatt","Duravit ME by Starck Handwaschbecken, Weiß Seidenmatt, Rechteckig, Anzahl Waschplätze: 1 Links, Hahnlochbank: Ja, Anzahl Hahnlöcher pro Waschplatz: 1 Mitte, Überlauf: Nein, Rückwand glasiert: Nein, 430 mm",Keramik
07234332411,"DU Möbelhandwaschbecken ME by Starck 430mm,o.ÜL,m.HLB r,1 HL,weiß seidenm,WG","Duravit ME by Starck Handwaschbecken, Weiß Seidenmatt, Rechteckig, Anzahl Waschplätze: 1 Links, Hahnlochbank: Ja, Anzahl Hahnlöcher pro Waschplatz: 1 Mitte, Überlauf: Nein, WonderGliss, Rückwand glasiert: Nein, 430 mm",Keramik
0724380000,"DU Möbelhandwaschbecken 380mm, Weiß o. ÜL, mit HLB, HL re, Bef.inkl.","Duravit Vero Air Handwaschbecken, Weiß Hochglanz, Rechteckig, Anzahl Waschplätze: 1 Links, Hahnlochbank: Ja, Anzahl Hahnlöcher pro Waschplatz: 1 Rechts, Überlauf: Nein, Von unten glasiert, Rückwand glasiert: Nein, 380 mm",Keramik
07243800001,"DU Möbelhandwaschbecken 380mm, Weiß o. ÜL, mit HLB, HL re, Bef.inkl.,WG","Duravit Vero Air Handwaschbecken, Weiß Hochglanz, Rechteckig, Anzahl Waschplätze: 1 Links, Hahnlochbank: Ja, Anzahl Hahnlöcher pro Waschplatz: 1 Rechts, Überlauf: Nein, WonderGliss, Von unten glasiert, Rückwand glasiert: Nein, 380 mm",Keramik
0724450000,"DU Handwaschbecken Vero Air 450mm m.ÜL, m.HLB, m.HL, weiß","Duravit Vero Air Handwaschbecken, Weiß Hochglanz, Rechteckig, Anzahl Waschplätze: 1 Mitte, Hahnlochbank: Ja, Anzahl Hahnlöcher pro Waschplatz: 1 Mitte, Überlauf: Ja, Von unten glasiert, Rückwand glasiert: Nein, 450 mm",Keramik
07244500001,"DU Handwaschbecken Vero Air 450mm m.ÜL, m.HLB, m.HL, weiß, WG","Duravit Vero Air Handwaschbecken, Weiß Hochglanz, Rechteckig, Anzahl Waschplätze: 1 Mitte, Hahnlochbank: Ja, Anzahl Hahnlöcher pro Waschplatz: 1 Mitte, Überlauf: Ja, WonderGliss, Von unten glasiert, Rückwand glasiert: Nein, 450 mm",Keramik
0724450027,"DU Handwaschbecken Vero Air 450mm m.ÜL, m.HLB, m.HL, geschl, weiß","Duravit Vero Air Handwaschbecken, Weiß Hochglanz, Rechteckig, Anzahl Waschplätze: 1 Mitte, Hahnlochbank: Ja, Anzahl Hahnlöcher pro Waschplatz: 1 Mitte, Überlauf: Ja, Geschliffen, Rückwand glasiert: Nein, 450 mm",Keramik
07244500271,"DU Handwaschbecken Vero Air 450mm m.ÜL, m.HLB, m.HL, geschl, weiß, WG","Duravit Vero Air Handwaschbecken, Weiß Hochglanz, Rechteckig, Anzahl Waschplätze: 1 Mitte, Hahnlochbank: Ja, Anzahl Hahnlöcher pro Waschplatz: 1 Mitte, Überlauf: Ja, Geschliffen, WonderGliss, Rückwand glasiert: Nein, 450 mm",Keramik
0724450060,"DU Handwaschbecken Vero Air 450mm m.ÜL, m.HLB, o.HL, weiß","Duravit Vero Air Handwaschbecken, Weiß Hochglanz, Rechteckig, Anzahl Waschplätze: 1 Mitte, Hahnlochbank: Ja, Überlauf: Ja, Von unten glasiert, Rückwand glasiert: Nein, 450 mm",Keramik
07244500601,"DU Handwaschbecken Vero Air 450mm m.ÜL, m.HLB, o.HL, weiß, WG","Duravit Vero Air Handwaschbecken, Weiß Hochglanz, Rechteckig, Anzahl Waschplätze: 1 Mitte, Hahnlochbank: Ja, Überlauf: Ja, WonderGliss, Von unten glasiert, Rückwand glasiert: Nein, 450 mm",Keramik
0724500000,"DU Handwaschbecken Vero Air 500mm o.ÜL,m.HLB,o. HL,weiß","Duravit Vero Air Handwaschbecken, Weiß Hochglanz, Rechteckig, Anzahl Waschplätze: 1 Mitte, Hahnlochbank: Ja, Überlauf: Nein, Von unten glasiert, Rückwand glasiert: Nein, 500 mm",Keramik
07245000001,"DU Handwaschbecken Vero Air 500mm o.ÜL,m.HLB,o. HL,weiß,WG","Duravit Vero Air Handwaschbecken, Weiß Hochglanz, Rechteckig, Anzahl Waschplätze: 1 Mitte, Hahnlochbank: Ja, Überlauf: Nein, WonderGliss, Von unten glasiert, Rückwand glasiert: Nein, 500 mm",Keramik
0724500008,"DU Handwaschbecken Vero Air 500mm o.ÜL, m.HLB, 1 HL rechts, weiß","Duravit Vero Air Handwaschbecken, Weiß Hochglanz, Rechteckig, Anzahl Waschplätze: 1 Mitte, Hahnlochbank: Ja, Anzahl Hahnlöcher pro Waschplatz: 1 Rechts, Überlauf: Nein, Von unten glasiert, Rückwand glasiert: Nein, 500 mm",Keramik
07245000081,"DU Handwaschbecken Vero Air 500mm o.ÜL, m.HLB, 1 HL rechts, weiß, WG","Duravit Vero Air Handwaschbecken, Weiß Hochglanz, Rechteckig, Anzahl Waschplätze: 1 Mitte, Hahnlochbank: Ja, Anzahl Hahnlöcher pro Waschplatz: 1 Rechts, Überlauf: Nein, WonderGliss, Von unten glasiert, Rückwand glasiert: Nein, 500 mm",Keramik
0724500009,"DU Handwaschbecken Vero Air 500mm o.ÜL, m.HLB, 1 HL links, weiß","Duravit Vero Air Handwaschbecken, Weiß Hochglanz, Rechteckig, Anzahl Waschplätze: 1 Mitte, Hahnlochbank: Ja, Anzahl Hahnlöcher pro Waschplatz: 1 Links, Überlauf: Nein, Von unten glasiert, Rückwand glasiert: Nein, 500 mm",Keramik
07245000091,"DU Handwaschbecken Vero Air 500mm o.ÜL, m.HLB, 1 HL links, weiß, WG","Duravit Vero Air Handwaschbecken, Weiß Hochglanz, Rechteckig, Anzahl Waschplätze: 1 Mitte, Hahnlochbank: Ja, Anzahl Hahnlöcher pro Waschplatz: 1 Links, Überlauf: Nein, WonderGliss, Von unten glasiert, Rückwand glasiert: Nein, 500 mm",Keramik
0731470000,"DU Handwaschbecken Darling New 470 mm mit ÜL, mit HLB, 1 HL, weiß","Duravit Darling New Handwaschbecken, Weiß Hochglanz, Rund, Anzahl Waschplätze: 1 Mitte, Hahnlochbank: Ja, Anzahl Hahnlöcher pro Waschplatz: 1 Mitte, Überlauf: Ja, Von unten glasiert, Rückwand glasiert: Nein, 470 mm",Keramik
07314700001,"DU Handwaschbecken Darling New 470 mm mit ÜL, mit HLB, 1 HL, weiß WonderGliss","Duravit Darling New Handwaschbecken, Weiß Hochglanz, Rund, Anzahl Waschplätze: 1 Mitte, Hahnlochbank: Ja, Anzahl Hahnlöcher pro Waschplatz: 1 Mitte, Überlauf: Ja, WonderGliss, Von unten glasiert, Rückwand glasiert: Nein, 470 mm",Keramik
0732450041,"DU Handwaschbecken DuraSquare 450mm o.ÜL, m.HLB, 1.HL, weiß","Duravit DuraSquare Handwaschbecken, Weiß Hochglanz, DuraCeram®, Rechteckig, Anzahl Waschplätze: 1 Mitte, Hahnlochbank: Ja, Anzahl Hahnlöcher pro Waschplatz: 1 Mitte, Überlauf: Nein, Inkl. Keramische Ventilabdeckhaube, Inkl. Schaftventil, Von unten glasiert, Rückwand glasiert: Nein, 450 mm",Keramik
07324500411,"DU Handwaschbecken DuraSquare 450mm o.ÜL, m.HLB, 1.HL, weiß, WG","Duravit DuraSquare Handwaschbecken, Weiß Hochglanz, DuraCeram®, Rechteckig, Anzahl Waschplätze: 1 Mitte, Hahnlochbank: Ja, Anzahl Hahnlöcher pro Waschplatz: 1 Mitte, Überlauf: Nein, WonderGliss, Inkl. Keramische Ventilabdeckhaube, Inkl. Schaftventil, Von unten glasiert, Rückwand glasiert: Nein, 450 mm",Keramik
0732450070,"DU Handwaschbecken DuraSquare 450mm o.ÜL, m.HLB, o.HL, weiß","Duravit DuraSquare Handwaschbecken, Weiß Hochglanz, DuraCeram®, Rechteckig, Anzahl Waschplätze: 1 Mitte, Hahnlochbank: Ja, Überlauf: Nein, Inkl. Keramische Ventilabdeckhaube, Inkl. Schaftventil, Von unten glasiert, Rückwand glasiert: Nein, 450 mm",Keramik
07324500701,"DU Handwaschbecken DuraSquare 450mm o.ÜL, m.HLB, o.HL, weiß, WG","Duravit DuraSquare Handwaschbecken, Weiß Hochglanz, DuraCeram®, Rechteckig, Anzahl Waschplätze: 1 Mitte, Hahnlochbank: Ja, Überlauf: Nein, WonderGliss, Inkl. Keramische Ventilabdeckhaube, Inkl. Schaftventil, Von unten glasiert, Rückwand glasiert: Nein, 450 mm",Keramik
0732450071,"DU Handwaschbecken DuraSquare 450mm o.ÜL, m.HLB, 1.HL, geschl, weiß","Duravit DuraSquare Handwaschbecken, Weiß Hochglanz, DuraCeram®, Rechteckig, Anzahl Waschplätze: 1 Mitte, Hahnlochbank: Ja, Anzahl Hahnlöcher pro Waschplatz: 1 Mitte, Überlauf: Nein, Geschliffen, Inkl. Keramische Ventilabdeckhaube, Inkl. Schaftventil, Rückwand glasiert: Nein, 450 mm",Keramik
07324500711,"DU Handwaschbecken DuraSquare 450mm o.ÜL, m.HLB, 1.HL, geschl, weiß, WG","Duravit DuraSquare Handwaschbecken, Weiß Hochglanz, DuraCeram®, Rechteckig, Anzahl Waschplätze: 1 Mitte, Hahnlochbank: Ja, Anzahl Hahnlöcher pro Waschplatz: 1 Mitte, Überlauf: Nein, Geschliffen, WonderGliss, Inkl. Keramische Ventilabdeckhaube, Inkl. Schaftventil, Rückwand glasiert: Nein, 450 mm",Keramik
0732450079,"DU Handwaschbecken DuraSquare 450mm o.ÜL, m.HLB, o.HL, geschl, weiß","Duravit DuraSquare Handwaschbecken, Weiß Hochglanz, DuraCeram®, Rechteckig, Anzahl Waschplätze: 1 Mitte, Hahnlochbank: Ja, Überlauf: Nein, Geschliffen, Inkl. Keramische Ventilabdeckhaube, Inkl. Schaftventil, Rückwand glasiert: Nein, 450 mm",Keramik
07324500791,"DU Handwaschbecken DuraSquare 450mm o.ÜL, m.HLB, o.HL, geschl, weiß, WG","Duravit DuraSquare Handwaschbecken, Weiß Hochglanz, DuraCeram®, Rechteckig, Anzahl Waschplätze: 1 Mitte, Hahnlochbank: Ja, Überlauf: Nein, Geschliffen, WonderGliss, Inkl. Keramische Ventilabdeckhaube, Inkl. Schaftventil, Rückwand glasiert: Nein, 450 mm",Keramik
0733450041,"DU Möbelhandwaschbecken Viu 450mm o. ÜL, m.HLB, 1 HL, weiß","Duravit Viu Handwaschbecken, Weiß Hochglanz, Rechteckig, Anzahl Waschplätze: 1 Mitte, Hahnlochbank: Ja, Anzahl Hahnlöcher pro Waschplatz: 1 Mitte, Überlauf: Nein, Inkl. Keramische Ventilabdeckhaube, Inkl. Schaftventil, Von unten glasiert, Rückwand glasiert: Nein, 450 mm",Keramik
07334500411,"DU Möbelhandwaschbecken Viu 450mm o. ÜL, m.HLB, 1 HL, weiß, WG","Duravit Viu Handwaschbecken, Weiß Hochglanz, Rechteckig, Anzahl Waschplätze: 1 Mitte, Hahnlochbank: Ja, Anzahl Hahnlöcher pro Waschplatz: 1 Mitte, Überlauf: Nein, WonderGliss, Inkl. Keramische Ventilabdeckhaube, Inkl. Schaftventil, Von unten glasiert, Rückwand glasiert: Nein, 450 mm",Keramik
0733450070,"DU Möbelhandwaschbecken Viu 450mm o. ÜL, m.HLB, o.HL, weiß","Duravit Viu Handwaschbecken, Weiß Hochglanz, Rechteckig, Anzahl Waschplätze: 1 Mitte, Hahnlochbank: Ja, Überlauf: Nein, Inkl. Keramische Ventilabdeckhaube, Inkl. Schaftventil, Von unten glasiert, Rückwand glasiert: Nein, 450 mm",Keramik
0738450041,"DU HWB D-Neo 450mm, weiß o.ÜL,m.HLB,1HL,Unterseite glasiert","Duravit D-Neo Handwaschbecken, Weiß Hochglanz, Rechteckig, Anzahl Waschplätze: 1 Mitte, Hahnlochbank: Ja, Anzahl Hahnlöcher pro Waschplatz: 1 Mitte, Überlauf: Nein, Von unten glasiert, Rückwand glasiert: Nein, 450 mm",Keramik
07384500411,"DU HWB D-Neo 450mm, weiß o.ÜL,m.HLB,1HL,Unters.glasiert,WGL","Duravit D-Neo Handwaschbecken, Weiß Hochglanz, Rechteckig, Anzahl Waschplätze: 1 Mitte, Hahnlochbank: Ja, Anzahl Hahnlöcher pro Waschplatz: 1 Mitte, Überlauf: Nein, WonderGliss, Von unten glasiert, Rückwand glasiert: Nein, 450 mm",Keramik
0738450070,"DU HWB D-Neo 450mm, weiß o.ÜL,m.HLB,o.HL,Unterseite glasiert","Duravit D-Neo Handwaschbecken, Weiß Hochglanz, Rechteckig, Anzahl Waschplätze: 1 Mitte, Hahnlochbank: Ja, Überlauf: Nein, Von unten glasiert, Rückwand glasiert: Nein, 450 mm",Keramik
07384500701,"DU HWB D-Neo 450mm, weiß o.ÜL,m.HLB,o.HL,Unters.glasiert,WGL","Duravit D-Neo Handwaschbecken, Weiß Hochglanz, Rechteckig, Anzahl Waschplätze: 1 Mitte, Hahnlochbank: Ja, Überlauf: Nein, WonderGliss, Von unten glasiert, Rückwand glasiert: Nein, 450 mm",Keramik
0739400041,"DU HWB D-Neo 400mm, weiß o.ÜL,m.HLB,seitl.1HL,unten glasiert","Duravit D-Neo Handwaschbecken, Weiß Hochglanz, Rechteckig, Anzahl Waschplätze: 1 Links, Hahnlochbank: Ja, Anzahl Hahnlöcher pro Waschplatz: 1 Mitte, Überlauf: Nein, Von unten glasiert, Rückwand glasiert: Nein, 400 mm",Keramik
07394000411,"DU HWB D-Neo 400mm, weiß o.ÜL,m.HLB,seitl.1HL,unten glasiert,WGL","Duravit D-Neo Handwaschbecken, Weiß Hochglanz, Rechteckig, Anzahl Waschplätze: 1 Links, Hahnlochbank: Ja, Anzahl Hahnlöcher pro Waschplatz: 1 Mitte, Überlauf: Nein, WonderGliss, Von unten glasiert, Rückwand glasiert: Nein, 400 mm",Keramik
0750450000,"DU Handwaschbecken Starck 3 450 mm mit ÜL, mit HLB, 1 HL, weiß","Duravit Starck 3 Handwaschbecken, Weiß Hochglanz, Rechteckig, Anzahl Waschplätze: 1 Mitte, Hahnlochbank: Ja, Anzahl Hahnlöcher pro Waschplatz: 1 Mitte, Überlauf: Ja, Von unten glasiert, Rückwand glasiert: Nein, 450 mm",Keramik
07504500001,"DU Handwaschbecken Starck 3 450 mm mit ÜL, mit HLB, 1 HL, weiß WonderGliss","Duravit Starck 3 Handwaschbecken, Weiß Hochglanz, Rechteckig, Anzahl Waschplätze: 1 Mitte, Hahnlochbank: Ja, Anzahl Hahnlöcher pro Waschplatz: 1 Mitte, Überlauf: Ja, WonderGliss, Von unten glasiert, Rückwand glasiert: Nein, 450 mm",Keramik
0751400000,"DU Handwaschbecken Starck 3 400 mm mit ÜL, mit HLB, HL rechts, weiß","Duravit Starck 3 Handwaschbecken, Weiß Hochglanz, Rechteckig, Anzahl Waschplätze: 1 Links, Hahnlochbank: Ja, Anzahl Hahnlöcher pro Waschplatz: 1 Rechts, Überlauf: Ja, Von unten glasiert, Rückwand glasiert: Nein, 400 mm",Keramik
07514000001,"DU Handwaschbecken Starck 3 400 mm mit ÜL, mit HLB, HL rechts, weiß WG","Duravit Starck 3 Handwaschbecken, Weiß Hochglanz, Rechteckig, Anzahl Waschplätze: 1 Links, Hahnlochbank: Ja, Anzahl Hahnlöcher pro Waschplatz: 1 Rechts, Überlauf: Ja, WonderGliss, Von unten glasiert, Rückwand glasiert: Nein, 400 mm",Keramik
0751500000,"DU Handwaschbecken Starck 3 500 mm m.ÜL, m.HLB, HL-Vst. li./re., weiß","Duravit Starck 3 Handwaschbecken, Weiß Hochglanz, Rechteckig, Anzahl Waschplätze: 1 Links, Hahnlochbank: Ja, Überlauf: Ja, Anzahl vorgestochene Hahnlöcher: 2, Von unten glasiert, Rückwand glasiert: Nein, 500 mm",Keramik
07515000001,"DU Handwaschbecken Starck 3 500 mm m.ÜL, m.HLB, HL-Vst. li./re., weiß WG","Duravit Starck 3 Handwaschbecken, Weiß Hochglanz, Rechteckig, Anzahl Waschplätze: 1 Links, Hahnlochbank: Ja, Überlauf: Ja, Anzahl vorgestochene Hahnlöcher: 2, WonderGliss, Von unten glasiert, Rückwand glasiert: Nein, 500 mm",Keramik
0752440000,"DU Eck-Handwaschbecken Starck 3 430 mm mit ÜL, mit HLB, 1 HL, weiß","Duravit Starck 3 Eck-Handwaschbecken, Weiß Hochglanz, Quadratisch, Anzahl Waschplätze: 1 Mitte, Hahnlochbank: Ja, Anzahl Hahnlöcher pro Waschplatz: 1 Mitte, Überlauf: Ja, Von unten glasiert, Rückwand glasiert: Nein, 430 mm",Keramik
07524400001,"DU Eck-Handwaschbecken Starck 3 430 mm mit ÜL, mit HLB, 1 HL, weiß WonderGliss","Duravit Starck 3 Eck-Handwaschbecken, Weiß Hochglanz, Quadratisch, Anzahl Waschplätze: 1 Mitte, Hahnlochbank: Ja, Anzahl Hahnlöcher pro Waschplatz: 1 Mitte, Überlauf: Ja, WonderGliss, Von unten glasiert, Rückwand glasiert: Nein, 430 mm",Keramik
0765650000,"DU Handwaschbecken Architec 645 mm o.ÜL, m.HLB, 1 HL, Becken re., weiß","Duravit Architec Handwaschbecken, Weiß Hochglanz, Diagonal, Anzahl Waschplätze: 1 Rechts, Hahnlochbank: Ja, Anzahl Hahnlöcher pro Waschplatz: 1 Links, Überlauf: Nein, Von unten glasiert, Rückwand glasiert: Nein, 645 mm",Keramik
0766350000,"DU Handwaschbecken Architec 360 mm o.ÜL, m.HLB, HL-Vst. li./re., weiß","Duravit Architec Handwaschbecken, Weiß Hochglanz, Halbrund, Anzahl Waschplätze: 1 Mitte, Hahnlochbank: Ja, Überlauf: Nein, Position Seifenspender: Rechts, Anzahl vorgestochene Hahnlöcher: 1, Von unten glasiert, Rückwand glasiert: Nein, 360 mm",Keramik
0766350008,"DU Handwaschbecken Architec 360 mm o.ÜL, m.HLB, HL rechts, weiß","Duravit Architec Handwaschbecken, Weiß Hochglanz, Halbrund, Anzahl Waschplätze: 1 Mitte, Hahnlochbank: Ja, Anzahl Hahnlöcher pro Waschplatz: 1 Rechts, Überlauf: Nein, Von unten glasiert, Rückwand glasiert: Nein, 360 mm",Keramik
0766350009,"DU Handwaschbecken Architec 360 mm o.ÜL, m.HLB, HL links, weiß","Duravit Architec Handwaschbecken, Weiß Hochglanz, Halbrund, Anzahl Waschplätze: 1 Mitte, Hahnlochbank: Ja, Anzahl Hahnlöcher pro Waschplatz: 1 Links, Überlauf: Nein, Von unten glasiert, Rückwand glasiert: Nein, 360 mm",Keramik
0785500000,"DU Handwaschbecken 1930 500 mm mit ÜL, mit HLB, 1 HL, weiß","Duravit Serie 1930 Handwaschbecken, Weiß Hochglanz, Oktogonal, Anzahl Waschplätze: 1 Mitte, Hahnlochbank: Ja, Anzahl Hahnlöcher pro Waschplatz: 1 Mitte, Überlauf: Ja, Von unten glasiert, Rückwand glasiert: Nein, 500 mm",Keramik
07855000001,"DU Handwaschbecken 1930 500 mm mit ÜL, mit HLB, 1 HL, weiß WonderGliss","Duravit Serie 1930 Handwaschbecken, Weiß Hochglanz, Oktogonal, Anzahl Waschplätze: 1 Mitte, Hahnlochbank: Ja, Anzahl Hahnlöcher pro Waschplatz: 1 Mitte, Überlauf: Ja, WonderGliss, Von unten glasiert, Rückwand glasiert: Nein, 500 mm",Keramik
0793420000,"DU Eck-Handwaschbecken 1930 595 mm mit ÜL, mit HLB, 1 HL, weiß","Duravit Serie 1930 Eck-Handwaschbecken, Weiß Hochglanz, Oktogonal, Anzahl Waschplätze: 1 Mitte, Hahnlochbank: Ja, Anzahl Hahnlöcher pro Waschplatz: 1 Mitte, Überlauf: Ja, Von unten glasiert, Rückwand glasiert: Nein, 595 mm",Keramik
07934200001,"DU Eck-Handwaschbecken 1930 595 mm mit ÜL, mit HLB, 1 HL, weiß WonderGliss","Duravit Serie 1930 Eck-Handwaschbecken, Weiß Hochglanz, Oktogonal, Anzahl Waschplätze: 1 Mitte, Hahnlochbank: Ja, Anzahl Hahnlöcher pro Waschplatz: 1 Mitte, Überlauf: Ja, WonderGliss, Von unten glasiert, Rückwand glasiert: Nein, 595 mm",Keramik
0797350000,"DU HWB Design Classics Comp. 365 mm m.ÜL, m.HLB, HL-Vst.li./re., weiß","Duravit Design Classics  Handwaschbecken, Weiß Hochglanz, Halbrund, Anzahl Waschplätze: 1 Mitte, Hahnlochbank: Ja, Überlauf: Ja, Anzahl vorgestochene Hahnlöcher: 2, Von unten glasiert, Rückwand glasiert: Nein, 365 mm",Keramik
0797354100,"DU HWB Design Classics Comp. 365 mm m.ÜL, m.HLB, HL-Vst.li./re., bahamabeige","Duravit Design Classics  Handwaschbecken, Bahamabeige Hochglanz, Halbrund, Anzahl Waschplätze: 1 Mitte, Hahnlochbank: Ja, Überlauf: Ja, Anzahl vorgestochene Hahnlöcher: 2, Von unten glasiert, Rückwand glasiert: Nein, 365 mm",Keramik
0797354700,"DU HWB Design Classics Comp. 365 mm m.ÜL, m.HLB, HL-Vst.li./re., pergamon","Duravit Design Classics  Handwaschbecken, Pergamon Hochglanz, Halbrund, Anzahl Waschplätze: 1 Mitte, Hahnlochbank: Ja, Überlauf: Ja, Anzahl vorgestochene Hahnlöcher: 2, Von unten glasiert, Rückwand glasiert: Nein, 365 mm",Keramik
0821350000,"DU Urinal Starck 3, Zulauf von hinten absaugend, o.Deckel, o.Fliege, weiß","Duravit Starck 3 Urinal, Weiß Hochglanz, Spülrand: geschlossen, Spülform: Absauger, Position Zulauf: Hinten, Verdeckter Zulauf, Inkl. Befestigungsmaterial, Abgang: waagerecht, Verdeckter Abgang",Keramik
08213500001,"DU Urinal Starck 3, Zulauf von hinten absaugend, o.Deckel, o.Fliege, weiß WG","Duravit Starck 3 Urinal, Weiß Hochglanz, Spülrand: geschlossen, Spülform: Absauger, Position Zulauf: Hinten, Verdeckter Zulauf, Inkl. Befestigungsmaterial, WonderGliss, Abgang: waagerecht, Verdeckter Abgang",Keramik
0821352000,"DU Urinal Starck 3, Zulauf von hinten absaugend,o.Deckel,o.Fliege,weiß,HYG","Duravit Starck 3 Urinal, Weiß Hochglanz, HygieneGlaze, Spülrand: geschlossen, Spülform: Absauger, Position Zulauf: Hinten, Verdeckter Zulauf, Inkl. Befestigungsmaterial, Abgang: waagerecht, Verdeckter Abgang",Keramik
0821352007,"DU Urinal Starck 3, Zulauf von hinten absaugend,o.Deckel,m.Fliege,weiß,HYG","Duravit Starck 3 Urinal, Weiß Hochglanz, HygieneGlaze, Spülrand: geschlossen, Spülform: Absauger, Position Zulauf: Hinten, Zielfliege, Verdeckter Zulauf, Inkl. Befestigungsmaterial, Abgang: waagerecht, Verdeckter Abgang",Keramik
0822350007,"DU Urinal Starck 3, Zulauf von oben absaugend, o.Deckel, m.Fliege, weiß","Duravit Starck 3 Urinal, Weiß Hochglanz, Spülrand: geschlossen, Spülform: Absauger, Position Zulauf: Oben, Zielfliege, Inkl. Befestigungsmaterial, Abgang: waagerecht, senkrecht, Verdeckter Abgang",Keramik
0822352000,"DU Urinal Starck 3, Zulauf von oben absaugend,o.Deckel,o.Fliege,weiß,HYG","Duravit Starck 3 Urinal, Weiß Hochglanz, HygieneGlaze, Spülrand: geschlossen, Spülform: Absauger, Position Zulauf: Oben, Inkl. Befestigungsmaterial, Abgang: waagerecht, senkrecht, Verdeckter Abgang",Keramik
0823350000,"DU Design Classics Urinal Fizz, Zul. v.h absaugend, f.Deckel, o.Fliege, weiß","Duravit Design Classics Urinal, Weiß Hochglanz, Spülrand: geschlossen, Spülform: Absauger, Position Zulauf: Hinten, Ausführung für Deckel, Verdeckter Zulauf, Inkl. Befestigungsmaterial, Abgang: waagerecht, Verdeckter Abgang, Anschlussmaß Wasseranschluss: 1/2""",Keramik
08233500001,"DU Design Classics Urinal Fizz, Zul.v.h. absaugend, f.Deckel, o.Fliege, weiß WG","Duravit Design Classics Urinal, Weiß Hochglanz, Spülrand: geschlossen, Spülform: Absauger, Position Zulauf: Hinten, Ausführung für Deckel, Verdeckter Zulauf, Inkl. Befestigungsmaterial, WonderGliss, Abgang: waagerecht, Verdeckter Abgang, Anschlussmaß Wasseranschluss: 1/2""",Keramik
0823350007,"DU Design Classics Urinal Fizz, Zul.v.h. absaugend, f.Deckel, m.Fliege, weiß","Duravit Design Classics Urinal, Weiß Hochglanz, Spülrand: geschlossen, Spülform: Absauger, Position Zulauf: Hinten, Ausführung für Deckel, Zielfliege, Verdeckter Zulauf, Inkl. Befestigungsmaterial, Abgang: waagerecht, Verdeckter Abgang, Anschlussmaß Wasseranschluss: 1/2""",Keramik
08233500071,"DU Design Classics Urinal Fizz, Zul.v.h. absaugend, f.Deckel, m.Fliege, weiß WG","Duravit Design Classics Urinal, Weiß Hochglanz, Spülrand: geschlossen, Spülform: Absauger, Position Zulauf: Hinten, Ausführung für Deckel, Zielfliege, Verdeckter Zulauf, Inkl. Befestigungsmaterial, WonderGliss, Abgang: waagerecht, Verdeckter Abgang, Anschlussmaß Wasseranschluss: 1/2""",Keramik
0823360000,"DU Design Classics Urinal Fizz, Zul.v.h. absaugend, o.Deckel, o.Fliege, weiß","Duravit Design Classics Urinal, Weiß Hochglanz, Spülrand: geschlossen, Spülform: Absauger, Position Zulauf: Hinten, Verdeckter Zulauf, Inkl. Befestigungsmaterial, Abgang: waagerecht, Verdeckter Abgang, Anschlussmaß Wasseranschluss: 1/2""",Keramik
08233600001,"DU Design Classics Urinal Fizz, Zul.v.h. absaugend, o.Deckel, o.Fliege, weiß WG","Duravit Design Classics Urinal, Weiß Hochglanz, Spülrand: geschlossen, Spülform: Absauger, Position Zulauf: Hinten, Verdeckter Zulauf, Inkl. Befestigungsmaterial, WonderGliss, Abgang: waagerecht, Verdeckter Abgang, Anschlussmaß Wasseranschluss: 1/2""",Keramik
0823360007,"DU Design Classics Urinal Fizz, Zul.v.h. absaugend, o.Deckel, m.Fliege, weiß","Duravit Design Classics  Urinal, Weiß Hochglanz, Spülrand: geschlossen, Spülform: Absauger, Position Zulauf: Hinten, Zielfliege, Verdeckter Zulauf, Inkl. Befestigungsmaterial, Abgang: waagerecht, Verdeckter Abgang, Anschlussmaß Wasseranschluss: 1/2""",Keramik
08233600071,"DU Design Classics Urinal Fizz, Zul.v.h. absaugend, o.Deckel, m.Fliege, weiß WG","Duravit Design Classics  Urinal, Weiß Hochglanz, Spülrand: geschlossen, Spülform: Absauger, Position Zulauf: Hinten, Zielfliege, Verdeckter Zulauf, Inkl. Befestigungsmaterial, WonderGliss, Abgang: waagerecht, Verdeckter Abgang, Anschlussmaß Wasseranschluss: 1/2""",Keramik
0826250000,"DU Urinal Starck 3, Zulauf von oben rimless, ohne Fliege, weiß","Duravit Starck 3 Urinal, Weiß Hochglanz, Spülrand: rimless, Spülprinzip: Spüldüse, Spülform: Verdrängung, Position Zulauf: Oben, Inkl. Zulauf-Set, Inkl. Befestigungsmaterial, Abgang: waagerecht, Verdeckter Abgang, Inkl. Spüldüse, Anschlussmaß Wasseranschluss: 1/2""",Keramik
08262500001,"DU Urinal Starck 3, Zulauf von oben rimless, ohne Fliege, weiß WG","Duravit Starck 3 Urinal, Weiß Hochglanz, Spülrand: rimless, Spülprinzip: Spüldüse, Spülform: Verdrängung, Position Zulauf: Oben, Inkl. Zulauf-Set, Inkl. Befestigungsmaterial, WonderGliss, Abgang: waagerecht, Verdeckter Abgang, Inkl. Spüldüse, Anschlussmaß Wasseranschluss: 1/2""",Keramik
0826250007,"DU Urinal Starck 3, Zulauf von oben rimless, mit Fliege, weiß","Duravit Starck 3 Urinal, Weiß Hochglanz, Spülrand: rimless, Spülprinzip: Spüldüse, Spülform: Verdrängung, Position Zulauf: Oben, Zielfliege, Inkl. Zulauf-Set, Inkl. Befestigungsmaterial, Abgang: waagerecht, Verdeckter Abgang, Inkl. Spüldüse, Anschlussmaß Wasseranschluss: 1/2""",Keramik
0826252000,"DU Urinal Starck 3, Zulauf von oben rimless, ohne Fliege, weiß, HYG","Duravit Starck 3 Urinal, Weiß Hochglanz, HygieneGlaze, Spülrand: rimless, Spülprinzip: Spüldüse, Spülform: Verdrängung, Position Zulauf: Oben, Inkl. Zulauf-Set, Inkl. Befestigungsmaterial, Abgang: waagerecht, Verdeckter Abgang, Inkl. Spüldüse, Anschlussmaß Wasseranschluss: 1/2""",Keramik
0826252007,"DU Urinal Starck 3, Zulauf von oben rimless, mit Fliege, weiß, HYG","Duravit Starck 3 Urinal, Weiß Hochglanz, HygieneGlaze, Spülrand: rimless, Spülprinzip: Spüldüse, Spülform: Verdrängung, Position Zulauf: Oben, Zielfliege, Inkl. Zulauf-Set, Inkl. Befestigungsmaterial, Abgang: waagerecht, Verdeckter Abgang, Inkl. Spüldüse, Anschlussmaß Wasseranschluss: 1/2""",Keramik
0827250000,"DU Urinal Starck 3, Zulauf von hinten rimless, ohne Fliege, weiß","Duravit Starck 3 Urinal, Weiß Hochglanz, Spülrand: rimless, Spülprinzip: Spüldüse, Spülform: Verdrängung, Position Zulauf: Hinten, Verdeckter Zulauf, Inkl. Zulauf-Set, Inkl. Befestigungsmaterial, Abgang: waagerecht, Verdeckter Abgang, Inkl. Spüldüse, Anschlussmaß Wasseranschluss: 1/2""",Keramik
08272500001,"DU Urinal Starck 3, Zulauf von hinten rimless, ohne Fliege, weiß WG","Duravit Starck 3 Urinal, Weiß Hochglanz, Spülrand: rimless, Spülprinzip: Spüldüse, Spülform: Verdrängung, Position Zulauf: Hinten, Verdeckter Zulauf, Inkl. Zulauf-Set, Inkl. Befestigungsmaterial, WonderGliss, Abgang: waagerecht, Verdeckter Abgang, Inkl. Spüldüse, Anschlussmaß Wasseranschluss: 1/2""",Keramik
0827252000,"DU Urinal Starck 3, Zulauf von hinten rimless, ohne Fliege, weiß, HYG","Duravit Starck 3 Urinal, Weiß Hochglanz, HygieneGlaze, Spülrand: rimless, Spülprinzip: Spüldüse, Spülform: Verdrängung, Position Zulauf: Hinten, Verdeckter Zulauf, Inkl. Zulauf-Set, Inkl. Befestigungsmaterial, Abgang: waagerecht, Verdeckter Abgang, Inkl. Spüldüse, Anschlussmaß Wasseranschluss: 1/2""",Keramik
0827252007,"DU Urinal Starck 3, Zulauf von hinten rimless, mit Fliege, weiß, HYG","Duravit Starck 3 Urinal, Weiß Hochglanz, HygieneGlaze, Spülrand: rimless, Spülprinzip: Spüldüse, Spülform: Verdrängung, Position Zulauf: Hinten, Zielfliege, Verdeckter Zulauf, Inkl. Zulauf-Set, Inkl. Befestigungsmaterial, Abgang: waagerecht, Verdeckter Abgang, Inkl. Spüldüse, Anschlussmaß Wasseranschluss: 1/2""",Keramik
0828300000,"DU Urinal D-Code, Zulauf von oben rimless, ohne Fliege, weiß","Duravit D-Code Urinal, Weiß Hochglanz, Spülrand: rimless, Spülprinzip: Spüldüse, Spülform: Verdrängung, Position Zulauf: Oben, Inkl. Zulauf-Set, Inkl. Befestigungsmaterial, Abgang: waagerecht, Verdeckter Abgang, Inkl. Geruchsverschluss, Inkl. Spüldüse, Anschlussmaß Wasseranschluss: 1/2""",Keramik
0828300007,"DU Urinal D-Code, Zulauf von oben rimless, mit Fliege, weiß","Duravit D-Code Urinal, Weiß Hochglanz, Spülrand: rimless, Spülprinzip: Spüldüse, Spülform: Verdrängung, Position Zulauf: Oben, Zielfliege, Inkl. Zulauf-Set, Inkl. Befestigungsmaterial, Abgang: waagerecht, Verdeckter Abgang, Inkl. Geruchsverschluss, Inkl. Spüldüse, Anschlussmaß Wasseranschluss: 1/2""",Keramik
0828302000,"DU Urinal D-Code, Zulauf von oben rimless, ohne Fliege, weiß, HYG","Duravit D-Code Urinal, Weiß Hochglanz, HygieneGlaze, Spülrand: rimless, Spülprinzip: Spüldüse, Spülform: Verdrängung, Position Zulauf: Oben, Inkl. Zulauf-Set, Inkl. Befestigungsmaterial, Abgang: waagerecht, Verdeckter Abgang, Inkl. Geruchsverschluss, Inkl. Spüldüse, Anschlussmaß Wasseranschluss: 1/2""",Keramik
0828302007,"DU Urinal D-Code, Zulauf von oben rimless, mit Fliege, weiß, HYG","Duravit D-Code Urinal, Weiß Hochglanz, HygieneGlaze, Spülrand: rimless, Spülprinzip: Spüldüse, Spülform: Verdrängung, Position Zulauf: Oben, Zielfliege, Inkl. Zulauf-Set, Inkl. Befestigungsmaterial, Abgang: waagerecht, Verdeckter Abgang, Inkl. Geruchsverschluss, Inkl. Spüldüse, Anschlussmaß Wasseranschluss: 1/2""",Keramik
0829300000,"DU Urinal D-Code, Zulauf von hinten rimless, ohne Fliege, weiß","Duravit D-Code Urinal, Weiß Hochglanz, Spülrand: rimless, Spülprinzip: Spüldüse, Spülform: Verdrängung, Position Zulauf: Hinten, Verdeckter Zulauf, Inkl. Zulauf-Set, Inkl. Befestigungsmaterial, Abgang: waagerecht, Verdeckter Abgang, Inkl. Spüldüse, Anschlussmaß Wasseranschluss: 1/2""",Keramik
0829300007,"DU Urinal D-Code, Zulauf von hinten rimless, mit Fliege, weiß","Duravit D-Code Urinal, Weiß Hochglanz, Spülrand: rimless, Spülprinzip: Spüldüse, Spülform: Verdrängung, Position Zulauf: Hinten, Zielfliege, Verdeckter Zulauf, Inkl. Zulauf-Set, Inkl. Befestigungsmaterial, Abgang: waagerecht, Verdeckter Abgang, Inkl. Spüldüse, Anschlussmaß Wasseranschluss: 1/2""",Keramik
0829302000,"DU Urinal D-Code, Zulauf von hinten rimless, ohne Fliege, weiß, HYG","Duravit D-Code Urinal, Weiß Hochglanz, HygieneGlaze, Spülrand: rimless, Spülprinzip: Spüldüse, Spülform: Verdrängung, Position Zulauf: Hinten, Verdeckter Zulauf, Inkl. Zulauf-Set, Inkl. Befestigungsmaterial, Abgang: waagerecht, Verdeckter Abgang, Inkl. Spüldüse, Anschlussmaß Wasseranschluss: 1/2""",Keramik
0829302007,"DU Urinal D-Code, Zulauf von hinten rimless, mit Fliege, weiß, HYG","Duravit D-Code Urinal, Weiß Hochglanz, HygieneGlaze, Spülrand: rimless, Spülprinzip: Spüldüse, Spülform: Verdrängung, Position Zulauf: Hinten, Zielfliege, Verdeckter Zulauf, Inkl. Zulauf-Set, Inkl. Befestigungsmaterial, Abgang: waagerecht, Verdeckter Abgang, Inkl. Spüldüse, Anschlussmaß Wasseranschluss: 1/2""",Keramik
0830360000,"DU Design Classics Urinal Dura+, Zul.v.h absaugend, o.Deckel, o.Fliege, weiß","Duravit Design Classics Urinal, Weiß Hochglanz, Spülrand: geschlossen, Spülform: Absauger, Position Zulauf: Hinten, Verdeckter Zulauf, Abgang: senkrecht, waagerecht, Verdeckter Abgang, Anschlussmaß Wasseranschluss: 1/2""",Keramik
08303600001,"DU Design Classics Urinal Dura+, Zul.v.h absaugend, o.Deckel, o.Fliege, weiß WG","Duravit Design Classics Urinal, Weiß Hochglanz, Spülrand: geschlossen, Spülform: Absauger, Position Zulauf: Hinten, Verdeckter Zulauf, WonderGliss, Abgang: senkrecht, waagerecht, Verdeckter Abgang, Anschlussmaß Wasseranschluss: 1/2""",Keramik
08303600071,"DU Design Classics Urinal Dura+, Zul.v.h absaugend, o.Deckel, m.Fliege, weiß WG","Duravit Design Classics  Urinal, Weiß Hochglanz, Spülrand: geschlossen, Spülform: Absauger, Position Zulauf: Hinten, Zielfliege, Verdeckter Zulauf, WonderGliss, Abgang: senkrecht, waagerecht, Verdeckter Abgang, Anschlussmaß Wasseranschluss: 1/2""",Keramik
0830370000,"DU Design Classics Urinal Utronic Zul.v.h. f.Batterie, o.Fliege, weiß","Duravit Design Classics Elektronisches Urinal, Weiß Hochglanz, Elektronische Steuerung: Batterieanschluss, Spülrand: geschlossen, Spülform: Absauger, Position Zulauf: Hinten, Verdeckter Zulauf, Abgang: waagerecht, Verdeckter Abgang, Inkl. elektr. Steuerung",Keramik
08303700001,"DU Design Classics Urinal Utronic Zul.v.h. f.Batterie, o.Fliege, weiß WG","Duravit Design Classics Elektronisches Urinal, Weiß Hochglanz, Elektronische Steuerung: Batterieanschluss, Spülrand: geschlossen, Spülform: Absauger, Position Zulauf: Hinten, Verdeckter Zulauf, WonderGliss, Abgang: waagerecht, Verdeckter Abgang, Inkl. elektr. Steuerung",Keramik
0830370007,"DU Design Classics Urinal Utronic Zul.v.h. f.Batterie, m.Fliege, weiß","Duravit Design Classics  Elektronisches Urinal, Weiß Hochglanz, Elektronische Steuerung: Batterieanschluss, Spülrand: geschlossen, Spülform: Absauger, Position Zulauf: Hinten, Zielfliege, Verdeckter Zulauf, Abgang: waagerecht, Verdeckter Abgang, Inkl. elektr. Steuerung",Keramik
0830370093,"DU Design Classics Urinal Utronic Zul.v.h. f.Netzanschl.,o.Fliege, weiß","Duravit Design Classics Elektronisches Urinal, Weiß Hochglanz, Elektronische Steuerung: Netzanschluss, Spülrand: geschlossen, Spülform: Absauger, Position Zulauf: Hinten, Verdeckter Zulauf, Abgang: waagerecht, Verdeckter Abgang, Inkl. elektr. Steuerung",Keramik
08303700931,"DU Design Classics Urinal Utronic Zul.v.h. f.Netzanschl.,o.Fliege, weiß WG","Duravit Design Classics Elektronisches Urinal, Weiß Hochglanz, Elektronische Steuerung: Netzanschluss, Spülrand: geschlossen, Spülform: Absauger, Position Zulauf: Hinten, Verdeckter Zulauf, WonderGliss, Abgang: waagerecht, Verdeckter Abgang, Inkl. elektr. Steuerung",Keramik
0830370097,"DU Design Classics Urinal Utronic Zul.v.h. f.Netzanschl.,m.Fliege, weiß","Duravit Design Classics  Elektronisches Urinal, Weiß Hochglanz, Elektronische Steuerung: Netzanschluss, Spülrand: geschlossen, Spülform: Absauger, Position Zulauf: Hinten, Zielfliege, Verdeckter Zulauf, Abgang: waagerecht, Verdeckter Abgang, Inkl. elektr. Steuerung",Keramik
08303700971,"DU Design Classics Urinal Utronic Zul.v.h. f.Netzanschl.,m.Fliege, weiß WG","Duravit Design Classics  Elektronisches Urinal, Weiß Hochglanz, Elektronische Steuerung: Netzanschluss, Spülrand: geschlossen, Spülform: Absauger, Position Zulauf: Hinten, Zielfliege, Verdeckter Zulauf, WonderGliss, Abgang: waagerecht, Verdeckter Abgang, Inkl. elektr. Steuerung",Keramik
0831320000,"DU Urinal Katja, Zulauf von oben absaugend, ohne Deckel, weiß","Duravit Urinal, Weiß Hochglanz, Spülrand: geschlossen, Spülform: Absauger, Position Zulauf: Oben, Abgang: waagerecht, Verdeckter Abgang, Anschlussmaß Wasseranschluss: 1/2""",Keramik
0832320000,"DU Urinal Katja, Zulauf von hinten absaugend, ohne Deckel, weiß","Duravit Urinal, Weiß Hochglanz, Spülrand: geschlossen, Spülform: Absauger, Position Zulauf: Hinten, Verdeckter Zulauf, Abgang: waagerecht, Verdeckter Abgang, Anschlussmaß Wasseranschluss: 1/2""",Keramik
0834320000,"DU Urinal Starck 1, Zu- und Ablauf verd. absaugend, o.Deckel, o.Fliege, weiß","Duravit Starck 1 Urinal, Weiß Hochglanz, Spülrand: geschlossen, Spülform: Absauger, Position Zulauf: Hinten, Verdeckter Zulauf, Inkl. Befestigungsmaterial, Abgang: waagerecht, Verdeckter Abgang",Keramik
08343200001,"DU Urinal Starck 1, Zu- und Ablauf verd. absaugend, o.Deckel, o.Fliege, weiß WG","Duravit Starck 1 Urinal, Weiß Hochglanz, Spülrand: geschlossen, Spülform: Absauger, Position Zulauf: Hinten, Verdeckter Zulauf, Inkl. Befestigungsmaterial, WonderGliss, Abgang: waagerecht, Verdeckter Abgang",Keramik
0835320000,"DU Urinal Starck 1, Zu- und Ablauf verd. absaugend, f.Deckel, o.Fliege, weiß","Duravit Starck 1 Urinal, Weiß Hochglanz, Spülrand: geschlossen, Spülform: Absauger, Position Zulauf: Hinten, Ausführung für Deckel, Verdeckter Zulauf, Inkl. Befestigungsmaterial, Abgang: waagerecht, Verdeckter Abgang",Keramik
08353200001,"DU Urinal Starck 1, Zu- und Ablauf verd. absaugend, f.Deckel, o.Fliege, weiß WG","Duravit Starck 1 Urinal, Weiß Hochglanz, Spülrand: geschlossen, Spülform: Absauger, Position Zulauf: Hinten, Ausführung für Deckel, Verdeckter Zulauf, Inkl. Befestigungsmaterial, WonderGliss, Abgang: waagerecht, Verdeckter Abgang",Keramik
0847370000,"DU Design Classics Urinal Ben, Zul.v.h. absaugend, o.Deckel, o.Fliege, weiß","Duravit Design Classics Urinal, Weiß Hochglanz, Spülrand: geschlossen, Spülform: Absauger, Position Zulauf: Hinten, Verdeckter Zulauf, Inkl. Befestigungsmaterial, Abgang: waagerecht, Verdeckter Abgang, Anschlussmaß Wasseranschluss: 1/2""",Keramik
08473700001,"DU Design Classics Urinal Ben, Zul.v.h. absaugend, o.Deckel, o.Fliege, weiß WG","Duravit Design Classics Urinal, Weiß Hochglanz, Spülrand: geschlossen, Spülform: Absauger, Position Zulauf: Hinten, Verdeckter Zulauf, Inkl. Befestigungsmaterial, WonderGliss, Abgang: waagerecht, Verdeckter Abgang, Anschlussmaß Wasseranschluss: 1/2""",Keramik
0850350000,"DU Design Classics Urinal Jim, Zulauf o. absaugend, o.Deckel, o.Fliege, weiß","Duravit Design Classics Urinal, Weiß Hochglanz, Spülrand: geschlossen, Spülform: Absauger, Position Zulauf: Oben, Inkl. Befestigungsmaterial, Abgang: waagerecht, Verdeckter Abgang, Anschlussmaß Wasseranschluss: 1/2""",Keramik
0850350007,"DU Design Classics Urinal Jim, Zulauf o. absaugend, o.Deckel, m.Fliege, weiß","Duravit Design Classics Urinal, Weiß Hochglanz, Spülrand: geschlossen, Spülform: Absauger, Position Zulauf: Oben, Zielfliege, Inkl. Befestigungsmaterial, Abgang: waagerecht, Verdeckter Abgang, Anschlussmaß Wasseranschluss: 1/2""",Keramik
0851350000,"DU Design Classics Urinal Bill, Zul.v.h. absaugend, o.Deckel, o.Fliege, weiß","Duravit Design Classics Urinal, Weiß Hochglanz, Spülrand: geschlossen, Spülform: Absauger, Position Zulauf: Hinten, Verdeckter Zulauf, Abgang: waagerecht, Verdeckter Abgang, Anschlussmaß Wasseranschluss: 1/2""",Keramik
0857170000,"DU Halbsäule D-Code für 070545, weiß","Duravit D-Code Halbsäule, Weiß Hochglanz, Montageart: Wandhängend",Keramik
0857180000,"DU Halbsäule D-Code für 231065/231060/231055/034812, weiß","Duravit D-Code Halbsäule, Weiß Hochglanz, Montageart: Wandhängend",Keramik
0857900000,"DU Standsäule 1930 für 043880 und 043870, weiß","Duravit Serie 1930 Standsäule, Weiß Hochglanz, Montageart: Bodenstehend",Keramik
08579000001,"DU Standsäule 1930 für 043880 und 043870, weiß WonderGliss","Duravit Serie 1930 Standsäule, Weiß Hochglanz, WonderGliss, Montageart: Bodenstehend",Keramik
0857910000,"DU Standsäule 1930 für 043860, weiß","Duravit Serie 1930 Standsäule, Weiß Hochglanz, Montageart: Bodenstehend",Keramik
08579100001,"DU Standsäule 1930 für 043860, weiß WonderGliss","Duravit Serie 1930 Standsäule, Weiß Hochglanz, WonderGliss, Montageart: Bodenstehend",Keramik
0858240000,"DU Standsäule Darling New für 262165, 262160, 262155, weiß","Duravit Darling New Standsäule, Weiß Hochglanz, Montageart: Bodenstehend",Keramik
0858260000,"DU Halbsäule Darling New für 073147, weiß","Duravit Darling New Halbsäule, Weiß Hochglanz, Montageart: Wandhängend, Inkl. Befestigungsmaterial",Keramik
0858270000,"DU Standsäule Happy D.2 für 231680, 261665, 231660, weiß","Duravit Happy D.2 Standsäule, Weiß Hochglanz, Montageart: Bodenstehend",Keramik
08582700001,"DU Standsäule Happy D.2 für 231680, 261665, 231660, weiß WG","Duravit Happy D.2 Standsäule, Weiß Hochglanz, WonderGliss, Montageart: Bodenstehend",Keramik
0858280000,"DU Halbsäule Happy D.2 für 231680, 261665, 231660, weiß","Duravit Happy D.2 Halbsäule, Weiß Hochglanz, Montageart: Wandhängend, Inkl. Befestigungsmaterial",Keramik
08582800001,"DU Halbsäule Happy D.2 für 231680, 261665, 231660, weiß WG","Duravit Happy D.2 Halbsäule, Weiß Hochglanz, WonderGliss, Montageart: Wandhängend, Inkl. Befestigungsmaterial",Keramik
0858290000,"DU Standsäule DuraStyle für 231965, 231960, 231955, weiß","Duravit DuraStyle Standsäule, Weiß Hochglanz, Montageart: Bodenstehend",Keramik
08582900001,"DU Standsäule DuraStyle für 231965, 231960, 231955, weiß WG","Duravit DuraStyle Standsäule, Weiß Hochglanz, WonderGliss, Montageart: Bodenstehend",Keramik
0858300000,"DU Halbsäule DuraStyle für 231965, 231960, 231955, weiß","Duravit DuraStyle Halbsäule, Weiß Hochglanz, Montageart: Wandhängend, Inkl. Befestigungsmaterial",Keramik
08583000001,"DU Halbsäule DuraStyle für 231965, 231960, 231955, weiß WG","Duravit DuraStyle Halbsäule, Weiß Hochglanz, WonderGliss, Montageart: Wandhängend, Inkl. Befestigungsmaterial",Keramik
0858310000,"DU Halbsäule DuraStyle für 070845, weiß","Duravit DuraStyle Halbsäule, Weiß Hochglanz, Montageart: Wandhängend, Inkl. Befestigungsmaterial",Keramik
08583100001,"DU Halbsäule DuraStyle für 070845, weiß WonderGliss","Duravit DuraStyle Halbsäule, Weiß Hochglanz, WonderGliss, Montageart: Wandhängend, Inkl. Befestigungsmaterial",Keramik
0858320000,"DU Halbsäule Happy D.2 für 070950, weiß","Duravit Happy D.2 Halbsäule, Weiß Hochglanz, Montageart: Wandhängend",Keramik
08583200001,"DU Halbsäule Happy D.2 für 070950, weiß WonderGliss","Duravit Happy D.2 Halbsäule, Weiß Hochglanz, WonderGliss, Montageart: Wandhängend",Keramik
0858370000,"DU Halbsäule P3 Comforts für 233165, 233160, 233155, weiß","Duravit P3 Comforts Halbsäule, Weiß Hochglanz, Montageart: Wandhängend, Inkl. Befestigungsmaterial",Keramik
0858380000,"DU Halbsäule P3 Comforts für 071645, weiß","Duravit P3 Comforts Halbsäule, Weiß Hochglanz, Montageart: Wandhängend, Inkl. Befestigungsmaterial",Keramik
0858390000,"DU Standsäule ME by Starck für 233565, 233560, 233555, weiß","Duravit ME by Starck Standsäule, Weiß Hochglanz, Montageart: Bodenstehend",Keramik
08583900001,"DU Standsäule ME by Starck für 233565, 233560, 233555, weiß WG","Duravit ME by Starck Standsäule, Weiß Hochglanz, WonderGliss, Montageart: Bodenstehend",Keramik
0858400000,"DU Halbsäule ME by Starck für 233565, 233560, 233555, weiß","Duravit ME by Starck Halbsäule, Weiß Hochglanz, Montageart: Wandhängend, Inkl. Befestigungsmaterial",Keramik
08584000001,"DU Halbsäule ME by Starck für 233565, 233560, 233555, weiß WG","Duravit ME by Starck Halbsäule, Weiß Hochglanz, WonderGliss, Montageart: Wandhängend, Inkl. Befestigungsmaterial",Keramik
0858410000,"DU Halbsäule ME by Starck für 071945, weiß","Duravit ME by Starck Halbsäule, Weiß Hochglanz, Montageart: Wandhängend, Inkl. Befestigungsmaterial",Keramik
08584100001,"DU Halbsäule ME by Starck für 071945, weiß WonderGliss","Duravit ME by Starck Halbsäule, Weiß Hochglanz, WonderGliss, Montageart: Wandhängend, Inkl. Befestigungsmaterial",Keramik
0865150000,DU Halbsäule Starck 3 f.030065/60/55 u.030480/70/10 weiß,"Duravit Starck 3 Halbsäule, Weiß Hochglanz, Montageart: Wandhängend, Inkl. Befestigungsmaterial",Keramik
08651500001,DU Halbsäule Starck 3 f.030065/60/55 u.030480/70/10 weiß WG,"Duravit Starck 3 Halbsäule, Weiß Hochglanz, WonderGliss, Montageart: Wandhängend, Inkl. Befestigungsmaterial",Keramik
0865160000,DU Standsäule Starck 3 f.030065/60/55 u.030480/70/10 weiß,"Duravit Starck 3 Standsäule, Weiß Hochglanz, Montageart: Bodenstehend",Keramik
08651600001,DU Standsäule Starck 3 f.030065/60/55 u.030480/70/10 weiß WG,"Duravit Starck 3 Standsäule, Weiß Hochglanz, WonderGliss, Montageart: Bodenstehend",Keramik
0865170000,"DU Halbsäule Starck 3 f.030050,075045,030160,030155, weiß","Duravit Starck 3 Halbsäule, Weiß Hochglanz, Montageart: Montage unter Waschtisch, Inkl. Befestigungsmaterial",Keramik
08651700001,"DU Halbsäule Starck 3 f.030050,075045,030160,030155, weiß WG","Duravit Starck 3 Halbsäule, Weiß Hochglanz, WonderGliss, Montageart: Montage unter Waschtisch, Inkl. Befestigungsmaterial",Keramik
0872200005,"DU Spülkasten 1930, mit DF-IG chrom Anschluss rechts/links, weiß","Duravit Serie 1930 Spülkasten, Weiß, Spülwassermenge: 6 / 3 l, Inkl. Innengarnitur, Dual Flush, Position Wasseranschluss: Rechts, Links 3/8"", Oberfläche Spülbedienung: Chrom",Keramik
08722000051,"DU Spülkasten 1930, mit DF-IG chrom Anschluss rechts/links, weiß WG","Duravit Serie 1930 Spülkasten, Weiß, Spülwassermenge: 6 / 3 l, Inkl. Innengarnitur, Dual Flush, Position Wasseranschluss: Rechts, Links 3/8"", WonderGliss, Oberfläche Spülbedienung: Chrom, Verdeckter Anschluss",Keramik
0872210005,"DU Spülkasten 1930, mit DF-IG chrom Anschluss unten links, weiß","Duravit Serie 1930 Spülkasten, Weiß, Spülwassermenge: 6 / 3 l, Inkl. Innengarnitur, Dual Flush, Position Wasseranschluss: Unten links 3/8"", Oberfläche Spülbedienung: Chrom, Verdeckter Anschluss",Keramik
08722100051,"DU Spülkasten 1930, mit DF-IG chrom Anschluss unten links, weiß WonderGliss","Duravit Serie 1930 Spülkasten, Weiß, Spülwassermenge: 6 / 3 l, Inkl. Innengarnitur, Dual Flush, Position Wasseranschluss: Unten links 3/8"", WonderGliss, Oberfläche Spülbedienung: Chrom, Verdeckter Anschluss",Keramik
0874000005,"DU SPK Design Classics Lago mit DF-IG chrom Anschluss re./li., weiß","Duravit Design Classics  Spülkasten, Weiß, Spülwassermenge: 6 / 3 l, Inkl. Innengarnitur, Dual Flush, Position Wasseranschluss: Rechts, Links 3/8"", Oberfläche Spülbedienung: Chrom",Keramik
0892450000,"DU Ablage 1930 450 x 130 mm, weiß",Duravit Serie 1930 Standardartikel Ablagen / Regale Keramikablage,Keramik
08924500001,"DU Ablage 1930 450 x 130 mm, weiß WonderGliss",Duravit Serie 1930 Standardartikel Ablagen / Regale Keramikablage,Keramik
0892550000,"DU Ablage 1930 550 x 130 mm, weiß",Duravit Serie 1930 Standardartikel Ablagen / Regale Keramikablage,Keramik
0892750000,"DU Ablage 1930 750 x 130 mm, weiß",Duravit Serie 1930 Standardartikel Ablagen / Regale Keramikablage,Keramik
0893500000,DU Ablage Duraplus 490 x 145 mm weiß,Duravit Standardartikel Ablagen / Regale Keramikablage,Keramik
0893504700,DU Ablage Duraplus 490 x 145 mm pergamon,Duravit Standardartikel Ablagen / Regale Keramikablage,Keramik
08935047001,DU Ablage Duraplus 490 x 145 mm pergamon WonderGliss,Duravit Standardartikel Ablagen / Regale Keramikablage,Keramik
0893600000,DU Ablage Duraplus 590 x 145 mm weiß,Duravit Standardartikel Ablagen / Regale Keramikablage,Keramik
0893604700,DU Ablage Duraplus 590 x 145 mm pergamon,Duravit Standardartikel Ablagen / Regale Keramikablage,Keramik
0920000005,"DU Spülkasten Starck 3, mit DF-IG chrom Anschluss rechts/links, weiß","Duravit Starck 3 Spülkasten, Weiß, Spülwassermenge: 6 / 3 l, Inkl. Innengarnitur, Dual Flush, Position Wasseranschluss: Rechts, Links 3/8"", Oberfläche Spülbedienung: Chrom",Keramik
09200000051,"DU Spülkasten Starck 3, mit DF-IG chrom Anschluss rechts/links, weiß WG","Duravit Starck 3 Spülkasten, Weiß, Spülwassermenge: 6 / 3 l, Inkl. Innengarnitur, Dual Flush, Position Wasseranschluss: Rechts, Links 3/8"", WonderGliss, Oberfläche Spülbedienung: Chrom",Keramik
0920100005,"DU Spülkasten Starck 3, mit DF-IG chrom Anschluss unten links, weiß","Duravit Starck 3 Spülkasten, Weiß, Spülwassermenge: 6 / 3 l, Inkl. Innengarnitur, Dual Flush, Position Wasseranschluss: Unten links, Position Spülbedienung: Oben, Oberfläche Spülbedienung: Chrom, Verdeckter Anschluss",Keramik
09201000051,"DU Spülkasten Starck 3, mit DF-IG chrom Anschluss unten links, weiß WG","Duravit Starck 3 Spülkasten, Weiß, Spülwassermenge: 6 / 3 l, Inkl. Innengarnitur, Dual Flush, Position Wasseranschluss: Unten links 3/8"", Position Spülbedienung: Oben, WonderGliss, Oberfläche Spülbedienung: Chrom, Verdeckter Anschluss",Keramik
0928100005,"DU Spülkasten Starck 3, mit DF-IG chrom Anschl. unten links, f.210409, weiß","Duravit Starck 3 Spülkasten, Weiß, Spülwassermenge: 6 / 3 l, Inkl. Innengarnitur, Dual Flush, Position Wasseranschluss: Unten links 3/8"", Oberfläche Spülbedienung: Chrom, Verdeckter Anschluss",Keramik
09281000051,"DU Spülkasten Starck 3, mit DF-IG chrom Anschl. unten links, f.210409, weiß WG","Duravit Starck 3 Spülkasten, Weiß, Spülwassermenge: 6 / 3 l, Inkl. Innengarnitur, Dual Flush, Position Wasseranschluss: Unten links 3/8"", WonderGliss, Oberfläche Spülbedienung: Chrom, Verdeckter Anschluss",Keramik
0931000005,"DU Spülkasten Darling New, m.DF-IG chrom Anschluss rechts/links, weiß","Duravit Darling New Spülkasten, Weiß, Spülwassermenge: 6 / 3 l, Inkl. Innengarnitur, Dual Flush, Position Wasseranschluss: Rechts, Links 3/8"", Oberfläche Spülbedienung: Chrom",Keramik
09310000051,"DU Spülkasten Darling New, m.DF-IG chrom Anschluss rechts/links, weiß WG","Duravit Darling New Spülkasten, Weiß, Spülwassermenge: 6 / 3 l, Inkl. Innengarnitur, Dual Flush, Position Wasseranschluss: Rechts, Links 3/8"", WonderGliss, Oberfläche Spülbedienung: Chrom",Keramik
0931100005,"DU Spülkasten Darling New, m.DF-IG chrom Anschluss unten links, weiß","Duravit Darling New Spülkasten, Weiß, Spülwassermenge: 6 / 3 l, Inkl. Innengarnitur, Dual Flush, Position Wasseranschluss: Unten links 3/8"", Position Spülbedienung: Oben, Oberfläche Spülbedienung: Chrom, Verdeckter Anschluss",Keramik
09311000051,"DU Spülkasten Darling New, m.DF-IG chrom Anschluss unten links, weiß WonderGliss","Duravit Darling New Spülkasten, Weiß, Spülwassermenge: 6 / 3 l, Inkl. Innengarnitur, Dual Flush, Position Wasseranschluss: Unten links 3/8"", Position Spülbedienung: Oben, WonderGliss, Oberfläche Spülbedienung: Chrom, Verdeckter Anschluss",Keramik
0933000005,"DU Spülkasten Starck 2, mit DF-IG chrom Anschluss links, verdeckt, weiß","Duravit Starck 2 Spülkasten, Weiß, Spülwassermenge: 6 / 3 l, Inkl. Innengarnitur, Dual Flush, Position Wasseranschluss: Links 3/8"", Position Spülbedienung: Oben, Oberfläche Spülbedienung: Chrom, Verdeckter Anschluss",Keramik
09330000051,"DU Spülkasten Starck 2, mit DF-IG chrom Anschluss links, verdeckt, weiß WG","Duravit Starck 2 Spülkasten, Weiß, Spülwassermenge: 6 / 3 l, Inkl. Innengarnitur, Dual Flush, Position Wasseranschluss: Links 3/8"", Position Spülbedienung: Oben, WonderGliss, Oberfläche Spülbedienung: Chrom, Verdeckter Anschluss",Keramik
0934000005,"DU Spülkasten Happy D.2, mit DF-IG chrom Anschluss rechts/links, weiß","Duravit Happy D.2 Spülkasten, Weiß, Spülwassermenge: 6 / 3 l, Inkl. Innengarnitur, Dual Flush, Position Wasseranschluss: Links, Rechts 3/8"", Oberfläche Spülbedienung: Chrom",Keramik
09340000051,"DU Spülkasten Happy D.2, mit DF-IG chrom Anschluss rechts/links, weiß WG","Duravit Happy D.2 Spülkasten, Weiß, Spülwassermenge: 6 / 3 l, Inkl. Innengarnitur, Dual Flush, Position Wasseranschluss: Links, Rechts 3/8"", WonderGliss, Oberfläche Spülbedienung: Chrom",Keramik
0934100005,"DU Spülkasten Happy D.2, mit DF-IG chrom Anschluss unten links, weiß","Duravit Happy D.2 Spülkasten, Weiß, Spülwassermenge: 6 / 3 l, Inkl. Innengarnitur, Dual Flush, Position Wasseranschluss: Unten links 3/8"", Position Spülbedienung: Oben, Oberfläche Spülbedienung: Chrom",Keramik
09341000051,"DU Spülkasten Happy D.2, mit DF-IG chrom Anschluss unten links, weiß WonderGliss","Duravit Happy D.2 Spülkasten, Weiß, Spülwassermenge: 6 / 3 l, Inkl. Innengarnitur, Dual Flush, Position Wasseranschluss: Unten links 3/8"", Position Spülbedienung: Oben, WonderGliss, Oberfläche Spülbedienung: Chrom",Keramik
0935000005,"DU Spülkasten DuraStyle, mit DF-IG chrom Anschluss rechts/links, weiß","Duravit DuraStyle Spülkasten, Weiß, Spülwassermenge: 6 / 3 l, Inkl. Innengarnitur, Dual Flush, Position Wasseranschluss: Rechts, Links 3/8"", Oberfläche Spülbedienung: Chrom",Keramik
09350000051,"DU Spülkasten DuraStyle, mit DF-IG chrom Anschluss rechts/links, weiß WG","Duravit DuraStyle Spülkasten, Weiß, Spülwassermenge: 6 / 3 l, Inkl. Innengarnitur, Dual Flush, Position Wasseranschluss: Rechts, Links 3/8"", WonderGliss, Oberfläche Spülbedienung: Chrom",Keramik
0935100005,"DU Spülkasten DuraStyle, mit DF-IG chrom Anschluss unten links, weiß","Duravit DuraStyle Spülkasten, Weiß, Spülwassermenge: 6 / 3 l, Inkl. Innengarnitur, Dual Flush, Position Wasseranschluss: Unten links 3/8"", Position Spülbedienung: Oben, Oberfläche Spülbedienung: Chrom, Verdeckter Anschluss",Keramik
09351000051,"DU Spülkasten DuraStyle, mit DF-IG chrom Anschluss unten links, weiß WonderGliss","Duravit DuraStyle Spülkasten, Weiß, Spülwassermenge: 6 / 3 l, Inkl. Innengarnitur, Dual Flush, Position Wasseranschluss: Unten links 3/8"", Position Spülbedienung: Oben, WonderGliss, Oberfläche Spülbedienung: Chrom, Verdeckter Anschluss",Keramik
0938000005,"DU SPK ME by Starck, mit DF-IG chrom Anschluss rechts/links, weiß","Duravit ME by Starck Spülkasten, Weiß, Spülwassermenge: 6 / 3 l, Inkl. Innengarnitur, Dual Flush, Position Wasseranschluss: Rechts, Links, Oberfläche Spülbedienung: Chrom",Keramik
09380000051,"DU SPK ME by Starck, mit DF-IG chrom Anschluss rechts/links, weiß WG","Duravit ME by Starck Spülkasten, Weiß, Spülwassermenge: 6 / 3 l, Inkl. Innengarnitur, Dual Flush, Position Wasseranschluss: Rechts, Links, WonderGliss, Oberfläche Spülbedienung: Chrom",Keramik
0938100005,"DU SPK ME by Starck, mit DF-IG chrom Anschluss unten links, weiß","Duravit ME by Starck Spülkasten, Weiß, Spülwassermenge: 6 / 3 l, Inkl. Innengarnitur, Dual Flush, Position Wasseranschluss: Unten links 3/8"", Position Spülbedienung: Oben, Oberfläche Spülbedienung: Chrom, Verdeckter Anschluss",Keramik
09381000051,"DU SPK ME by Starck, mit DF-IG chrom Anschluss unten links, weiß WonderGliss","Duravit ME by Starck Spülkasten, Weiß, Spülwassermenge: 6 / 3 l, Inkl. Innengarnitur, Dual Flush, Position Wasseranschluss: Unten links 3/8"", Position Spülbedienung: Oben, WonderGliss, Oberfläche Spülbedienung: Chrom, Verdeckter Anschluss",Keramik
0941000005,"DU SPK Duravit No.1 Weiß, DF-IG chrom Anschluss re oder li, 6/3 L,","Duravit Duravit No.1 Spülkasten, Weiß, Spülwassermenge: 6 / 3 l, Inkl. Innengarnitur, Dual Flush, Position Wasseranschluss: Rechts, Links 3/8"", Position Spülbedienung: Oben, Mitte, Oberfläche Spülbedienung: Chrom",Keramik
0941100005,"DU SPK Duravit No.1 Weiß, DF-IG chrom Anschluss unten links, 6/3 L,","Duravit Duravit No.1 Spülkasten, Weiß, Spülwassermenge: 6 / 3 l, Inkl. Innengarnitur, Dual Flush, Position Wasseranschluss: Unten links 3/8"", Oberfläche Spülbedienung: Chrom, Verdeckter Anschluss",Keramik
0942000005,"DU Spülkasten Viu weiß DF, 6/3 L, WA 3/8"" seitlich verdeckt","Duravit Viu Spülkasten, Weiß, Spülwassermenge: 6 / 3 l, Inkl. Innengarnitur, Dual Flush, Position Wasseranschluss: Links 3/8"", Oberfläche Spülbedienung: Chrom, Verdeckter Anschluss",Keramik
09420000051,"DU Spülkasten Viu weiß, WG DF, 6/3 L, WA 3/8"" seitlich verdeckt","Duravit Viu Spülkasten, Weiß, Spülwassermenge: 6 / 3 l, Inkl. Innengarnitur, Dual Flush, Position Wasseranschluss: Links 3/8"", WonderGliss, Oberfläche Spülbedienung: Chrom, Verdeckter Anschluss",Keramik
1001070000,"DU Überlaufclip, chrom",Duravit Ersatzteil Ablaufgarnituren Blindstopfen,Badzubehör & Accessoires
1001400000,"DU Bürstenkopf lose, zu 1930, Darling, Dellarco, Foster",Duravit Ersatzteil WC Accessoires Bürstenkopf,Badzubehör & Accessoires
1001420000,DU Puffersatz zu WC-Sitz 1930,Duravit Ersatzteil WC-Sitze Puffer,Badzubehör & Accessoires
1001460000,"DU Puffersatz zu WC-Sitz Darling Dellarco, Duraplus, Happy D.",Duravit Ersatzteil WC-Sitze Puffer,Badzubehör & Accessoires
1001770000,"DU Puffersatz zu WC-Sitz 2nd floor Starck X, PuraVida, Vero, weiß",Duravit Ersatzteil WC-Sitze Puffer,Badzubehör & Accessoires
1001770800,"DU Puffersatz zu WC-Sitz 2nd floor Starck 3, PuraVida, Vero, schwarz",Duravit Ersatzteil WC-Sitze Puffer,Badzubehör & Accessoires
1002390000,DU Bürstenkopf lose zu Bürstengarnitur D-Code,Duravit Ersatzteil WC Accessoires Bürstenkopf,Badzubehör & Accessoires
1003420000,DU Geruchsverschluss für Urinal Dry,Duravit Ersatzteil Ablaufgarnituren Geruchsverschluss,Badzubehör & Accessoires
1003440000,DU Serviceschlüssel für Urinal Dry,Duravit Ersatzteil Pflegeprodukte Werkzeug,Badzubehör & Accessoires
1003840000,DU Geruchsverschluss inkl. Key-Ring für Urinal 280830,Duravit Ersatzteil Ablaufgarnituren Geruchsverschluss,Badzubehör & Accessoires
1006910000,DU Anschlussset für SensoWash für Anschluss im Spülkasten,"Duravit Anschluss-Set, Passend zu Serie: SensoWash SlimSensoWash Classic, Für Vorwandelement: mit Leerrohr, 112-115 mm",Sensowash Zubehör
1006920000,DU Anschlussset für SensoWash für Monolith WC-Modul,"Duravit Anschluss-Set, Passend zu Serie: SensoWash SlimSensoWash Classic, Für Vorwandelement: mit Leerrohr, für Geberit Monolith WC-Elemente",Sensowash Zubehör
1007150000,DU Entkalkungspumpe mit Zubehör für SensoWash,"Duravit Entkalkungspumpe, Manuell",Sensowash Zubehör
1007240000,DU Wandhalterung Rahmen SeWa Plus FB für SensoWash i Plus,Duravit für SensoWash Plus Fernbedienung,Sensowash Zubehör
1007250000,DU Entkalkungstabletten VE=6 für SensoWash,"Duravit Entkalkungstabletten, Menge / Verkaufsverpackung: 1 Stk.",Sensowash Zubehör
1007290000,DU Anschlussset für SeWa Starck PI/Li für Betätigungsplatte A2,Duravit SensoWash Starck f Schnittstellen-Set,Sensowash Zubehör
1007300000,DU Anschlussset für SeWa SPK 82-99cm für Anschluss mit Spülkasten,"Duravit Anschluss-Set, Passend zu Serie: SensoWash SlimSensoWash Classic, Für Vorwandelement: mit Leerrohr, 82-100 mm",Sensowash Zubehör
1007310000,DU Anschlussset f.SeWa Starck Plus/Lite für Anschluss mit Spülkasten,"Duravit Anschluss-Set, Passend zu Serie: SensoWash Starck fSensoWash D-Neo, Für Vorwandelement: mit Leerrohr, 82-115 mm",Sensowash Zubehör
2002090000,"DU SWC Kombi D-Neo 650mmm, Weiß rimless, f.SPK, TS, Abgang Vario","Duravit D-Neo Stand WC für Kombination, Weiß Hochglanz, Spülwassermenge: 4 / 2 l, Tiefspüler, Spülrand: rimless, Abgang: waagerecht, Inkl. Spülkasten: Nein, Spülprinzip: Absauger/Siphon Jet, Verdrängung, Für aufgesetzten Spülkasten, Längenverstellbar, Inkl. Befestigungsmaterial, Abgangsmaß für Vario-Ablaufbogen senkrecht: 155 - 225 mm, Abgangsmaß für Vario-Anschluss Set senkrecht/waagerecht: 70 - 170 mm",Keramik
20020900001,"DU SWC Kombi D-Neo 650mmm, Weiß rimless, f.SPK, TS, Abgang Vario, WGL","Duravit D-Neo Stand WC für Kombination, Weiß Hochglanz, Spülwassermenge: 4 / 2 l, Tiefspüler, Spülrand: rimless, Abgang: waagerecht, waagerecht, Inkl. Spülkasten: Nein, Spülprinzip: Absauger/Siphon Jet, Verdrängung, WonderGliss, Für aufgesetzten Spülkasten, Längenverstellbar, Inkl. Befestigungsmaterial, Abgangsmaß für Vario-Ablaufbogen senkrecht: 155 - 225 mm, Abgangsmaß für Vario-Anschluss Set senkrecht/waagerecht: 70 - 170 mm",Keramik
2002092000,"DU SWC Kombi D-Neo 650mmm, Weiß rimless, f.SPK, TS, Abgang Vario, HYG","Duravit D-Neo Stand WC für Kombination, Weiß Hochglanz, HygieneGlaze, Spülwassermenge: 4 / 2 l, Tiefspüler, Spülrand: rimless, Abgang: waagerecht, waagerecht, Inkl. Spülkasten: Nein, Spülprinzip: Absauger/Siphon Jet, Verdrängung, Für aufgesetzten Spülkasten, Längenverstellbar, Inkl. Befestigungsmaterial, Abgangsmaß für Vario-Ablaufbogen senkrecht: 155 - 225 mm, Abgangsmaß für Vario-Anschluss Set senkrecht/waagerecht: 70 - 170 mm",Keramik
2003090000,"DU SWC D-Neo 650mmm, weiß, rimless, TS, Abg.waagr., BTW, Bef.inkl.","Duravit D-Neo Stand WC, Weiß Hochglanz, Back to wall Ausführung, Spülwassermenge: 4,5 l, Tiefspüler, Spülrand: rimless, Abgang: waagerecht, Spülprinzip: Verdrängung, Inkl. Befestigungsmaterial",Keramik
2003092000,"DU SWC D-Neo 650mmm, weiß, rimless, TS, Abg.waagr., BTW, Bef.inkl., HYG","Duravit D-Neo Stand WC, Weiß Hochglanz, HygieneGlaze, Back to wall Ausführung, Spülwassermenge: 4,5 l, Tiefspüler, Spülrand: rimless, Abgang: waagerecht, Spülprinzip: Verdrängung, Inkl. Befestigungsmaterial",Keramik
2104090000,"DU Stand-WC Big Toilet Starck 3 740 mm Tiefspüler, f.SPK, Abg.Vario, weiß","Duravit Starck 3 Stand WC für Kombination, Weiß Hochglanz, Spülwassermenge: 6 l, Tiefspüler, Spülrand: geschlossen, Abgang: waagerecht, Position Abgang: Hinten, Inkl. Spülkasten: Nein, Spülprinzip: Verdrängung, Für aufgesetzten Spülkasten, Längenverstellbar, Inkl. Befestigungsmaterial, Abgangsmaß für Vario-Ablaufbogen senkrecht: 205 - 270 mm, Abgangsmaß für Vario-Anschluss Set senkrecht/waagerecht: 70 - 220 mm",Keramik
21040900001,"DU Stand-WC Big Toilet Starck 3 740 mm Tiefspüler, f.SPK, Abg.Vario, weiß WG","Duravit Starck 3 Stand WC für Kombination, Weiß Hochglanz, Spülwassermenge: 6 l, Tiefspüler, Spülrand: geschlossen, Abgang: waagerecht, Position Abgang: Hinten, Inkl. Spülkasten: Nein, Spülprinzip: Verdrängung, WonderGliss, Für aufgesetzten Spülkasten, Längenverstellbar, Inkl. Befestigungsmaterial, Abgangsmaß für Vario-Ablaufbogen senkrecht: 205 - 270 mm, Abgangsmaß für Vario-Anschluss Set senkrecht/waagerecht: 70 - 220 mm",Keramik
2108090000,"DU Stand-WC D-Code 480 mm Tiefspüler, Abgang waagrecht, weiß","Duravit D-Code Stand WC, Weiß Hochglanz, Spülwassermenge: 6 l, Tiefspüler, Spülrand: halb offen, Abgang: waagerecht, Position Abgang: Hinten, Spülprinzip: Verdrängung, Für variablen Wasserzulauf, Inkl. Befestigungsmaterial",Keramik
2108092000,"DU Stand-WC D-Code 480 mm Tiefspüler,Abgang waagrecht,weiß,HYG","Duravit D-Code Stand WC, Weiß Hochglanz, HygieneGlaze, Spülwassermenge: 6 l, Tiefspüler, Spülrand: halb offen, Abgang: waagerecht, Position Abgang: Hinten, Spülprinzip: Verdrängung, Für variablen Wasserzulauf, Inkl. Befestigungsmaterial",Keramik
2109090000,"DU Stand-WC D-Code 480 mm Flachspüler, Abgang waagrecht, weiß","Duravit D-Code Stand WC, Weiß Hochglanz, Spülwassermenge: 6 l, Flachspüler, Spülrand: geschlossen, Abgang: waagerecht, Position Abgang: Hinten, Für variablen Wasserzulauf, Inkl. Befestigungsmaterial",Keramik
2109092000,"DU Stand-WC D-Code 480 mm Flachspüler,Abgang waagrecht,weiß,HYG","Duravit D-Code Stand WC, Weiß Hochglanz, HygieneGlaze, Spülwassermenge: 6 l, Flachspüler, Spülrand: geschlossen, Abgang: waagerecht, Position Abgang: Hinten, Für variablen Wasserzulauf, Inkl. Befestigungsmaterial",Keramik
2128090000,"DU Stand-WC Starck 2 570 mm Tiefspüler, Abg.waagr., BTW, weiß","Duravit Starck 2 Stand WC, Weiß Hochglanz, Back to wall Ausführung, Spülwassermenge: 4,5 l, Tiefspüler, Spülrand: geschlossen, Abgang: waagerecht, Position Abgang: Hinten, Spülprinzip: Verdrängung, Inkl. Befestigungsmaterial",Keramik
21280900001,"DU Stand-WC Starck 2 570 mm Tiefspüler, Abg.waagr., BTW, weiß WG","Duravit Starck 2 Stand WC, Weiß Hochglanz, Back to wall Ausführung, Spülwassermenge: 4,5 l, Tiefspüler, Spülrand: geschlossen, Abgang: waagerecht, Position Abgang: Hinten, Spülprinzip: Verdrängung, WonderGliss, Inkl. Befestigungsmaterial",Keramik
2134090000,"DU Stand-WC Kombi Happy D.2 630 mm Tiefspüler, f.SPK, Abg.Vario, weiß","Duravit Happy D.2 Stand WC für Kombination, Weiß Hochglanz, Spülwassermenge: 4,5 / 3 l, Tiefspüler, Spülrand: geschlossen, Abgang: waagerecht, senkrecht, Position Abgang: Hinten, Inkl. Spülkasten: Nein, Spülprinzip: Absauger/Siphon Jet, Für aufgesetzten Spülkasten, Längenverstellbar, Inkl. Befestigungsmaterial, Abgangsmaß für Vario-Ablaufbogen senkrecht: 70 - 170 mm, Abgangsmaß für Vario-Anschluss Set senkrecht/waagerecht: 155 - 210 mm",Keramik
21340900001,"DU Stand-WC Kombi Happy D.2 630 mm Tiefspüler, f.SPK, Abg.Vario, weiß WG","Duravit Happy D.2 Stand WC für Kombination, Weiß Hochglanz, Spülwassermenge: 4,5 / 3 l, Tiefspüler, Spülrand: geschlossen, Abgang: waagerecht, senkrecht, Position Abgang: Hinten, Inkl. Spülkasten: Nein, Spülprinzip: Absauger/Siphon Jet, WonderGliss, Für aufgesetzten Spülkasten, Längenverstellbar, Inkl. Befestigungsmaterial, Abgangsmaß für Vario-Ablaufbogen senkrecht: 70 - 170 mm, Abgangsmaß für Vario-Anschluss Set senkrecht/waagerecht: 155 - 210 mm",Keramik
2138090000,"DU Stand-WC Kombi Darling New 630 mm Tiefspüler, f.SPK, Abg.Vario, weiß","Duravit Darling New Stand WC für Kombination, Weiß Hochglanz, Spülwassermenge: 4,5 l, Tiefspüler, Spülrand: geschlossen, Abgang: waagerecht, Position Abgang: Hinten, Inkl. Spülkasten: Nein, Spülprinzip: Absauger/Siphon Jet, Für aufgesetzten Spülkasten, Längenverstellbar, Inkl. Befestigungsmaterial, Abgangsmaß für Vario-Ablaufbogen senkrecht: 160 - 190 mm, Abgangsmaß für Vario-Anschluss Set senkrecht/waagerecht: 70 - 150 mm",Keramik
21380900001,"DU Stand-WC Kombi Darling New 630 mm Tiefspüler, f.SPK, Abg.Vario, weiß WG","Duravit Darling New Stand WC für Kombination, Weiß Hochglanz, Spülwassermenge: 4,5 l, Tiefspüler, Spülrand: geschlossen, Abgang: waagerecht, Position Abgang: Hinten, Inkl. Spülkasten: Nein, Spülprinzip: Absauger/Siphon Jet, WonderGliss, Für aufgesetzten Spülkasten, Längenverstellbar, Inkl. Befestigungsmaterial, Abgangsmaß für Vario-Ablaufbogen senkrecht: 160 - 190 mm, Abgangsmaß für Vario-Anschluss Set senkrecht/waagerecht: 70 - 150 mm",Keramik
2139090000,"DU Stand-WC Darling New 570 mm Tiefspüler, Abg.waagr., BTW, weiß","Duravit Darling New Stand WC, Weiß Hochglanz, Back to wall Ausführung, Spülwassermenge: 4,5 l, Tiefspüler, Spülrand: geschlossen, Abgang: waagerecht, Position Abgang: Hinten, Längenverstellbar, Inkl. Befestigungsmaterial",Keramik
21390900001,"DU Stand-WC Darling New 570 mm Tiefspüler, Abg.waagr., BTW, weiß WG","Duravit Darling New Stand WC, Weiß Hochglanz, Back to wall Ausführung, Spülwassermenge: 4,5 l, Tiefspüler, Spülrand: geschlossen, Abgang: waagerecht, Position Abgang: Hinten, WonderGliss, Längenverstellbar, Inkl. Befestigungsmaterial",Keramik
2145090000,"DU Stand-WC Kombi Starck 2 630 mm Tiefspüler, f.SPK, Abg.Vario, weiß","Duravit Starck 2 Stand WC für Kombination, Weiß Hochglanz, Spülwassermenge: 4,5 l, Tiefspüler, Spülrand: geschlossen, Abgang: waagerecht, Position Abgang: Hinten, Inkl. Spülkasten: Nein, Spülprinzip: Verdrängung, Für aufgesetzten Spülkasten, Längenverstellbar, Inkl. Befestigungsmaterial, Abgangsmaß für Vario-Ablaufbogen senkrecht: 160 - 210 mm, Abgangsmaß für Vario-Anschluss Set senkrecht/waagerecht: 70 - 170 mm",Keramik
21450900001,"DU Stand-WC Kombi Starck 2 630 mm Tiefspüler, f.SPK, Abg.Vario, weiß WG","Duravit Starck 2 Stand WC für Kombination, Weiß Hochglanz, Spülwassermenge: 4,5 l, Tiefspüler, Spülrand: geschlossen, Abgang: waagerecht, senkrecht, Position Abgang: Hinten, Inkl. Spülkasten: Nein, Spülprinzip: Verdrängung, WonderGliss, Für aufgesetzten Spülkasten, Längenverstellbar, Inkl. Befestigungsmaterial, Abgangsmaß für Vario-Ablaufbogen senkrecht: 160 - 210 mm, Abgangsmaß für Vario-Anschluss Set senkrecht/waagerecht: 70 - 170 mm",Keramik
2150090000,"DU Stand-WC DuraStyle 570 mm Tiefspüler, Abg.waagr., BTW, weiß","Duravit DuraStyle Stand WC, Weiß Hochglanz, Back to wall Ausführung, Spülwassermenge: 4,5 l, Tiefspüler, Spülrand: geschlossen, Abgang: waagerecht, Position Abgang: Hinten, Spülprinzip: Verdrängung, Inkl. Befestigungsmaterial",Keramik
21500900001,"DU Stand-WC DuraStyle 570 mm Tiefspüler, Abg.waagr., BTW, weiß WG","Duravit DuraStyle Stand WC, Weiß Hochglanz, Back to wall Ausführung, Spülwassermenge: 4,5 l, Tiefspüler, Spülrand: geschlossen, Abgang: waagerecht, Position Abgang: Hinten, Spülprinzip: Verdrängung, WonderGliss, Inkl. Befestigungsmaterial",Keramik
2150092000,"DU Stand-WC DuraStyle 570 mm Tiefspüler,Abg.waagr.,BTW,weiß,HYG","Duravit DuraStyle Stand WC, Weiß Hochglanz, HygieneGlaze, Back to wall Ausführung, Spülwassermenge: 4,5 l, Tiefspüler, Spülrand: geschlossen, Abgang: waagerecht, Position Abgang: Hinten, Spülprinzip: Verdrängung, Inkl. Befestigungsmaterial",Keramik
2155090000,"DU Stand-WC Kombi DuraStyle 630 mm Tiefspüler, f.SPK, Abg.Vario, weiß","Duravit DuraStyle Stand WC für Kombination, Weiß Hochglanz, Spülwassermenge: 4,5 l, Tiefspüler, Spülrand: geschlossen, Abgang: waagerecht, Position Abgang: Hinten, Inkl. Spülkasten: Nein, Spülprinzip: Verdrängung, Für aufgesetzten Spülkasten, Längenverstellbar, Inkl. Befestigungsmaterial, Abgangsmaß für Vario-Ablaufbogen senkrecht: 160 - 220 mm, Abgangsmaß für Vario-Anschluss Set senkrecht/waagerecht: 70 - 170 mm",Keramik
21550900001,"DU Stand-WC Kombi DuraStyle 630 mm Tiefspüler, f.SPK, Abg.Vario, weiß WG","Duravit DuraStyle Stand WC für Kombination, Weiß Hochglanz, Spülwassermenge: 4,5 l, Tiefspüler, Spülrand: geschlossen, Abgang: waagerecht, Position Abgang: Hinten, Inkl. Spülkasten: Nein, Spülprinzip: Verdrängung, WonderGliss, Für aufgesetzten Spülkasten, Längenverstellbar, Inkl. Befestigungsmaterial, Abgangsmaß für Vario-Ablaufbogen senkrecht: 160 - 220 mm, Abgangsmaß für Vario-Anschluss Set senkrecht/waagerecht: 70 - 170 mm",Keramik
2156090000,"DU Stand-WC Kombi DuraStyle 700 mm Tiefspüler, f.SPK, Abg.Vario, weiß","Duravit DuraStyle Stand WC für Kombination, Weiß Hochglanz, Spülwassermenge: 4,5 l, Tiefspüler, Spülrand: geschlossen, Abgang: waagerecht, Position Abgang: Hinten, Inkl. Spülkasten: Nein, Spülprinzip: Verdrängung, Für aufgesetzten Spülkasten, Längenverstellbar, Inkl. Befestigungsmaterial, Abgangsmaß für Vario-Ablaufbogen senkrecht: 170 - 220 mm, Abgangsmaß für Vario-Anschluss Set senkrecht/waagerecht: 70 - 190 mm",Keramik
21560900001,"DU Stand-WC Kombi DuraStyle 700 mm Tiefspüler, f.SPK, Abg.Vario, weiß WG","Duravit DuraStyle Stand WC für Kombination, Weiß Hochglanz, Spülwassermenge: 4,5 l, Tiefspüler, Spülrand: geschlossen, Abgang: waagerecht, Position Abgang: Hinten, Inkl. Spülkasten: Nein, Spülprinzip: Verdrängung, WonderGliss, Für aufgesetzten Spülkasten, Längenverstellbar, Inkl. Befestigungsmaterial, Abgangsmaß für Vario-Ablaufbogen senkrecht: 170 - 220 mm, Abgangsmaß für Vario-Anschluss Set senkrecht/waagerecht: 70 - 190 mm",Keramik
2156590000,"DU Stand-WC Kombi DuraStyle 700 mm, TS f.SPK, f.SW m.verd.Anschl., weiß","Duravit DuraStyle Stand WC Kombination für Dusch-WC Sitz, Weiß Hochglanz, Spülwassermenge: 4,5 l, Tiefspüler, Spülrand: geschlossen, Abgang: waagerecht, Position Abgang: Hinten, Inkl. Spülkasten: Nein, Spülprinzip: Verdrängung, Für aufgesetzten Spülkasten, Längenverstellbar, Für variablen Wasserzulauf, Inkl. Befestigungsmaterial, Abgangsmaß für Vario-Ablaufbogen senkrecht: 170 - 220 mm, Abgangsmaß für Vario-Anschluss Set senkrecht/waagerecht: 70 - 190 mm",Keramik
21565900001,"DU Stand-WC Kombi DuraStyle 700 mm, TS f.SPK, f.SW m.verd.Anschl., weiß WG","Duravit DuraStyle Stand WC Kombination für Dusch-WC Sitz, Weiß Hochglanz, Spülwassermenge: 4,5 l, Tiefspüler, Spülrand: geschlossen, Abgang: waagerecht, Position Abgang: Hinten, Inkl. Spülkasten: Nein, Spülprinzip: Verdrängung, WonderGliss, Für aufgesetzten Spülkasten, Längenverstellbar, Für variablen Wasserzulauf, Inkl. Befestigungsmaterial, Abgangsmaß für Vario-Ablaufbogen senkrecht: 170 - 220 mm, Abgangsmaß für Vario-Anschluss Set senkrecht/waagerecht: 70 - 190 mm",Keramik
2159090000,"DU Stand-WC Happy D.2 570 mm Tiefspüler, Abg.waagr., BTW, weiß","Duravit Happy D.2 Stand WC, Weiß Hochglanz, Back to wall Ausführung, Spülwassermenge: 4,5 / 3 l, Tiefspüler, Spülrand: geschlossen, Abgang: waagerecht, Position Abgang: Hinten, Spülprinzip: Verdrängung, Inkl. Befestigungsmaterial",Keramik
21590900001,"DU Stand-WC Happy D.2 570 mm Tiefspüler, Abg.waagr., BTW, weiß WG","Duravit Happy D.2 Stand WC, Weiß Hochglanz, Back to wall Ausführung, Spülwassermenge: 4,5 / 3 l, Tiefspüler, Spülrand: geschlossen, Abgang: waagerecht, Position Abgang: Hinten, Spülprinzip: Verdrängung, WonderGliss, Inkl. Befestigungsmaterial",Keramik
2169090000,"DU Stand-WC ME by Starck 600 mm Tiefspüler, Abg.waagr., BTW, weiß","Duravit ME by Starck Stand WC, Weiß Hochglanz, Back to wall Ausführung, Spülwassermenge: 4,5 l, Tiefspüler, Spülrand: halb offen, Abgang: waagerecht, Position Abgang: Hinten, Spülprinzip: Verdrängung, Inkl. Befestigungsmaterial",Keramik
21690900001,"DU Stand-WC ME by Starck 600 mm Tiefspüler, Abg.waagr., BTW, weiß WG","Duravit ME by Starck Stand WC, Weiß Hochglanz, Back to wall Ausführung, Spülwassermenge: 4,5 l, Tiefspüler, Spülrand: halb offen, Abgang: waagerecht, Position Abgang: Hinten, Spülprinzip: Verdrängung, WonderGliss, Inkl. Befestigungsmaterial",Keramik
2169092000,"DU Stand-WC ME by Starck 600 mm Tiefspüler, Abg.waagr., BTW, weiß HyG","Duravit ME by Starck Stand WC, Weiß Hochglanz, HygieneGlaze, Back to wall Ausführung, Spülwassermenge: 4,5 l, Tiefspüler, Spülrand: halb offen, Abgang: waagerecht, Position Abgang: Hinten, Spülprinzip: Verdrängung, Inkl. Befestigungsmaterial",Keramik
2169092600,"DU SWC 600mm ME by Starck Weiß/Weiß Seidenmatt Tiefsp., Abg.waagrecht, BTW","Duravit ME by Starck Stand WC, Innenfarbe Weiß Hochglanz, Aussenfarbe Weiß Seidenmatt, Back to wall Ausführung, Spülwassermenge: 4,5 l, Tiefspüler, Spülrand: halb offen, Abgang: waagerecht, Position Abgang: Hinten, Spülprinzip: Verdrängung, Inkl. Befestigungsmaterial",Keramik
21690926001,"DU SWC 600mm ME by Starck Weiß/Weiß Seidenmatt Tiefsp,Abg.waagrecht,BTW,WG","Duravit ME by Starck Stand WC, Innenfarbe Weiß Hochglanz, Aussenfarbe Weiß Seidenmatt, Back to wall Ausführung, Spülwassermenge: 4,5 l, Tiefspüler, Spülrand: halb offen, Abgang: waagerecht, Position Abgang: Hinten, Spülprinzip: Verdrängung, WonderGliss, Inkl. Befestigungsmaterial",Keramik
2169590000,"DU Stand-WC ME by Starck 600 mm, TS, BTW Abg.waagr.,f.SW m.verd.Anschl.,weiß","Duravit ME by Starck Stand WC für Dusch-WC Sitz, Weiß Hochglanz, Back to wall Ausführung, Spülwassermenge: 4,5 l, Tiefspüler, Spülrand: halb offen, Abgang: waagerecht, Position Abgang: Hinten, Spülprinzip: Verdrängung, Inkl. Befestigungsmaterial",Keramik
21695900001,"DU Stand-WC ME by Starck 600 mm, TS, BTW Abg.waagr.,f.SW m.verd.Anschl.,weiß WG","Duravit ME by Starck Stand WC für Dusch-WC Sitz, Weiß Hochglanz, Back to wall Ausführung, Spülwassermenge: 4,5 l, Tiefspüler, Spülrand: halb offen, Abgang: waagerecht, Position Abgang: Hinten, Spülprinzip: Verdrängung, WonderGliss, Inkl. Befestigungsmaterial",Keramik
2169592000,"DU Stand-WC ME by Starck 600 mm, TS, BTW Abg.waagr.,f.SW m.verd.Anschl.,weiß HyG","Duravit ME by Starck Stand WC für Dusch-WC Sitz, Weiß Hochglanz, HygieneGlaze, Back to wall Ausführung, Spülwassermenge: 4,5 l, Tiefspüler, Spülrand: halb offen, Abgang: waagerecht, Position Abgang: Hinten, Spülprinzip: Verdrängung, Inkl. Befestigungsmaterial",Keramik
2170090000,"DU Stand-WC Kombi ME by Starck 650 mm Tiefspüler, f.SPK, Abg.vario, weiß","Duravit ME by Starck Stand WC für Kombination, Weiß Hochglanz, Spülwassermenge: 4,5 l, Tiefspüler, Spülrand: geschlossen, Abgang: waagerecht, Position Abgang: Hinten, Inkl. Spülkasten: Nein, Spülprinzip: Verdrängung, Für aufgesetzten Spülkasten, Längenverstellbar, Inkl. Befestigungsmaterial, Abgangsmaß für Vario-Ablaufbogen senkrecht: 155 - 225 mm, Abgangsmaß für Vario-Anschluss Set senkrecht/waagerecht: 70 - 170 mm",Keramik
21700900001,"DU Stand-WC Kombi ME by Starck 650 mm Tiefspüler, f.SPK, Abg.vario, weiß, WG","Duravit ME by Starck Stand WC für Kombination, Weiß Hochglanz, Spülwassermenge: 4,5 l, Tiefspüler, Spülrand: geschlossen, Abgang: waagerecht, Position Abgang: Hinten, Inkl. Spülkasten: Nein, Spülprinzip: Verdrängung, WonderGliss, Für aufgesetzten Spülkasten, Längenverstellbar, Inkl. Befestigungsmaterial, Abgangsmaß für Vario-Ablaufbogen senkrecht: 155 - 225 mm, Abgangsmaß für Vario-Anschluss Set senkrecht/waagerecht: 70 - 170 mm",Keramik
2170092000,"DU Stand-WC Kombi ME by Starck 650 mm Tiefspüler, f.SPK, Abg.vario, weiß, HyG","Duravit ME by Starck Stand WC für Kombination, Weiß Hochglanz, HygieneGlaze, Spülwassermenge: 4,5 l, Tiefspüler, Spülrand: geschlossen, Abgang: waagerecht, Position Abgang: Hinten, Inkl. Spülkasten: Nein, Spülprinzip: Verdrängung, Für aufgesetzten Spülkasten, Längenverstellbar, Inkl. Befestigungsmaterial, Abgangsmaß für Vario-Ablaufbogen senkrecht: 155 - 225 mm, Abgangsmaß für Vario-Anschluss Set senkrecht/waagerecht: 70 - 170 mm",Keramik
2182090000,"DU Stand-WC Kombi Duravit No.1,Weiß, 650mm,riml,TS,Abg.waagr.,var.Zul.,","Duravit Duravit No.1 Stand WC für Kombination, Weiß Hochglanz, Spülwassermenge: 6 l, Tiefspüler, Spülrand: rimless, Abgang: waagerecht, Position Abgang: Hinten, Inkl. Spülkasten: Nein, Spülprinzip: Verdrängung, Für aufgesetzten Spülkasten, Inkl. Befestigungsmaterial, Abgangsmaß für Vario-Ablaufbogen senkrecht: 160 - 230 mm, Abgangsmaß für Vario-Anschluss Set senkrecht/waagerecht: 70 - 170 mm",Keramik
2182092000,"DU Stand-WC Kombi Duravit No.1,Weiß, 650mm,riml,TS,Abg.waagr.,var.Zul.,HYG","Duravit Duravit No.1 Stand WC für Kombination, Weiß Hochglanz, HygieneGlaze, Spülwassermenge: 6 l, Tiefspüler, Spülrand: rimless, Abgang: waagerecht, Position Abgang: Hinten, Inkl. Spülkasten: Nein, Spülprinzip: Verdrängung, Für aufgesetzten Spülkasten, Inkl. Befestigungsmaterial, Abgangsmaß für Vario-Ablaufbogen senkrecht: 160 - 230 mm, Abgangsmaß für Vario-Anschluss Set senkrecht/waagerecht: 70 - 170 mm",Keramik
2184010000,"DU Stand-WC Duravit No.1,560mm,Weiß, rimless, TS, Abg.senkrecht, var.Zul.","Duravit Duravit No.1 Stand WC, Weiß Hochglanz, Spülwassermenge: 4,5 l, Tiefspüler, Spülrand: rimless, Abgang: senkrecht, Position Abgang: Hinten, Unten, Spülprinzip: Verdrängung, Für variablen Wasserzulauf, Inkl. Befestigungsmaterial",Keramik
2184012000,"DU Stand-WC Duravit No.1,560mm,Weiß, rimless,TS,Abg.senkrecht,var.Zul.,HYG","Duravit Duravit No.1 Stand WC, Weiß Hochglanz, HygieneGlaze, Spülwassermenge: 4,5 l, Tiefspüler, Spülrand: rimless, Abgang: senkrecht, Position Abgang: Hinten, Unten, Spülprinzip: Verdrängung, Für variablen Wasserzulauf, Inkl. Befestigungsmaterial",Keramik
2184090000,"DU Stand-WC Duravit No.1,480mm,Weiß, rimless, TS, Abg.waagrecht, var.Zul.","Duravit Duravit No.1 Stand WC, Weiß Hochglanz, Spülwassermenge: 4,5 l, Tiefspüler, Spülrand: rimless, Abgang: waagerecht, Position Abgang: Hinten, Spülprinzip: Verdrängung, Für variablen Wasserzulauf, Inkl. Befestigungsmaterial",Keramik
2184092000,"DU Stand-WC Duravit No.1,480mm,Weiß, rimless,TS,Abg.waagrecht,var.Zul.,HYG","Duravit Duravit No.1 Stand WC, Weiß Hochglanz, HygieneGlaze, Spülwassermenge: 4,5 l, Tiefspüler, Spülrand: rimless, Abgang: waagerecht, Position Abgang: Hinten, Spülprinzip: Verdrängung, Für variablen Wasserzulauf, Inkl. Befestigungsmaterial",Keramik
2191090000,"DU Stand-WC Kombi 650mm Viu, Weiß rimless, TS, Abgang vario","Duravit Viu Stand WC für Kombination, Weiß Hochglanz, Spülwassermenge: 4,5 l, Tiefspüler, Spülrand: rimless, Abgang: waagerecht, Position Abgang: Hinten, Inkl. Spülkasten: Nein, Spülprinzip: Absauger/Siphon Jet, Für aufgesetzten Spülkasten, Längenverstellbar, Inkl. Befestigungsmaterial, Abgangsmaß für Vario-Ablaufbogen senkrecht: 155 - 225 mm, Abgangsmaß für Vario-Anschluss Set senkrecht/waagerecht: 70 - 170 mm",Keramik
21910900001,"DU Stand-WC Kombi 650mm Viu, Weiß rimless, TS, Abgang vario, WG","Duravit Viu Stand WC für Kombination, Weiß Hochglanz, Spülwassermenge: 4,5 l, Tiefspüler, Spülrand: rimless, Abgang: waagerecht, Position Abgang: Hinten, Inkl. Spülkasten: Nein, Spülprinzip: Absauger/Siphon Jet, WonderGliss, Für aufgesetzten Spülkasten, Längenverstellbar, Inkl. Befestigungsmaterial, Abgangsmaß für Vario-Ablaufbogen senkrecht: 155 - 225 mm, Abgangsmaß für Vario-Anschluss Set senkrecht/waagerecht: 70 - 170 mm",Keramik
2191092000,"DU Stand-WC Kombi 650mm Viu, Weiß rimless, TS, Abgang vario, HYG","Duravit Viu Stand WC für Kombination, Weiß Hochglanz, HygieneGlaze, Spülwassermenge: 4,5 l, Tiefspüler, Spülrand: rimless, Abgang: waagerecht, Position Abgang: Hinten, Inkl. Spülkasten: Nein, Spülprinzip: Absauger/Siphon Jet, Für aufgesetzten Spülkasten, Längenverstellbar, Inkl. Befestigungsmaterial, Abgangsmaß für Vario-Ablaufbogen senkrecht: 155 - 225 mm, Abgangsmaß für Vario-Anschluss Set senkrecht/waagerecht: 70 - 170 mm",Keramik
2200090000,"DU Wand-WC Starck 3 540 mm Tiefspüler, weiß","Duravit Starck 3 Wand WC, Weiß Hochglanz, Spülwassermenge: 4,5 / 3 l, Tiefspüler, Spülrand: geschlossen, Spülprinzip: Verdrängung, Abgang waagerecht",Keramik
22000900001,"DU Wand-WC Starck 3 540 mm Tiefspüler, weiß WonderGliss","Duravit Starck 3 Wand WC, Weiß Hochglanz, Spülwassermenge: 4,5 l, Tiefspüler, Spülrand: geschlossen, Spülprinzip: Verdrängung, Abgang waagerecht, WonderGliss",Keramik
2200092000,"DU Wand-WC Starck 3 540 mm Tiefspüler, weiß, HYG","Duravit Starck 3 Wand WC, Weiß Hochglanz, HygieneGlaze, Spülwassermenge: 4,5 l, Tiefspüler, Spülrand: geschlossen, Spülprinzip: Verdrängung, Abgang waagerecht",Keramik
2201090000,"DU Wand-WC Starck 3 540 mm Flachspüler, weiß","Duravit Starck 3 Wand WC, Weiß Hochglanz, Spülwassermenge: 6 l, Flachspüler, Spülrand: geschlossen, Spülprinzip: Verdrängung, Abgang waagerecht",Keramik
22010900001,"DU Wand-WC Starck 3 540 mm Flachspüler, weiß WonderGliss","Duravit Starck 3 Wand WC, Weiß Hochglanz, Spülwassermenge: 6 l, Flachspüler, Spülrand: geschlossen, Spülprinzip: Verdrängung, Abgang waagerecht, WonderGliss",Keramik
2201092000,"DU Wand-WC Starck 3 540 mm Flachspüler, weiß, HYG","Duravit Starck 3 Wand WC, Weiß Hochglanz, HygieneGlaze, Spülwassermenge: 6 l, Flachspüler, Spülrand: geschlossen, Spülprinzip: Verdrängung, Abgang waagerecht",Keramik
2202090000,"DU Wand-WC Starck 3 Compact 485 mm Tiefspüler, weiß","Duravit Starck 3 Wand WC, Weiß Hochglanz, Spülwassermenge: 4,5 l, Tiefspüler, Spülrand: geschlossen, Spülprinzip: Verdrängung, Abgang waagerecht",Keramik
22020900001,"DU Wand-WC Starck 3 Compact 485 mm Tiefspüler, weiß WonderGliss","Duravit Starck 3 Wand WC, Weiß Hochglanz, Spülwassermenge: 4,5 l, Tiefspüler, Spülrand: geschlossen, Spülprinzip: Verdrängung, Abgang waagerecht, WonderGliss",Keramik
2202092000,"DU Wand-WC Starck 3 Compact 485 mm Tiefspüler, weiß, HYG","Duravit Starck 3 Wand WC, Weiß Hochglanz, HygieneGlaze, Spülwassermenge: 4,5 l, Tiefspüler, Spülrand: geschlossen, Spülprinzip: Verdrängung, Abgang waagerecht",Keramik
2203090000,"DU Wand-WC Starck 3 Vital 700 mm Tiefspüler, barrierefrei, weiß","Duravit Starck 3 Wand WC, Weiß Hochglanz, Spülwassermenge: 6 l, Tiefspüler, Spülrand: geschlossen, Spülprinzip: Verdrängung, Abgang waagerecht, Barrierefreie Ausführung",Keramik
22030900001,"DU Wand-WC Starck 3 Vital 700 mm Tiefspüler, barrierefrei, weiß WG","Duravit Starck 3 Wand WC, Weiß Hochglanz, Spülwassermenge: 6 l, Tiefspüler, Spülrand: geschlossen, Spülprinzip: Verdrängung, Abgang waagerecht, Barrierefreie Ausführung, WonderGliss",Keramik
2203092000,"DU Wand-WC Starck 3 Vital 700 mm Tiefspüler,barrierefrei,weiß,HYG","Duravit Starck 3 Wand WC, Weiß Hochglanz, HygieneGlaze, Spülwassermenge: 6 l, Tiefspüler, Spülrand: geschlossen, Spülprinzip: Verdrängung, Abgang waagerecht, Barrierefreie Ausführung",Keramik
2206090000,"DU Wand-WC Starck 3 540 mm Tiefspüler,Bef.-Abstand 230 mm,weiß","Duravit Starck 3 Wand WC, Weiß Hochglanz, Spülwassermenge: 6 l, Tiefspüler, Spülrand: geschlossen, Spülprinzip: Verdrängung, Abgang waagerecht",Keramik
22060900001,"DU Wand-WC Starck 3 540 mm Tiefspüler,Bef.-Abstand 230 mm,weiß WG","Duravit Starck 3 Wand WC, Weiß Hochglanz, Spülwassermenge: 6 l, Tiefspüler, Spülrand: geschlossen, Spülprinzip: Verdrängung, Abgang waagerecht, WonderGliss",Keramik
2206092000,"DU Wand-WC Starck 3 540 mm Tiefspüler,Bef.-Abstand 230mm,weiß,HYG","Duravit Starck 3 Wand WC, Weiß Hochglanz, HygieneGlaze, Spülwassermenge: 6 l, Tiefspüler, Spülrand: geschlossen, Spülprinzip: Verdrängung, Abgang waagerecht",Keramik
2210090000,"DU Wand-WC D-Code 540 mm Flachspüler, weiß","Duravit D-Code Wand WC, Weiß Hochglanz, Spülwassermenge: 6 l, Flachspüler, Spülrand: geschlossen, Abgang waagerecht",Keramik
2210092000,"DU Wand-WC D-Code 540 mm Flachspüler, weiß, HYG","Duravit D-Code Wand WC, Weiß Hochglanz, HygieneGlaze, Spülwassermenge: 6 l, Flachspüler, Spülrand: geschlossen, Abgang waagerecht",Keramik
2211090000,"DU Wand-WC D-Code Compact 480 mm Tiefspüler, weiß","Duravit D-Code Wand WC, Weiß Hochglanz, Spülwassermenge: 6 l, Tiefspüler, Spülrand: halb offen, Abgang waagerecht",Keramik
2211092000,"DU Wand-WC D-Code Compact 480 mm Tiefspüler, weiß, HYG","Duravit D-Code Wand WC, Weiß Hochglanz, HygieneGlaze, Spülwassermenge: 6 l, Tiefspüler, Spülrand: halb offen, Abgang waagerecht",Keramik
2215090000,"DU Wand-WC Starck 3 Comfort 545 mm Tiefspüler, Sitzhöhe +50 mm, weiß","Duravit Starck 3 Wand WC, Weiß Hochglanz, Spülwassermenge: 6 l, Tiefspüler, Spülrand: geschlossen, Spülprinzip: Verdrängung, Abgang waagerecht",Keramik
22150900001,"DU Wand-WC Starck 3 Comfort 545 mm Tiefspüler, Sitzhöhe +50 mm, weiß WG","Duravit Starck 3 Wand WC, Weiß Hochglanz, Spülwassermenge: 6 l, Tiefspüler, Spülrand: geschlossen, Spülprinzip: Verdrängung, Abgang waagerecht, WonderGliss",Keramik
2221090000,"DU Wand-WC Happy D.2 540 mm Tiefspüler, Durafix, weiß","Duravit Happy D.2 Wand WC, Weiß Hochglanz, Spülwassermenge: 4,5 / 3 l, Tiefspüler, Spülrand: geschlossen, Spülprinzip: Verdrängung, Abgang waagerecht, Inkl. verdeckte Befestigung",Keramik
22210900001,"DU Wand-WC Happy D.2 540 mm Tiefspüler, Durafix, weiß WonderGliss","Duravit Happy D.2 Wand WC, Weiß Hochglanz, Spülwassermenge: 4,5 / 3 l, Tiefspüler, Spülrand: geschlossen, Spülprinzip: Verdrängung, Abgang waagerecht, Inkl. verdeckte Befestigung, WonderGliss",Keramik
2222090000,"DU Wand-WC Happy D.2 540 mm Tiefspüler, rimless, Durafix, weiß","Duravit Happy D.2 Wand WC, Weiß Hochglanz, Spülwassermenge: 4,5 / 3 l, Tiefspüler, Spülrand: rimless, Spülprinzip: Verdrängung, Abgang waagerecht, Inkl. verdeckte Befestigung",Keramik
22220900001,"DU Wand-WC Happy D.2 540 mm Tiefspüler, rimless, Durafix, weiß WG","Duravit Happy D.2 Wand WC, Weiß Hochglanz, Spülwassermenge: 4,5 l, Tiefspüler, Spülrand: rimless, Spülprinzip: Verdrängung, Abgang waagerecht, Inkl. verdeckte Befestigung, WonderGliss",Keramik
2225090000,"DU Wand-WC Starck 3 540 mm Tiefspüler, Durafix, weiß","Duravit Starck 3 Wand WC, Weiß Hochglanz, Spülwassermenge: 4,5 l, Tiefspüler, Spülrand: geschlossen, Spülprinzip: Verdrängung, Abgang waagerecht, Inkl. verdeckte Befestigung",Keramik
22250900001,"DU Wand-WC Starck 3 540 mm Tiefspüler, Durafix, weiß WonderGliss","Duravit Starck 3 Wand WC, Weiß Hochglanz, Spülwassermenge: 4,5 l, Tiefspüler, Spülrand: geschlossen, Spülprinzip: Verdrängung, Abgang waagerecht, Inkl. verdeckte Befestigung, WonderGliss",Keramik
2225092000,"DU Wand-WC Starck 3 540 mm Tiefspüler, Durafix, weiß, HYG","Duravit Starck 3 Wand WC, Weiß Hochglanz, HygieneGlaze, Spülwassermenge: 4,5 l, Tiefspüler, Spülrand: geschlossen, Spülprinzip: Verdrängung, Abgang waagerecht, Inkl. verdeckte Befestigung",Keramik
2226090000,"DU Wand-WC Starck 3 620 mm Tiefspüler, Durafix, weiß","Duravit Starck 3 Wand WC, Weiß Hochglanz, Spülwassermenge: 6 l, Tiefspüler, Spülrand: geschlossen, Spülprinzip: Verdrängung, Abgang waagerecht, Inkl. verdeckte Befestigung",Keramik
22260900001,"DU Wand-WC Starck 3 620 mm Tiefspüler, Durafix, weiß WonderGliss","Duravit Starck 3 Wand WC, Weiß Hochglanz, Spülwassermenge: 6 l, Tiefspüler, Spülrand: geschlossen, Spülprinzip: Verdrängung, Abgang waagerecht, Inkl. verdeckte Befestigung, WonderGliss",Keramik
2226092000,"DU Wand-WC Starck 3 620 mm Tiefspüler, Durafix, weiß, HYG","Duravit Starck 3 Wand WC, Weiß Hochglanz, HygieneGlaze, Spülwassermenge: 6 l, Tiefspüler, Spülrand: geschlossen, Spülprinzip: Verdrängung, Abgang waagerecht, Inkl. verdeckte Befestigung",Keramik
2226590000,"DU Wand-WC Starck 3 620 mm, Tiefspüler Durafix, f.SW m.verd.Anschl., weiß","Duravit Starck 3 Wand WC für Dusch-WC Sitz, Weiß Hochglanz, Spülwassermenge: 4,5 l, Tiefspüler, Spülrand: geschlossen, Spülprinzip: Verdrängung, Abgang waagerecht, Inkl. verdeckte Befestigung, Inkl. Anschlusskomponente für SensoWash",Keramik
22265900001,"DU Wand-WC Starck 3 620 mm, Tiefspüler Durafix, f.SW m.verd.Anschl., weiß WG","Duravit Starck 3 Wand WC für Dusch-WC Sitz, Weiß Hochglanz, Spülwassermenge: 4,5 l, Tiefspüler, Spülrand: geschlossen, Spülprinzip: Verdrängung, Abgang waagerecht, Inkl. verdeckte Befestigung, WonderGliss, Inkl. Anschlusskomponente für SensoWash",Keramik
2227090000,"DU Wand-WC Starck 3 Compact 485 mm Tiefspüler, Durafix, weiß","Duravit Starck 3 Wand WC, Weiß Hochglanz, Spülwassermenge: 4,5 l, Tiefspüler, Spülrand: geschlossen, Spülprinzip: Verdrängung, Abgang waagerecht, Inkl. verdeckte Befestigung",Keramik
22270900001,"DU Wand-WC Starck 3 Compact 485 mm Tiefspüler, Durafix, weiß WonderGliss","Duravit Starck 3 Wand WC, Weiß Hochglanz, Spülwassermenge: 4,5 l, Tiefspüler, Spülrand: geschlossen, Spülprinzip: Verdrängung, Abgang waagerecht, Inkl. verdeckte Befestigung, WonderGliss",Keramik
2227092000,"DU Wand-WC Starck 3 Compact 485 mm Tiefspüler, Durafix, weiß, HYG","Duravit Starck 3 Wand WC, Weiß Hochglanz, HygieneGlaze, Spülwassermenge: 4,5 l, Tiefspüler, Spülrand: geschlossen, Spülprinzip: Verdrängung, Abgang waagerecht, Inkl. verdeckte Befestigung",Keramik
2228090000,"DU Wand-WC D-Code Vital 700 mm Tiefspüler, barrierefrei, weiß","Duravit D-Code Wand WC, Weiß Hochglanz, Spülwassermenge: 4,5 l, Tiefspüler, Spülrand: geschlossen, Abgang waagerecht, Barrierefreie Ausführung",Keramik
2228092000,"DU Wand-WC D-Code Vital 700 mm Tiefspüler,barrierefrei,weiß,HYG","Duravit D-Code Wand WC, Weiß Hochglanz, HygieneGlaze, Spülwassermenge: 4,5 l, Tiefspüler, Spülrand: geschlossen, Abgang waagerecht, Barrierefreie Ausführung",Keramik
2230100000,"DU Stand-Bidet Starck 3 560 mm mit ÜL, mit HLB, 1 HL, weiß","Duravit Starck 3 Stand Bidet, Weiß Hochglanz, Hahnlochbank: Ja, Anzahl Hahnlöcher pro Waschplatz: 1, Überlauf: Ja, Inkl. Befestigungsmaterial",Keramik
22301000001,"DU Stand-Bidet Starck 3 560 mm mit ÜL, mit HLB, 1 HL, weiß WonderGliss","Duravit Starck 3 Stand Bidet, Weiß Hochglanz, Hahnlochbank: Ja, Anzahl Hahnlöcher pro Waschplatz: 1, Überlauf: Ja, WonderGliss, Inkl. Befestigungsmaterial",Keramik
2230150000,"DU Wand-Bidet Starck 3 540 mm mit ÜL, mit HLB, 1 HL, weiß","Duravit Starck 3 Wand Bidet, Weiß Hochglanz, Hahnlochbank: Ja, Anzahl Hahnlöcher pro Waschplatz: 1, Überlauf: Ja",Keramik
22301500001,"DU Wand-Bidet Starck 3 540 mm mit ÜL, mit HLB, 1 HL, weiß WonderGliss","Duravit Starck 3 Wand Bidet, Weiß Hochglanz, Hahnlochbank: Ja, Anzahl Hahnlöcher pro Waschplatz: 1, Überlauf: Ja, WonderGliss",Keramik
2231150000,"DU Wand-Bidet Starck 3 Compact 475 mm mit ÜL, mit HLB, 1 HL, weiß","Duravit Starck 3 Wand Bidet, Weiß Hochglanz, Hahnlochbank: Ja, Anzahl Hahnlöcher pro Waschplatz: 1, Überlauf: Ja",Keramik
22311500001,"DU Wand-Bidet Starck 3 Compact 475 mm mit ÜL, mit HLB, 1 HL, weiß WonderGliss","Duravit Starck 3 Wand Bidet, Weiß Hochglanz, Hahnlochbank: Ja, Anzahl Hahnlöcher pro Waschplatz: 1, Überlauf: Ja, WonderGliss",Keramik
2237150000,"DU Wand-Bidet D-Code Compact 480 mm mit ÜL, mit HLB, 1 HL, weiß","Duravit D-Code Wand Bidet, Weiß Hochglanz, Hahnlochbank: Ja, Anzahl Hahnlöcher pro Waschplatz: 1, Überlauf: Ja",Keramik
2249150000,"DU Wand-Bidet Darling New 540 mm m.ÜL, m.HLB, 1 HL, Durafix, weiß","Duravit Darling New Wand Bidet, Weiß Hochglanz, Hahnlochbank: Ja, Anzahl Hahnlöcher pro Waschplatz: 1, Überlauf: Ja, Inkl. verdeckte Befestigung, Inkl. Befestigungsmaterial",Keramik
22491500001,"DU Wand-Bidet Darling New 540 mm m.ÜL, m.HLB, 1 HL, Durafix, weiß WG","Duravit Darling New Wand Bidet, Weiß Hochglanz, Hahnlochbank: Ja, Anzahl Hahnlöcher pro Waschplatz: 1, Überlauf: Ja, Inkl. verdeckte Befestigung, WonderGliss, Inkl. Befestigungsmaterial",Keramik
2251100000,"DU Stand-Bidet Darling New 630 mm mit ÜL, mit HLB, 1 HL, weiß","Duravit Darling New Stand Bidet, Weiß Hochglanz, Hahnlochbank: Ja, Anzahl Hahnlöcher pro Waschplatz: 1, Überlauf: Ja, Inkl. Befestigungsmaterial",Keramik
22511000001,"DU Stand-Bidet Darling New 630 mm mit ÜL, mit HLB, 1 HL, weiß WonderGliss","Duravit Darling New Stand Bidet, Weiß Hochglanz, Hahnlochbank: Ja, Anzahl Hahnlöcher pro Waschplatz: 1, Überlauf: Ja, WonderGliss, Inkl. Befestigungsmaterial",Keramik
2256150000,"DU Wand-Bidet Darling New Compact 485 mm m.ÜL, m.HLB, 1 HL, Durafix, weiß","Duravit Darling New Wand Bidet, Weiß Hochglanz, Hahnlochbank: Ja, Anzahl Hahnlöcher pro Waschplatz: 1, Überlauf: Ja, Inkl. verdeckte Befestigung, Inkl. Befestigungsmaterial",Keramik
22561500001,"DU Wand-Bidet Darling New Compact 485 mm m.ÜL, m.HLB, 1 HL, Durafix, weiß WG","Duravit Darling New Wand Bidet, Weiß Hochglanz, Hahnlochbank: Ja, Anzahl Hahnlöcher pro Waschplatz: 1, Überlauf: Ja, Inkl. verdeckte Befestigung, WonderGliss, Inkl. Befestigungsmaterial",Keramik
2257150000,"DU Wand-Bidet D-Code 545 mm mit ÜL, mit HLB, 1 HL, weiß","Duravit D-Code Wand Bidet, Weiß Hochglanz, Hahnlochbank: Ja, Anzahl Hahnlöcher pro Waschplatz: 1, Überlauf: Ja",Keramik
2258150000,"DU Wand-Bidet Happy D.2 540 mm m.ÜL, m.HLB, 1 HL, Durafix, weiß","Duravit Happy D.2 Wand Bidet, Weiß Hochglanz, Hahnlochbank: Ja, Anzahl Hahnlöcher pro Waschplatz: 1, Überlauf: Ja, Inkl. verdeckte Befestigung, Inkl. Befestigungsmaterial",Keramik
22581500001,"DU Wand-Bidet Happy D.2 540 mm m.ÜL, m.HLB, 1 HL, Durafix, weiß WG","Duravit Happy D.2 Wand Bidet, Weiß Hochglanz, Hahnlochbank: Ja, Anzahl Hahnlöcher pro Waschplatz: 1, Überlauf: Ja, Inkl. verdeckte Befestigung, WonderGliss, Inkl. Befestigungsmaterial",Keramik
2267100000,"DU Stand-Bidet Happy D.2 570 mm mit ÜL, mit HLB, 1 HL, BTW, weiß","Duravit Happy D.2 Stand Bidet, Weiß Hochglanz, Hahnlochbank: Ja, Anzahl Hahnlöcher pro Waschplatz: 1, Überlauf: Ja, Inkl. Befestigungsmaterial, Back to wall Ausführung",Keramik
22671000001,"DU Stand-Bidet Happy D.2 570 mm mit ÜL, mit HLB, 1 HL, BTW, weiß WG","Duravit Happy D.2 Stand Bidet, Weiß Hochglanz, Hahnlochbank: Ja, Anzahl Hahnlöcher pro Waschplatz: 1, Überlauf: Ja, WonderGliss, Inkl. Befestigungsmaterial, Back to wall Ausführung",Keramik
2271150000,"DU Wand-Bidet Starck 2 540 mm m.ÜL, m.HLB, 1 HL, Durafix, weiß","Duravit Starck 2 Wand Bidet, Weiß Hochglanz, Hahnlochbank: Ja, Anzahl Hahnlöcher pro Waschplatz: 1, Überlauf: Ja, Inkl. verdeckte Befestigung, Inkl. Befestigungsmaterial",Keramik
22711500001,"DU Wand-Bidet Starck 2 540 mm m.ÜL, m.HLB, 1 HL, Durafix, weiß WG","Duravit Starck 2 Wand Bidet, Weiß Hochglanz, Hahnlochbank: Ja, Anzahl Hahnlöcher pro Waschplatz: 1, Überlauf: Ja, Inkl. verdeckte Befestigung, WonderGliss, Inkl. Befestigungsmaterial",Keramik
2274150000,"DU Wandbidet Vero Air 570mm weiß m.ÜL, m.HLB, 1.HL, Durafix inkl.","Duravit Vero Air Wand Bidet, Weiß Hochglanz, Hahnlochbank: Ja, Anzahl Hahnlöcher pro Waschplatz: 1, Überlauf: Ja, Inkl. verdeckte Befestigung, Inkl. Befestigungsmaterial",Keramik
22741500001,"DU Wandbidet Vero Air 570mm weiß, WG m.ÜL, m.HLB, 1.HL, Durafix inkl.","Duravit Vero Air Wand Bidet, Weiß Hochglanz, Hahnlochbank: Ja, Anzahl Hahnlöcher pro Waschplatz: 1, Überlauf: Ja, Inkl. verdeckte Befestigung, WonderGliss, Inkl. Befestigungsmaterial",Keramik
2279150000,"DU Wand-Bidet Duravit No.1 540mm weiß, m.ÜL, m.HLB, 1HL","Duravit Duravit No.1 Wand Bidet, Weiß Hochglanz, Hahnlochbank: Ja, Anzahl Hahnlöcher pro Waschplatz: 1, Überlauf: Ja",Keramik
2280150000,"DU Wand-Bidet Starck 3 540 mm m.ÜL, m.HLB, 1 HL, Durafix, weiß","Duravit Starck 3 Wand Bidet, Weiß Hochglanz, Hahnlochbank: Ja, Anzahl Hahnlöcher pro Waschplatz: 1, Überlauf: Ja, Inkl. verdeckte Befestigung, Inkl. Befestigungsmaterial",Keramik
22801500001,"DU Wand-Bidet Starck 3 540 mm m.ÜL, m.HLB, 1 HL, Durafix, weiß WG","Duravit Starck 3 Wand Bidet, Weiß Hochglanz, Hahnlochbank: Ja, Anzahl Hahnlöcher pro Waschplatz: 1, Überlauf: Ja, Inkl. verdeckte Befestigung, WonderGliss, Inkl. Befestigungsmaterial",Keramik
2281150000,"DU Wand-Bidet Starck 3 Compact 475 mm m.ÜL, m.HLB, 1 HL, Durafix, weiß","Duravit Starck 3 Wand Bidet, Weiß Hochglanz, Hahnlochbank: Ja, Anzahl Hahnlöcher pro Waschplatz: 1, Überlauf: Ja, Inkl. verdeckte Befestigung, Inkl. Befestigungsmaterial",Keramik
22811500001,"DU Wand-Bidet Starck 3 Compact 475 mm m.ÜL, m.HLB, 1 HL, Durafix, weiß WG","Duravit Starck 3 Wand Bidet, Weiß Hochglanz, Hahnlochbank: Ja, Anzahl Hahnlöcher pro Waschplatz: 1, Überlauf: Ja, Inkl. verdeckte Befestigung, WonderGliss, Inkl. Befestigungsmaterial",Keramik
2282150000,"DU Wand-Bidet DuraStyle 540 mm mit ÜL, mit HLB, 1 HL, weiß","Duravit DuraStyle Wand Bidet, Weiß Hochglanz, Hahnlochbank: Ja, Anzahl Hahnlöcher pro Waschplatz: 1, Überlauf: Ja",Keramik
22821500001,"DU Wand-Bidet DuraStyle 540 mm mit ÜL, mit HLB, 1 HL, weiß WonderGliss","Duravit DuraStyle Wand Bidet, Weiß Hochglanz, Hahnlochbank: Ja, Anzahl Hahnlöcher pro Waschplatz: 1, Überlauf: Ja, WonderGliss",Keramik
2283100000,"DU Stand-Bidet DuraStyle 630 mm mit ÜL, mit HLB, 1 HL, weiß","Duravit DuraStyle Stand Bidet, Weiß Hochglanz, Hahnlochbank: Ja, Anzahl Hahnlöcher pro Waschplatz: 1, Überlauf: Ja, Inkl. Befestigungsmaterial",Keramik
22831000001,"DU Stand-Bidet DuraStyle 630 mm mit ÜL, mit HLB, 1 HL, weiß WonderGliss","Duravit DuraStyle Stand Bidet, Weiß Hochglanz, Hahnlochbank: Ja, Anzahl Hahnlöcher pro Waschplatz: 1, Überlauf: Ja, WonderGliss, Inkl. Befestigungsmaterial",Keramik
2284100000,"DU Stand-Bidet DuraStyle 570 mm mit ÜL, mit HLB, 1 HL, BTW, weiß","Duravit DuraStyle Stand Bidet, Weiß Hochglanz, Hahnlochbank: Ja, Anzahl Hahnlöcher pro Waschplatz: 1, Überlauf: Ja, Inkl. Befestigungsmaterial, Back to wall Ausführung",Keramik
22841000001,"DU Stand-Bidet DuraStyle 570 mm mit ÜL, mit HLB, 1 HL, BTW, weiß WG","Duravit DuraStyle Stand Bidet, Weiß Hochglanz, Hahnlochbank: Ja, Anzahl Hahnlöcher pro Waschplatz: 1, Überlauf: Ja, WonderGliss, Inkl. Befestigungsmaterial, Back to wall Ausführung",Keramik
2285150000,"DU Wand-Bidet DuraStyle Compact 480 mm mit ÜL, mit HLB, 1 HL, weiß","Duravit DuraStyle Wand Bidet, Weiß Hochglanz, Hahnlochbank: Ja, Anzahl Hahnlöcher pro Waschplatz: 1, Überlauf: Ja",Keramik
22851500001,"DU Wand-Bidet DuraStyle Compact 480 mm mit ÜL, mit HLB, 1 HL, weiß WonderGliss","Duravit DuraStyle Wand Bidet, Weiß Hochglanz, Hahnlochbank: Ja, Anzahl Hahnlöcher pro Waschplatz: 1, Überlauf: Ja, WonderGliss",Keramik
2286150000,"DU Wand-Bidet DuraStyle 620 mm m.ÜL, m.HLB, 1 HL, Durafix, weiß","Duravit DuraStyle Wand Bidet, Weiß Hochglanz, Hahnlochbank: Ja, Anzahl Hahnlöcher pro Waschplatz: 1, Überlauf: Ja, Inkl. verdeckte Befestigung, Inkl. Befestigungsmaterial",Keramik
22861500001,"DU Wand-Bidet DuraStyle 620 mm m.ÜL, m.HLB, 1 HL, Durafix, weiß WG","Duravit DuraStyle Wand Bidet, Weiß Hochglanz, Hahnlochbank: Ja, Anzahl Hahnlöcher pro Waschplatz: 1, Überlauf: Ja, Inkl. verdeckte Befestigung, WonderGliss, Inkl. Befestigungsmaterial",Keramik
2287150000,"DU Wand-Bidet DuraStyle 540 mm m.ÜL, m.HLB, 1 HL, Durafix, weiß","Duravit DuraStyle Wand Bidet, Weiß Hochglanz, Hahnlochbank: Ja, Anzahl Hahnlöcher pro Waschplatz: 1, Überlauf: Ja, Inkl. verdeckte Befestigung, Inkl. Befestigungsmaterial",Keramik
22871500001,"DU Wand-Bidet DuraStyle 540 mm m.ÜL, m.HLB, 1 HL, Durafix, weiß WG","Duravit DuraStyle Wand Bidet, Weiß Hochglanz, Hahnlochbank: Ja, Anzahl Hahnlöcher pro Waschplatz: 1, Überlauf: Ja, Inkl. verdeckte Befestigung, WonderGliss, Inkl. Befestigungsmaterial",Keramik
2288150000,"DU Wand-Bidet ME by Starck 570 mm m.ÜL, m.HLB, 1 HL, Durafix, weiß","Duravit ME by Starck Wand Bidet, Weiß Hochglanz, Hahnlochbank: Ja, Anzahl Hahnlöcher pro Waschplatz: 1, Überlauf: Ja, Inkl. verdeckte Befestigung, Inkl. Befestigungsmaterial",Keramik
22881500001,"DU Wand-Bidet ME by Starck 570 mm m.ÜL, m.HLB, 1 HL, Durafix, weiß WG","Duravit ME by Starck Wand Bidet, Weiß Hochglanz, Hahnlochbank: Ja, Anzahl Hahnlöcher pro Waschplatz: 1, Überlauf: Ja, Inkl. verdeckte Befestigung, WonderGliss, Inkl. Befestigungsmaterial",Keramik
2288153200,"DU Wand-Bidet 570mm ME by Starck weiß seidenmatt, m. ÜL, m. HLB, 1 HL","Duravit ME by Starck Wand Bidet, Weiß Seidenmatt, Hahnlochbank: Ja, Anzahl Hahnlöcher pro Waschplatz: 1, Überlauf: Ja, Inkl. verdeckte Befestigung, Inkl. Befestigungsmaterial",Keramik
22881532001,"DU Wand-Bidet 570mm ME by Starck weiß seidenmatt, m. ÜL, m. HLB, 1 HL, WG","Duravit ME by Starck Wand Bidet, Weiß Seidenmatt, Hahnlochbank: Ja, Anzahl Hahnlöcher pro Waschplatz: 1, Überlauf: Ja, Inkl. verdeckte Befestigung, WonderGliss, Inkl. Befestigungsmaterial",Keramik
2289100000,"DU Stand-Bidet ME by Starck 600 mm mit ÜL, mit HLB, 1 HL, BTW, weiß","Duravit ME by Starck Stand Bidet, Weiß Hochglanz, Hahnlochbank: Ja, Anzahl Hahnlöcher pro Waschplatz: 1, Überlauf: Ja, Inkl. Befestigungsmaterial, Back to wall Ausführung",Keramik
22891000001,"DU Stand-Bidet ME by Starck 600 mm mit ÜL, mit HLB, 1 HL, BTW, weiß WG","Duravit ME by Starck Stand Bidet, Weiß Hochglanz, Hahnlochbank: Ja, Anzahl Hahnlöcher pro Waschplatz: 1, Überlauf: Ja, WonderGliss, Inkl. Befestigungsmaterial, Back to wall Ausführung",Keramik
2290150000,"DU Wand-Bidet ME by Starck 480 mm mit ÜL, mit HLB, 1 HL, weiß","Duravit ME by Starck Wand Bidet, Weiß Hochglanz, Hahnlochbank: Ja, Anzahl Hahnlöcher pro Waschplatz: 1, Überlauf: Ja, Inkl. verdeckte Befestigung, Inkl. Befestigungsmaterial",Keramik
22901500001,"DU Wand-Bidet ME by Starck 480 mm mit ÜL, mit HLB, 1 HL, weiß, WG","Duravit ME by Starck Wand Bidet, Weiß Hochglanz, Hahnlochbank: Ja, Anzahl Hahnlöcher pro Waschplatz: 1, Überlauf: Ja, Inkl. verdeckte Befestigung, WonderGliss, Inkl. Befestigungsmaterial",Keramik
2290153200,"DU Wand-Bidet 480mm ME by Starck Comp. Weiß Seidenmatt, m.HL, m.HLB, 1 HL","Duravit ME by Starck Wand Bidet, Weiß Seidenmatt, Hahnlochbank: Ja, Anzahl Hahnlöcher pro Waschplatz: 1, Überlauf: Ja, Inkl. verdeckte Befestigung, Inkl. Befestigungsmaterial",Keramik
22901532001,"DU Wand-Bidet 480mm ME by Starck Comp. Weiß Seidenmatt, m.HL, m.HLB, 1 HL, WG","Duravit ME by Starck Wand Bidet, Weiß Seidenmatt, Hahnlochbank: Ja, Anzahl Hahnlöcher pro Waschplatz: 1, Überlauf: Ja, Inkl. verdeckte Befestigung, WonderGliss, Inkl. Befestigungsmaterial",Keramik
2292150000,"DU Wand-Bidet 570mm Viu, Weiß mit ÜL, mit HLB, 1 HL","Duravit Viu Wand Bidet, Weiß Hochglanz, Hahnlochbank: Ja, Anzahl Hahnlöcher pro Waschplatz: 1, Überlauf: Ja, Inkl. verdeckte Befestigung, Inkl. Excenterventil mit keramischer Ventilabdeckhaube, Inkl. Befestigungsmaterial",Keramik
22921500001,"DU Wand-Bidet 570mm Viu, Weiß mit ÜL, mit HLB, 1 HL, WG","Duravit Viu Wand Bidet, Weiß Hochglanz, Hahnlochbank: Ja, Anzahl Hahnlöcher pro Waschplatz: 1, Überlauf: Ja, Inkl. verdeckte Befestigung, WonderGliss, Inkl. Excenterventil mit keramischer Ventilabdeckhaube, Inkl. Befestigungsmaterial",Keramik
2294100000,"DU Standbidet D-Neo, 650mm, Weiß mit ÜL,mit HLB,1 HL","Duravit D-Neo Stand Bidet, Weiß Hochglanz, Hahnlochbank: Ja, Anzahl Hahnlöcher pro Waschplatz: 1, Überlauf: Ja, Inkl. Befestigungsmaterial",Keramik
22941000001,"DU Standbidet D-Neo, 650mm, Weiß mit ÜL,mit HLB,1 HL, WGL","Duravit D-Neo Stand Bidet, Weiß Hochglanz, Hahnlochbank: Ja, Anzahl Hahnlöcher pro Waschplatz: 1, Überlauf: Ja, WonderGliss, Inkl. Befestigungsmaterial",Keramik
2294150000,"DU Wandbidet D-Neo, 540mm, Weiß mit ÜL, mit HLB, 1 HL,Durafix inkl.","Duravit D-Neo Wand Bidet, Weiß Hochglanz, Hahnlochbank: Ja, Anzahl Hahnlöcher pro Waschplatz: 1, Überlauf: Ja, Inkl. verdeckte Befestigung, Inkl. Befestigungsmaterial",Keramik
22941500001,"DU Wandbidet D-Neo, 540mm, Weiß m.ÜL, m.HLB, 1 HL,Durafix inkl., WGL","Duravit D-Neo Wand Bidet, Weiß Hochglanz, Hahnlochbank: Ja, Anzahl Hahnlöcher pro Waschplatz: 1, Überlauf: Ja, Inkl. verdeckte Befestigung, WonderGliss, Inkl. Befestigungsmaterial",Keramik
2295100000,"DU Standbidet D-Neo, 580mm, Weiß mit ÜL, mit HLB, 1 HL, BTW","Duravit D-Neo Stand Bidet, Weiß Hochglanz, Hahnlochbank: Ja, Anzahl Hahnlöcher pro Waschplatz: 1, Überlauf: Ja, Inkl. Befestigungsmaterial, Back to wall Ausführung",Keramik
22951000001,"DU Standbidet D-Neo, 580mm, Weiß mit ÜL, mit HLB, 1 HL, BTW, WGL","Duravit D-Neo Stand Bidet, Weiß Hochglanz, Hahnlochbank: Ja, Anzahl Hahnlöcher pro Waschplatz: 1, Überlauf: Ja, WonderGliss, Inkl. Befestigungsmaterial, Back to wall Ausführung",Keramik
2295150000,"DU Wandbidet D-Neo, 540mm, Weiß mit ÜL, mit HLB, 1 HL","Duravit D-Neo Wand Bidet, Weiß Hochglanz, Hahnlochbank: Ja, Anzahl Hahnlöcher pro Waschplatz: 1, Überlauf: Ja",Keramik
22951500001,"DU Wandbidet D-Neo, 540mm, Weiß mit ÜL, mit HLB, 1 HL, WGL","Duravit D-Neo Wand Bidet, Weiß Hochglanz, Hahnlochbank: Ja, Anzahl Hahnlöcher pro Waschplatz: 1, Überlauf: Ja, WonderGliss",Keramik
2310550000,"DU Waschtisch D-Code 550 mm mit ÜL, mit HLB, 1 HL, weiß","Duravit D-Code Waschtisch, Weiß Hochglanz, Halbrund, Anzahl Waschplätze: 1 Mitte, Hahnlochbank: Ja, Anzahl Hahnlöcher pro Waschplatz: 1 Mitte, Überlauf: Ja, Von unten glasiert, Rückwand glasiert: Nein, 550 mm",Keramik
2310600000,"DU Waschtisch D-Code 600 mm mit ÜL, mit HLB, 1 HL, weiß","Duravit D-Code Waschtisch, Weiß Hochglanz, Halbrund, Anzahl Waschplätze: 1 Mitte, Hahnlochbank: Ja, Anzahl Hahnlöcher pro Waschplatz: 1 Mitte, Überlauf: Ja, Von unten glasiert, Rückwand glasiert: Nein, 600 mm",Keramik
2310650000,"DU Waschtisch D-Code 650 mm mit ÜL, mit HLB, 1 HL, weiß","Duravit D-Code Waschtisch, Weiß Hochglanz, Halbrund, Anzahl Waschplätze: 1 Mitte, Hahnlochbank: Ja, Anzahl Hahnlöcher pro Waschplatz: 1 Mitte, Überlauf: Ja, Von unten glasiert, Rückwand glasiert: Nein, 650 mm",Keramik
2311550000,"DU Waschtisch D-Code Med 550 mm ohne ÜL, mit HLB, 1 HL, weiß","Duravit D-Code Waschtisch, Weiß Hochglanz, Halbrund, Anzahl Waschplätze: 1 Mitte, Hahnlochbank: Ja, Anzahl Hahnlöcher pro Waschplatz: 1 Mitte, Überlauf: Nein, Von unten glasiert, Rückwand glasiert: Nein, 550 mm",Keramik
2311550070,"DU Waschtisch D-Code Med 550 mm ohne ÜL, mit HLB, ohne HL, weiß","Duravit D-Code Waschtisch, Weiß Hochglanz, Halbrund, Anzahl Waschplätze: 1 Mitte, Hahnlochbank: Ja, Überlauf: Nein, Von unten glasiert, Rückwand glasiert: Nein, 550 mm",Keramik
2311600000,"DU Waschtisch D-Code Med 600 mm ohne ÜL, mit HLB, 1 HL, weiß","Duravit D-Code Waschtisch, Weiß Hochglanz, Halbrund, Anzahl Waschplätze: 1 Mitte, Hahnlochbank: Ja, Anzahl Hahnlöcher pro Waschplatz: 1 Mitte, Überlauf: Nein, Von unten glasiert, Rückwand glasiert: Nein, 600 mm",Keramik
2311600070,"DU Waschtisch D-Code Med 600 mm ohne ÜL, mit HLB, ohne HL, weiß","Duravit D-Code Waschtisch, Weiß Hochglanz, Halbrund, Anzahl Waschplätze: 1 Mitte, Hahnlochbank: Ja, Überlauf: Nein, Von unten glasiert, Rückwand glasiert: Nein, 600 mm",Keramik
2311650000,"DU Waschtisch D-Code Med 650 mm ohne ÜL, mit HLB, 1 HL, weiß","Duravit D-Code Waschtisch, Weiß Hochglanz, Halbrund, Anzahl Waschplätze: 1 Mitte, Hahnlochbank: Ja, Anzahl Hahnlöcher pro Waschplatz: 1 Mitte, Überlauf: Nein, Von unten glasiert, Rückwand glasiert: Nein, 650 mm",Keramik
2311650070,"DU Waschtisch D-Code Med 650 mm ohne ÜL, mit HLB, ohne HL, weiß","Duravit D-Code Waschtisch, Weiß Hochglanz, Halbrund, Anzahl Waschplätze: 1 Mitte, Hahnlochbank: Ja, Überlauf: Nein, Von unten glasiert, Rückwand glasiert: Nein, 650 mm",Keramik
2312600000,"DU Waschtisch D-Code Vital 600 mm mit ÜL, mit HLB, 1 HL, weiß","Duravit D-Code Waschtisch, Weiß Hochglanz, Rechteckig, Anzahl Waschplätze: 1 Mitte, Hahnlochbank: Ja, Anzahl Hahnlöcher pro Waschplatz: 1 Mitte, Überlauf: Ja, Barrierefreie Ausführung, Von unten glasiert, Rückwand glasiert: Nein, 600 mm",Keramik
2313600000,"DU Waschtisch D-Code Vital Med 600 mm ohne ÜL, mit HLB, 1 HL, weiß","Duravit D-Code Waschtisch, Weiß Hochglanz, Rechteckig, Anzahl Waschplätze: 1 Mitte, Hahnlochbank: Ja, Anzahl Hahnlöcher pro Waschplatz: 1 Mitte, Überlauf: Nein, Barrierefreie Ausführung, Von unten glasiert, Rückwand glasiert: Nein, 600 mm",Keramik
2314400000,"DU Aufsatzbecken Happy D.2 400 mm mit ÜL, ohne HLB, geschliffen, weiß","Duravit Happy D.2 Aufsatzbecken, Weiß Hochglanz, Quadratisch, Anzahl Waschplätze: 1 Mitte, Hahnlochbank: Nein, Überlauf: Ja, Geschliffen, Inkl. Überlaufclip, 400 mm",Keramik
23144000001,"DU Aufsatzbecken Happy D.2 400 mm mit ÜL, ohne HLB, geschliffen, weiß WG","Duravit Happy D.2 Aufsatzbecken, Weiß Hochglanz, Quadratisch, Anzahl Waschplätze: 1 Mitte, Hahnlochbank: Nein, Überlauf: Ja, Geschliffen, WonderGliss, Inkl. Überlaufclip, 400 mm",Keramik
2314600000,"DU Aufsatzbecken Happy D.2 600 mm mit ÜL, ohne HLB, geschliffen, weiß","Duravit Happy D.2 Aufsatzbecken, Weiß Hochglanz, Rechteckig, Anzahl Waschplätze: 1 Mitte, Hahnlochbank: Nein, Überlauf: Ja, Geschliffen, Inkl. Überlaufclip, 600 mm",Keramik
23146000001,"DU Aufsatzbecken Happy D.2 600 mm mit ÜL, ohne HLB, geschliffen, weiß WG","Duravit Happy D.2 Aufsatzbecken, Weiß Hochglanz, Rechteckig, Anzahl Waschplätze: 1 Mitte, Hahnlochbank: Nein, Überlauf: Ja, Geschliffen, WonderGliss, Inkl. Überlaufclip, 600 mm",Keramik
2315600000,"DU Aufsatzbecken Happy D.2 600 mm m.ÜL, m.HLB, 1 HL, geschl., weiß","Duravit Happy D.2 Aufsatzbecken, Weiß Hochglanz, Rechteckig, Anzahl Waschplätze: 1 Mitte, Hahnlochbank: Ja, Anzahl Hahnlöcher pro Waschplatz: 1 Mitte, Überlauf: Ja, Geschliffen, Inkl. Überlaufclip, Rückwand glasiert: Nein, 600 mm",Keramik
23156000001,"DU Aufsatzbecken Happy D.2 600 mm m.ÜL, m.HLB, 1 HL, geschl., weiß WG","Duravit Happy D.2 Aufsatzbecken, Weiß Hochglanz, Rechteckig, Anzahl Waschplätze: 1 Mitte, Hahnlochbank: Ja, Anzahl Hahnlöcher pro Waschplatz: 1 Mitte, Überlauf: Ja, Geschliffen, WonderGliss, Inkl. Überlaufclip, Rückwand glasiert: Nein, 600 mm",Keramik
2315600060,"DU Aufsatzbecken Happy D.2 600 mm m.ÜL, m.HLB, o.HL, geschl., weiß","Duravit Happy D.2 Aufsatzbecken, Weiß Hochglanz, Rechteckig, Anzahl Waschplätze: 1 Mitte, Hahnlochbank: Ja, Überlauf: Ja, Geschliffen, Inkl. Überlaufclip, Rückwand glasiert: Nein, 600 mm",Keramik
23156000601,"DU Aufsatzbecken Happy D.2 600 mm m.ÜL, m.HLB, o.HL, geschl., weiß WG","Duravit Happy D.2 Aufsatzbecken, Weiß Hochglanz, Rechteckig, Anzahl Waschplätze: 1 Mitte, Hahnlochbank: Ja, Überlauf: Ja, Geschliffen, WonderGliss, Inkl. Überlaufclip, Rückwand glasiert: Nein, 600 mm",Keramik
2316600000,"DU Waschtisch Happy D.2 600 mm mit ÜL, mit HLB, 1 HL, weiß","Duravit Happy D.2 Waschtisch, Weiß Hochglanz, Rechteckig, Anzahl Waschplätze: 1 Mitte, Hahnlochbank: Ja, Anzahl Hahnlöcher pro Waschplatz: 1 Mitte, Überlauf: Ja, Inkl. Überlaufclip, Von unten glasiert, 600 mm",Keramik
23166000001,"DU Waschtisch Happy D.2 600 mm mit ÜL, mit HLB, 1 HL, weiß WonderGliss","Duravit Happy D.2 Waschtisch, Weiß Hochglanz, Rechteckig, Anzahl Waschplätze: 1 Mitte, Hahnlochbank: Ja, Anzahl Hahnlöcher pro Waschplatz: 1 Mitte, Überlauf: Ja, WonderGliss, Inkl. Überlaufclip, Von unten glasiert, 600 mm",Keramik
2316650000,"DU Waschtisch Happy D.2 650 mm mit ÜL, mit HLB, 1 HL, weiß","Duravit Happy D.2 Waschtisch, Weiß Hochglanz, Rechteckig, Anzahl Waschplätze: 1 Mitte, Hahnlochbank: Ja, Anzahl Hahnlöcher pro Waschplatz: 1 Mitte, Überlauf: Ja, Inkl. Überlaufclip, Von unten glasiert, 650 mm",Keramik
23166500001,"DU Waschtisch Happy D.2 650 mm mit ÜL, mit HLB, 1 HL, weiß WonderGliss","Duravit Happy D.2 Waschtisch, Weiß Hochglanz, Rechteckig, Anzahl Waschplätze: 1 Mitte, Hahnlochbank: Ja, Anzahl Hahnlöcher pro Waschplatz: 1 Mitte, Überlauf: Ja, WonderGliss, Inkl. Überlaufclip, Von unten glasiert, 650 mm",Keramik
2316800000,"DU Waschtisch Happy D.2 800 mm mit ÜL, mit HLB, 1 HL, weiß","Duravit Happy D.2 Waschtisch, Weiß Hochglanz, Rechteckig, Anzahl Waschplätze: 1 Mitte, Hahnlochbank: Ja, Anzahl Hahnlöcher pro Waschplatz: 1 Mitte, Überlauf: Ja, Inkl. Überlaufclip, Von unten glasiert, 800 mm",Keramik
2318100000,"DU Möbelwaschtisch Happy D.2 1000 mm mit ÜL, mit HLB, 1 HL, weiß","Duravit Happy D.2 Waschtisch, Weiß Hochglanz, Rechteckig, Anzahl Waschplätze: 1 Mitte, Hahnlochbank: Ja, Anzahl Hahnlöcher pro Waschplatz: 1 Mitte, Überlauf: Ja, Inkl. Überlaufclip, Von unten glasiert, Rückwand glasiert: Nein, 1000 mm",Keramik
23181000001,"DU Möbelwaschtisch Happy D.2 1000 mm mit ÜL, mit HLB, 1 HL, weiß WonderGliss","Duravit Happy D.2 Waschtisch, Weiß Hochglanz, Rechteckig, Anzahl Waschplätze: 1 Mitte, Hahnlochbank: Ja, Anzahl Hahnlöcher pro Waschplatz: 1 Mitte, Überlauf: Ja, WonderGliss, Inkl. Überlaufclip, Von unten glasiert, Rückwand glasiert: Nein, 1000 mm",Keramik
2318100027,"DU Möbelwaschtisch Happy D.2 1000 mm m.ÜL, m.HLB, 1 HL, geschl., weiß","Duravit Happy D.2 Waschtisch, Weiß Hochglanz, Rechteckig, Anzahl Waschplätze: 1 Mitte, Hahnlochbank: Ja, Anzahl Hahnlöcher pro Waschplatz: 1 Mitte, Überlauf: Ja, Geschliffen, Inkl. Überlaufclip, Von unten glasiert, Rückwand glasiert: Nein, 1000 mm",Keramik
23181000271,"DU Möbelwaschtisch Happy D.2 1000 mm m.ÜL, m.HLB, 1 HL, geschl., weiß WG","Duravit Happy D.2 Waschtisch, Weiß Hochglanz, Rechteckig, Anzahl Waschplätze: 1 Mitte, Hahnlochbank: Ja, Anzahl Hahnlöcher pro Waschplatz: 1 Mitte, Überlauf: Ja, Geschliffen, WonderGliss, Inkl. Überlaufclip, Von unten glasiert, Rückwand glasiert: Nein, 1000 mm",Keramik
2318100060,"DU Möbelwaschtisch Happy D.2 1000 mm mit ÜL, mit HLB, ohne HL, weiß","Duravit Happy D.2 Waschtisch, Weiß Hochglanz, Rechteckig, Anzahl Waschplätze: 1 Mitte, Hahnlochbank: Ja, Überlauf: Ja, Inkl. Überlaufclip, Von unten glasiert, Rückwand glasiert: Nein, 1000 mm",Keramik
2318120000,"DU Möbelwaschtisch Happy D.2 1200 mm m.ÜL, m.HLB, 1HL mitte, weiß","Duravit Happy D.2 Waschtisch, Weiß Hochglanz, Rechteckig, Anzahl Waschplätze: 1 Mitte, Hahnlochbank: Ja, Anzahl Hahnlöcher pro Waschplatz: 1 Mitte, Überlauf: Ja, Inkl. Überlaufclip, Von unten glasiert, Rückwand glasiert: Nein, 1200 mm",Keramik
23181200001,"DU Möbelwaschtisch Happy D.2 1200 mm m.ÜL, m.HLB, 1HL mitte, weiß, WG","Duravit Happy D.2 Waschtisch, Weiß Hochglanz, Rechteckig, Anzahl Waschplätze: 1 Mitte, Hahnlochbank: Ja, Anzahl Hahnlöcher pro Waschplatz: 1 Mitte, Überlauf: Ja, WonderGliss, Inkl. Überlaufclip, Von unten glasiert, Rückwand glasiert: Nein, 1200 mm",Keramik
2318120024,"DU Möbelwaschtisch Happy D.2 1200 mm m.ÜL, m.HLB, 2 HL, 1 Becken, weiß","Duravit Happy D.2 Waschtisch, Weiß Hochglanz, Rechteckig, Anzahl Waschplätze: 2 Mitte, Hahnlochbank: Ja, Anzahl Hahnlöcher pro Waschplatz: 1 Links, Rechts, Überlauf: Ja, Inkl. Überlaufclip, Von unten glasiert, Rückwand glasiert: Nein, 1200 mm",Keramik
23181200241,"DU Möbelwaschtisch Happy D.2 1200 mm m.ÜL, m.HLB, 2HL, 1 Becken, weiß, WG","Duravit Happy D.2 Waschtisch, Weiß Hochglanz, Rechteckig, Anzahl Waschplätze: 2 Mitte, Hahnlochbank: Ja, Anzahl Hahnlöcher pro Waschplatz: 1 Links, Rechts, Überlauf: Ja, WonderGliss, Inkl. Überlaufclip, Von unten glasiert, Rückwand glasiert: Nein, 1200 mm",Keramik
2318120026,"DU Möbelwaschtisch Happy D.2 1200 mm m.ÜL,m.HLB,2HL,1 Becken,geschl.,weiß","Duravit Happy D.2 Waschtisch, Weiß Hochglanz, Rechteckig, Anzahl Waschplätze: 2 Mitte, Hahnlochbank: Ja, Anzahl Hahnlöcher pro Waschplatz: 1 Links, Rechts, Überlauf: Ja, Geschliffen, Inkl. Überlaufclip, Von unten glasiert, Rückwand glasiert: Nein, 1200 mm",Keramik
23181200261,"DU Möbelwaschtisch Happy D.2 1200 mm m.ÜL,m.HLB,2HL,1 Becken,geschl.,weiß,WG","Duravit Happy D.2 Waschtisch, Weiß Hochglanz, Rechteckig, Anzahl Waschplätze: 2 Mitte, Hahnlochbank: Ja, Anzahl Hahnlöcher pro Waschplatz: 1 Links, Rechts, Überlauf: Ja, Geschliffen, WonderGliss, Inkl. Überlaufclip, Von unten glasiert, Rückwand glasiert: Nein, 1200 mm",Keramik
2318120027,"DU Möbelwaschtisch Happy D.2 1200 mm m.ÜL, m.HLB, 1 HL, geschl., weiß","Duravit Happy D.2 Waschtisch, Weiß Hochglanz, Rechteckig, Anzahl Waschplätze: 1 Mitte, Hahnlochbank: Ja, Anzahl Hahnlöcher pro Waschplatz: 1 Mitte, Überlauf: Ja, Geschliffen, Inkl. Überlaufclip, Von unten glasiert, Rückwand glasiert: Nein, 1200 mm",Keramik
23181200271,"DU Möbelwaschtisch Happy D.2 1200 mm m.ÜL, m.HLB, 1 HL, geschl., weiß WG","Duravit Happy D.2 Waschtisch, Weiß Hochglanz, Rechteckig, Anzahl Waschplätze: 1 Mitte, Hahnlochbank: Ja, Anzahl Hahnlöcher pro Waschplatz: 1 Mitte, Überlauf: Ja, Geschliffen, WonderGliss, Inkl. Überlaufclip, Von unten glasiert, Rückwand glasiert: Nein, 1200 mm",Keramik
2318600000,"DU Möbelwaschtisch Happy D.2 600 mm mit ÜL, mit HLB, 1 HL, weiß","Duravit Happy D.2 Waschtisch, Weiß Hochglanz, Rechteckig, Anzahl Waschplätze: 1 Mitte, Hahnlochbank: Ja, Anzahl Hahnlöcher pro Waschplatz: 1 Mitte, Überlauf: Ja, Inkl. Überlaufclip, Von unten glasiert, Rückwand glasiert: Nein, 600 mm",Keramik
23186000001,"DU Möbelwaschtisch Happy D.2 600 mm m. ÜL, m. HLB, 1 HL, weiß, WonderGliss","Duravit Happy D.2 Waschtisch, Weiß Hochglanz, Rechteckig, Anzahl Waschplätze: 1 Mitte, Hahnlochbank: Ja, Anzahl Hahnlöcher pro Waschplatz: 1 Mitte, Überlauf: Ja, WonderGliss, Inkl. Überlaufclip, Von unten glasiert, Rückwand glasiert: Nein, 600 mm",Keramik
2318600027,"DU Möbelwaschtisch Happy D.2 600 mm mit ÜL, mit HLB, 1 HL geschl.","Duravit Happy D.2 Waschtisch, Weiß Hochglanz, Rechteckig, Anzahl Waschplätze: 1 Mitte, Hahnlochbank: Ja, Anzahl Hahnlöcher pro Waschplatz: 1 Mitte, Überlauf: Ja, Geschliffen, Inkl. Überlaufclip, Von unten glasiert, Rückwand glasiert: Nein, 600 mm",Keramik
23186000271,"DU Möbelwaschtisch Happy D.2 600 mm mit ÜL, mit HLB, 1 HL geschl., WG","Duravit Happy D.2 Waschtisch, Weiß Hochglanz, Rechteckig, Anzahl Waschplätze: 1 Mitte, Hahnlochbank: Ja, Anzahl Hahnlöcher pro Waschplatz: 1 Mitte, Überlauf: Ja, Geschliffen, WonderGliss, Inkl. Überlaufclip, Von unten glasiert, Rückwand glasiert: Nein, 600 mm",Keramik
2318650000,"DU Möbelwaschtisch Happy D.2 650 mm mit ÜL, mit HLB, 1 HL, weiß","Duravit Happy D.2 Waschtisch, Weiß Hochglanz, Rechteckig, Anzahl Waschplätze: 1 Mitte, Hahnlochbank: Ja, Anzahl Hahnlöcher pro Waschplatz: 1 Mitte, Überlauf: Ja, Inkl. Überlaufclip, Von unten glasiert, Rückwand glasiert: Nein, 650 mm",Keramik
23186500001,"DU Möbelwaschtisch Happy D.2 650 mm mit ÜL, mit HLB, 1 HL, weiß WonderGliss","Duravit Happy D.2 Waschtisch, Weiß Hochglanz, Rechteckig, Anzahl Waschplätze: 1 Mitte, Hahnlochbank: Ja, Anzahl Hahnlöcher pro Waschplatz: 1 Mitte, Überlauf: Ja, WonderGliss, Inkl. Überlaufclip, Von unten glasiert, Rückwand glasiert: Nein, 650 mm",Keramik
2318650027,"DU Möbelwaschtisch Happy D.2 650 mm m.ÜL, m.HLB, 1 HL, geschl., weiß","Duravit Happy D.2 Waschtisch, Weiß Hochglanz, Rechteckig, Anzahl Waschplätze: 1 Mitte, Hahnlochbank: Ja, Anzahl Hahnlöcher pro Waschplatz: 1 Mitte, Überlauf: Ja, Geschliffen, Inkl. Überlaufclip, Von unten glasiert, Rückwand glasiert: Nein, 650 mm",Keramik
23186500271,"DU Möbelwaschtisch Happy D.2 650 mm m.ÜL, m.HLB, 1 HL, geschl., weiß WG","Duravit Happy D.2 Waschtisch, Weiß Hochglanz, Rechteckig, Anzahl Waschplätze: 1 Mitte, Hahnlochbank: Ja, Anzahl Hahnlöcher pro Waschplatz: 1 Mitte, Überlauf: Ja, Geschliffen, WonderGliss, Inkl. Überlaufclip, Von unten glasiert, Rückwand glasiert: Nein, 650 mm",Keramik
2318650028,"DU Möbelwaschtisch Happy D.2 650 mm m.ÜL, m.HLB, o.HL, geschl., weiß","Duravit Happy D.2 Waschtisch, Weiß Hochglanz, Rechteckig, Anzahl Waschplätze: 1 Mitte, Hahnlochbank: Ja, Überlauf: Ja, Geschliffen, Inkl. Überlaufclip, Von unten glasiert, Rückwand glasiert: Nein, 650 mm",Keramik
2318800000,"DU Möbelwaschtisch Happy D.2 800 mm mit ÜL, mit HLB, 1 HL, weiß","Duravit Happy D.2 Waschtisch, Weiß Hochglanz, Rechteckig, Anzahl Waschplätze: 1 Mitte, Hahnlochbank: Ja, Anzahl Hahnlöcher pro Waschplatz: 1 Mitte, Überlauf: Ja, Inkl. Überlaufclip, Von unten glasiert, Rückwand glasiert: Nein, 800 mm",Keramik
23188000001,"DU Möbelwaschtisch Happy D.2 800 mm mit ÜL, mit HLB, 1 HL, weiß WonderGliss","Duravit Happy D.2 Waschtisch, Weiß Hochglanz, Rechteckig, Anzahl Waschplätze: 1 Mitte, Hahnlochbank: Ja, Anzahl Hahnlöcher pro Waschplatz: 1 Mitte, Überlauf: Ja, WonderGliss, Inkl. Überlaufclip, Von unten glasiert, Rückwand glasiert: Nein, 800 mm",Keramik
2318800027,"DU Möbelwaschtisch Happy D.2 800 mm m.ÜL, m.HLB, 1 HL, geschl., weiß","Duravit Happy D.2 Waschtisch, Weiß Hochglanz, Rechteckig, Anzahl Waschplätze: 1 Mitte, Hahnlochbank: Ja, Anzahl Hahnlöcher pro Waschplatz: 1 Mitte, Überlauf: Ja, Geschliffen, Inkl. Überlaufclip, Rückwand glasiert: Nein, 800 mm",Keramik
23188000271,"DU Möbelwaschtisch Happy D.2 800 mm m.ÜL, m.HLB, 1 HL, geschl., weiß WG","Duravit Happy D.2 Waschtisch, Weiß Hochglanz, Rechteckig, Anzahl Waschplätze: 1 Mitte, Hahnlochbank: Ja, Anzahl Hahnlöcher pro Waschplatz: 1 Mitte, Überlauf: Ja, Geschliffen, WonderGliss, Inkl. Überlaufclip, Rückwand glasiert: Nein, 800 mm",Keramik
2318800028,"DU Möbelwaschtisch Happy D.2 800 mm m.ÜL, m.HLB, o.HL, geschl., weiß","Duravit Happy D.2 Waschtisch, Weiß Hochglanz, Rechteckig, Anzahl Waschplätze: 1 Mitte, Hahnlochbank: Ja, Überlauf: Ja, Geschliffen, Inkl. Überlaufclip, Rückwand glasiert: Nein, 800 mm",Keramik
2319550000,"DU Waschtisch DuraStyle 550 mm mit ÜL, mit HLB, 1 HL, weiß","Duravit DuraStyle Waschtisch, Weiß Hochglanz, Rechteckig, Anzahl Waschplätze: 1 Mitte, Hahnlochbank: Ja, Anzahl Hahnlöcher pro Waschplatz: 1 Mitte, Überlauf: Ja, Von unten glasiert, Rückwand glasiert: Nein, 550 mm",Keramik
23195500001,"DU Waschtisch DuraStyle 550 mm mit ÜL, mit HLB, 1 HL, weiß WonderGliss","Duravit DuraStyle Waschtisch, Weiß Hochglanz, Rechteckig, Anzahl Waschplätze: 1 Mitte, Hahnlochbank: Ja, Anzahl Hahnlöcher pro Waschplatz: 1 Mitte, Überlauf: Ja, WonderGliss, Von unten glasiert, Rückwand glasiert: Nein, 550 mm",Keramik
2319600000,"DU Waschtisch DuraStyle 600 mm mit ÜL, mit HLB, 1 HL, weiß","Duravit DuraStyle Waschtisch, Weiß Hochglanz, Rechteckig, Anzahl Waschplätze: 1 Mitte, Hahnlochbank: Ja, Anzahl Hahnlöcher pro Waschplatz: 1 Mitte, Überlauf: Ja, Von unten glasiert, Rückwand glasiert: Nein, 600 mm",Keramik
23196000001,"DU Waschtisch DuraStyle 600 mm mit ÜL, mit HLB, 1 HL, weiß WonderGliss","Duravit DuraStyle Waschtisch, Weiß Hochglanz, Rechteckig, Anzahl Waschplätze: 1 Mitte, Hahnlochbank: Ja, Anzahl Hahnlöcher pro Waschplatz: 1 Mitte, Überlauf: Ja, WonderGliss, Von unten glasiert, Rückwand glasiert: Nein, 600 mm",Keramik
2319650000,"DU Waschtisch DuraStyle 650 mm mit ÜL, mit HLB, 1 HL, weiß","Duravit DuraStyle Waschtisch, Weiß Hochglanz, Rechteckig, Anzahl Waschplätze: 1 Mitte, Hahnlochbank: Ja, Anzahl Hahnlöcher pro Waschplatz: 1 Mitte, Überlauf: Ja, Von unten glasiert, Rückwand glasiert: Nein, 650 mm",Keramik
23196500001,"DU Waschtisch DuraStyle 650 mm mit ÜL, mit HLB, 1 HL, weiß WonderGliss","Duravit DuraStyle Waschtisch, Weiß Hochglanz, Rechteckig, Anzahl Waschplätze: 1 Mitte, Hahnlochbank: Ja, Anzahl Hahnlöcher pro Waschplatz: 1 Mitte, Überlauf: Ja, WonderGliss, Von unten glasiert, Rückwand glasiert: Nein, 650 mm",Keramik
2320100000,"DU Möbelwaschtisch DuraStyle 1000 mm mit ÜL, mit HLB, 1 HL, weiß","Duravit DuraStyle Waschtisch, Weiß Hochglanz, Rechteckig, Anzahl Waschplätze: 1 Mitte, Hahnlochbank: Ja, Anzahl Hahnlöcher pro Waschplatz: 1 Mitte, Überlauf: Ja, Von unten glasiert, Rückwand glasiert: Nein, 1000 mm",Keramik
23201000001,"DU Möbelwaschtisch DuraStyle 1000 mm mit ÜL, mit HLB, 1 HL, weiß WonderGliss","Duravit DuraStyle Waschtisch, Weiß Hochglanz, Rechteckig, Anzahl Waschplätze: 1 Mitte, Hahnlochbank: Ja, Anzahl Hahnlöcher pro Waschplatz: 1 Mitte, Überlauf: Ja, WonderGliss, Von unten glasiert, Rückwand glasiert: Nein, 1000 mm",Keramik
2320100060,"DU Möbelwaschtisch DuraStyle 1000 mm mit ÜL, ohne Hahnloch, weiß","Duravit DuraStyle Waschtisch, Weiß Hochglanz, Rechteckig, Anzahl Waschplätze: 1 Mitte, Hahnlochbank: Ja, Überlauf: Ja, Von unten glasiert, Rückwand glasiert: Nein, 1000 mm",Keramik
2320120000,"DU Möbelwaschtisch DuraStyle 1200 mm mit ÜL, mit HLB, 1 HL, weiß","Duravit DuraStyle Waschtisch, Weiß Hochglanz, Rechteckig, Anzahl Waschplätze: 1 Mitte, Hahnlochbank: Ja, Anzahl Hahnlöcher pro Waschplatz: 1 Mitte, Überlauf: Ja, Von unten glasiert, Rückwand glasiert: Nein, 1200 mm",Keramik
23201200001,"DU Möbelwaschtisch DuraStyle 1200 mm mit ÜL, mit HLB, 1 HL, weiß WonderGliss","Duravit DuraStyle Waschtisch, Weiß Hochglanz, Rechteckig, Anzahl Waschplätze: 1 Mitte, Hahnlochbank: Ja, Anzahl Hahnlöcher pro Waschplatz: 1 Mitte, Überlauf: Ja, WonderGliss, Von unten glasiert, Rückwand glasiert: Nein, 1200 mm",Keramik
2320120060,"DU Möbelwaschtisch DuraStyle 1200 mm mit ÜL, ohne Hahnloch, weiß","Duravit DuraStyle Waschtisch, Weiß Hochglanz, Rechteckig, Anzahl Waschplätze: 1 Mitte, Hahnlochbank: Ja, Überlauf: Ja, Von unten glasiert, Rückwand glasiert: Nein, 1200 mm",Keramik
2320650000,"DU Möbelwaschtisch DuraStyle 650 mm mit ÜL, mit HLB, 1 HL, weiß","Duravit DuraStyle Waschtisch, Weiß Hochglanz, Rechteckig, Anzahl Waschplätze: 1 Mitte, Hahnlochbank: Ja, Anzahl Hahnlöcher pro Waschplatz: 1 Mitte, Überlauf: Ja, Von unten glasiert, Rückwand glasiert: Nein, 650 mm",Keramik
23206500001,"DU Möbelwaschtisch DuraStyle 650 mm mit ÜL, mit HLB, 1 HL, weiß WonderGliss","Duravit DuraStyle Waschtisch, Weiß Hochglanz, Rechteckig, Anzahl Waschplätze: 1 Mitte, Hahnlochbank: Ja, Anzahl Hahnlöcher pro Waschplatz: 1 Mitte, Überlauf: Ja, WonderGliss, Von unten glasiert, Rückwand glasiert: Nein, 650 mm",Keramik
2320650060,"DU Möbelwaschtisch DuraStyle 650 mm mit ÜL, ohne Hahnloch, weiß","Duravit DuraStyle Waschtisch, Weiß Hochglanz, Rechteckig, Anzahl Waschplätze: 1 Mitte, Hahnlochbank: Ja, Überlauf: Ja, Von unten glasiert, Rückwand glasiert: Nein, 650 mm",Keramik
23206500601,"DU Möbelwaschtisch DuraStyle 650 mm mit ÜL, ohne Hahnloch, weiß, WG","Duravit DuraStyle Waschtisch, Weiß Hochglanz, Rechteckig, Anzahl Waschplätze: 1 Mitte, Hahnlochbank: Ja, Überlauf: Ja, WonderGliss, Von unten glasiert, Rückwand glasiert: Nein, 650 mm",Keramik
2320800000,"DU Möbelwaschtisch DuraStyle 800 mm mit ÜL, mit HLB, 1 HL, weiß","Duravit DuraStyle Waschtisch, Weiß Hochglanz, Rechteckig, Anzahl Waschplätze: 1 Mitte, Hahnlochbank: Ja, Anzahl Hahnlöcher pro Waschplatz: 1 Mitte, Überlauf: Ja, Von unten glasiert, Rückwand glasiert: Nein, 800 mm",Keramik
23208000001,"DU Möbelwaschtisch DuraStyle 800 mm mit ÜL, mit HLB, 1 HL, weiß WonderGliss","Duravit DuraStyle Waschtisch, Weiß Hochglanz, Rechteckig, Anzahl Waschplätze: 1 Mitte, Hahnlochbank: Ja, Anzahl Hahnlöcher pro Waschplatz: 1 Mitte, Überlauf: Ja, WonderGliss, Von unten glasiert, Rückwand glasiert: Nein, 800 mm",Keramik
2320800060,"DU Möbelwaschtisch DuraStyle 800 mm mit ÜL, ohne Hahnloch, weiß","Duravit DuraStyle Waschtisch, Weiß Hochglanz, Rechteckig, Anzahl Waschplätze: 1 Mitte, Hahnlochbank: Ja, Überlauf: Ja, Von unten glasiert, Rückwand glasiert: Nein, 800 mm",Keramik
2321440000,"DU Aufsatzbecken Starck 2 440 mm o.ÜL, o.HLB, geschliffen, weiß","Duravit Starck 2 Aufsatzbecken, Weiß Hochglanz, Oval, Anzahl Waschplätze: 1 Mitte, Hahnlochbank: Nein, Überlauf: Nein, Geschliffen, 435 mm",Keramik
23214400001,"DU Aufsatzbecken Starck 2 440 mm o.ÜL, o.HLB, geschliffen, weiß WG","Duravit Starck 2 Aufsatzbecken, Weiß Hochglanz, Oval, Anzahl Waschplätze: 1 Mitte, Hahnlochbank: Nein, Überlauf: Nein, Geschliffen, WonderGliss, 435 mm",Keramik
2322460000,"DU Aufsatzbecken Starck 1 460 mm mit Armatureninsel, ohne HLB, weiß","Duravit Starck 1 Aufsatzbecken, Weiß Hochglanz, Rechteckig, Anzahl Waschplätze: 1 Mitte, Hahnlochbank: Nein, Anzahl Hahnlöcher pro Waschplatz: 1 Mitte, Überlauf: Nein, Geschliffen, 460 mm",Keramik
2324550000,"DU Waschtisch DuraStyle Med 550 mm ohne ÜL, mit HLB, 1 HL, weiß","Duravit DuraStyle Waschtisch, Weiß Hochglanz, Rechteckig, Anzahl Waschplätze: 1 Mitte, Hahnlochbank: Ja, Anzahl Hahnlöcher pro Waschplatz: 1 Mitte, Überlauf: Nein, Rückwand glasiert: Nein, 550 mm",Keramik
2324600000,"DU Waschtisch DuraStyle Med 600 mm ohne ÜL, mit HLB, 1 HL, weiß","Duravit DuraStyle Waschtisch, Weiß Hochglanz, Rechteckig, Anzahl Waschplätze: 1 Mitte, Hahnlochbank: Ja, Anzahl Hahnlöcher pro Waschplatz: 1 Mitte, Überlauf: Nein, Von unten glasiert, Rückwand glasiert: Nein, 600 mm",Keramik
23246000001,"DU Waschtisch DuraStyle Med 600 mm ohne ÜL, mit HLB, 1 HL, weiß WG","Duravit DuraStyle Waschtisch, Weiß Hochglanz, Rechteckig, Anzahl Waschplätze: 1 Mitte, Hahnlochbank: Ja, Anzahl Hahnlöcher pro Waschplatz: 1 Mitte, Überlauf: Nein, WonderGliss, Von unten glasiert, Rückwand glasiert: Nein, 600 mm",Keramik
2324600070,"DU Waschtisch DuraStyle Med 600 mm ohne ÜL, mit HLB, ohne HL, weiß","Duravit DuraStyle Waschtisch, Weiß Hochglanz, Rechteckig, Anzahl Waschplätze: 1 Mitte, Hahnlochbank: Ja, Überlauf: Nein, Von unten glasiert, Rückwand glasiert: Nein, 600 mm",Keramik
23246000701,"DU Waschtisch DuraStyle Med 600 mm ohne ÜL, mit HLB, ohne HL, weiß WG","Duravit DuraStyle Waschtisch, Weiß Hochglanz, Rechteckig, Anzahl Waschplätze: 1 Mitte, Hahnlochbank: Ja, Überlauf: Nein, WonderGliss, Von unten glasiert, Rückwand glasiert: Nein, 600 mm",Keramik
2325800000,"DU Möbelwaschtisch DuraStyle 800 mm m.ÜL, m.HLB, 1 HL, Becken li., weiß","Duravit DuraStyle Waschtisch, Weiß Hochglanz, Rechteckig, Anzahl Waschplätze: 1 Links, Hahnlochbank: Ja, Anzahl Hahnlöcher pro Waschplatz: 1 Mitte, Überlauf: Ja, Von unten glasiert, Rückwand glasiert: Nein, 800 mm",Keramik
23258000001,"DU Möbelwaschtisch DuraStyle 800 mm m.ÜL, m.HLB, 1 HL, Becken li., weiß WG","Duravit DuraStyle Waschtisch, Weiß Hochglanz, Rechteckig, Anzahl Waschplätze: 1 Links, Hahnlochbank: Ja, Anzahl Hahnlöcher pro Waschplatz: 1 Mitte, Überlauf: Ja, WonderGliss, Von unten glasiert, Rückwand glasiert: Nein, 800 mm",Keramik
2325800060,"DU Möbelwaschtisch DuraStyle 800 mm m. ÜL, m. HLB, o.HL, B-li, weiß","Duravit DuraStyle Waschtisch, Weiß Hochglanz, Rechteckig, Anzahl Waschplätze: 1 Links, Hahnlochbank: Ja, Überlauf: Ja, Von unten glasiert, Rückwand glasiert: Nein, 800 mm",Keramik
2326100000,"DU Möbelwaschtisch DuraStyle 1000 mm m.ÜL, m.HLB, 1 HL, Becken re., weiß","Duravit DuraStyle Waschtisch, Weiß Hochglanz, Rechteckig, Anzahl Waschplätze: 1 Rechts, Hahnlochbank: Ja, Anzahl Hahnlöcher pro Waschplatz: 1 Mitte, Überlauf: Ja, Rückwand glasiert: Nein, 1000 mm",Keramik
2326100060,"DU Möbelwaschtisch DuraStyle 1000 mm m. ÜL, m. HLB, o.HL, B-re, weiß","Duravit DuraStyle Waschtisch, Weiß Hochglanz, Rechteckig, Anzahl Waschplätze: 1 Rechts, Hahnlochbank: Ja, Überlauf: Ja, Rückwand glasiert: Nein, 1000 mm",Keramik
2326800000,"DU Möbelwaschtisch DuraStyle 800 mm m.ÜL, m.HLB, 1 HL, Becken re., weiß","Duravit DuraStyle Waschtisch, Weiß Hochglanz, Rechteckig, Anzahl Waschplätze: 1 Rechts, Hahnlochbank: Ja, Anzahl Hahnlöcher pro Waschplatz: 1 Mitte, Überlauf: Ja, Von unten glasiert, Rückwand glasiert: Nein, 800 mm",Keramik
23268000001,"DU Möbelwaschtisch DuraStyle 800 mm m.ÜL, m.HLB, 1 HL, Becken re., weiß WG","Duravit DuraStyle Waschtisch, Weiß Hochglanz, Rechteckig, Anzahl Waschplätze: 1 Rechts, Hahnlochbank: Ja, Anzahl Hahnlöcher pro Waschplatz: 1 Ohne, Überlauf: Ja, WonderGliss, Von unten glasiert, Rückwand glasiert: Nein, 800 mm",Keramik
2326800060,"DU Möbelwaschtisch DuraStyle 800 mm m. ÜL, m. HLB, o.HL, B-re, weiß","Duravit DuraStyle Waschtisch, Weiß Hochglanz, Rechteckig, Anzahl Waschplätze: 1 Rechts, Hahnlochbank: Ja, Überlauf: Ja, Von unten glasiert, Rückwand glasiert: Nein, 800 mm",Keramik
23268000601,"DU Möbelwaschtisch DuraStyle 800 mm m. ÜL, m. HLB, o.HL, B-re, weiß, WG","Duravit DuraStyle Waschtisch, Weiß Hochglanz, Rechteckig, Anzahl Waschplätze: 1 Rechts, Hahnlochbank: Ja, Überlauf: Ja, WonderGliss, Von unten glasiert, Rückwand glasiert: Nein, 800 mm",Keramik
2327480000,"DU Einbauwaschtisch Starck 2 480 mm EB v.oben, m.ÜL, m.HLB, 1 HL, weiß","Duravit Starck 2 Einbauwaschtisch, Ausführung Waschtisch: Einbau, 480x480 mm, Weiß Hochglanz, Hahnlochbank: Ja, Anzahl Hahnlöcher pro Waschplatz: 1, Überlauf: Ja, Montageart: Einbau von oben",Keramik
2328400000,"DU Aufsatzbecken Cape Cod 400mm Weiß o.Überlauf, o.Hahnlochbank","Duravit Cape Cod Aufsatzbecken, Weiß Hochglanz, DuraCeram®, Oval, Anzahl Waschplätze: 1 Mitte, Hahnlochbank: Nein, Überlauf: Nein, 400 mm",Keramik
23284000001,"DU Aufsatzbecken Cape Cod 400mm Weiß o.Überluaf, o.Hahnlochbank, WG","Duravit Cape Cod Aufsatzbecken, Weiß Hochglanz, DuraCeram®, Oval, Anzahl Waschplätze: 1 Mitte, Hahnlochbank: Nein, Überlauf: Nein, WonderGliss, 400 mm",Keramik
2328402600,"DU Aufsatzbecken Cape Cod 400mm Weiß/ Weiß Seidenmatt,o.ÜL, o.HLB","Duravit Cape Cod Aufsatzbecken, Innenfarbe Weiß Hochglanz, Aussenfarbe Weiß Seidenmatt, DuraCeram®, Oval, Anzahl Waschplätze: 1 Mitte, Hahnlochbank: Nein, Überlauf: Nein, 400 mm",Keramik
2328403200,"DU Aufsatzbecken Cape Cod 400mm Weiß Seidenmatt, o.Überl,o.Hahnlochb,","Duravit Cape Cod Aufsatzbecken, Weiß Seidenmatt, DuraCeram®, Oval, Anzahl Waschplätze: 1 Mitte, Hahnlochbank: Nein, Überlauf: Nein, 400 mm",Keramik
23284032001,"DU Aufsatzbecken Cape Cod 400mm Weiß Seidenmatt, o.Überl,o.Hahnlochb, WG","Duravit Cape Cod Aufsatzbecken, Weiß Seidenmatt, DuraCeram®, Oval, Anzahl Waschplätze: 1 Mitte, Hahnlochbank: Nein, Überlauf: Nein, WonderGliss, 400 mm",Keramik
2328430000,"DU Aufsatzbecken Cape Cod 430mm Weiß ohne Überlauf, ohne Hahnlochbank","Duravit Cape Cod Aufsatzbecken, Weiß Hochglanz, DuraCeram®, Rund, Anzahl Waschplätze: 1 Mitte, Hahnlochbank: Nein, Überlauf: Nein, 430 mm",Keramik
23284300001,"DU Aufsatzbecken Cape Cod 430mm Weiß ohne Überlauf, ohne Hahnlochbank, WG","Duravit Cape Cod Aufsatzbecken, Weiß Hochglanz, DuraCeram®, Rund, Anzahl Waschplätze: 1 Mitte, Hahnlochbank: Nein, Überlauf: Nein, WonderGliss, 430 mm",Keramik
2328432600,"DU Aufsatzbecken Cape Cod 430mm Weiß/ Weiß Seidenmatt, o.ÜL, o.HLB","Duravit Cape Cod Aufsatzbecken, Innenfarbe Weiß Hochglanz, Aussenfarbe Weiß Seidenmatt, DuraCeram®, Rund, Anzahl Waschplätze: 1 Mitte, Hahnlochbank: Nein, Überlauf: Nein, 430 mm",Keramik
2328433200,"DU Aufsatzbecken Cape Cod 430mm Weiß Seidenmatt, o.Überlauf, o. Hahnlochbank","Duravit Cape Cod Aufsatzbecken, Weiß Seidenmatt, DuraCeram®, Rund, Anzahl Waschplätze: 1 Mitte, Hahnlochbank: Nein, Überlauf: Nein, 430 mm",Keramik
23284332001,"DU Aufsatzbecken Cape Cod 430mm Weiß Seidenmatt,o.Überlauf,o.Hahnlochbank,WG","Duravit Cape Cod Aufsatzbecken, Weiß Seidenmatt, DuraCeram®, Rund, Anzahl Waschplätze: 1 Mitte, Hahnlochbank: Nein, Überlauf: Nein, WonderGliss, 430 mm",Keramik
2328480000,"DU Aufsatzbecken Cape Cod 480 mm mit Armatureninsel, ohne ÜL, weiß","Duravit Cape Cod Aufsatzbecken, Weiß Hochglanz, DuraCeram®, Rund, Anzahl Waschplätze: 1 Mitte, Hahnlochbank: Nein, Anzahl Hahnlöcher pro Waschplatz: 1 Mitte, Überlauf: Nein, 480 mm",Keramik
23284800001,"DU Aufsatzbecken Cape Cod 480 mm mit Armatureninsel, ohne ÜL, weiß WG","Duravit Cape Cod Aufsatzbecken, Weiß Hochglanz, DuraCeram®, Rund, Anzahl Waschplätze: 1 Mitte, Hahnlochbank: Nein, Anzahl Hahnlöcher pro Waschplatz: 1 Mitte, Überlauf: Nein, WonderGliss, 480 mm",Keramik
2328482600,"DU Aufsatzbecken Cape Cod 480 mm m.Armatureninsel,o.ÜL,weiß seidenmatt","Duravit Cape Cod Aufsatzbecken, Innenfarbe Weiß Hochglanz, Aussenfarbe Weiß Seidenmatt, DuraCeram®, Rund, Anzahl Waschplätze: 1 Mitte, Hahnlochbank: Nein, Anzahl Hahnlöcher pro Waschplatz: 1 Mitte, Überlauf: Nein, 480 mm",Keramik
23284826001,"DU Aufsatzbecken Cape Cod 480 mm m. Armatureninsel,o.ÜL,weiß seidenmatt,WGl","Duravit Cape Cod Aufsatzbecken, Innenfarbe Weiß Hochglanz, Aussenfarbe Weiß Seidenmatt, DuraCeram®, Rund, Anzahl Waschplätze: 1 Mitte, Hahnlochbank: Nein, Anzahl Hahnlöcher pro Waschplatz: 1 Mitte, Überlauf: Nein, WonderGliss, 480 mm",Keramik
2328483200,"DU Aufsatzbecken Cape Cod 480mm, Weiß Seidenmatt, m.Armatureninsel, o.ÜL,","Duravit Cape Cod Aufsatzbecken, Weiß Seidenmatt, DuraCeram®, Rund, Anzahl Waschplätze: 1 Mitte, Hahnlochbank: Nein, Anzahl Hahnlöcher pro Waschplatz: 1 Ohne, Überlauf: Nein, 480 mm",Keramik
23284832001,"DU Aufsatzbecken Cape Cod 480mm, Weiß Seidenmatt, m.Armatureninsel, o.ÜL, WG","Duravit Cape Cod Aufsatzbecken, Weiß Seidenmatt, DuraCeram®, Rund, Anzahl Waschplätze: 1 Mitte, Hahnlochbank: Nein, Anzahl Hahnlöcher pro Waschplatz: 1 Ohne, Überlauf: Nein, WonderGliss, 480 mm",Keramik
2329650000,"DU Waschtisch DuraStyle Vital 650 mm mit ÜL, mit HLB, 1 HL, weiß","Duravit DuraStyle Waschtisch, Weiß Hochglanz, Rechteckig, Anzahl Waschplätze: 1 Mitte, Hahnlochbank: Ja, Anzahl Hahnlöcher pro Waschplatz: 1 Mitte, Überlauf: Ja, Barrierefreie Ausführung, Von unten glasiert, Rückwand glasiert: Nein, 650 mm",Keramik
23296500001,"DU Waschtisch DuraStyle Vital 650 mm mit ÜL, mit HLB, 1 HL, weiß WonderGliss","Duravit DuraStyle Waschtisch, Weiß Hochglanz, Rechteckig, Anzahl Waschplätze: 1 Mitte, Hahnlochbank: Ja, Anzahl Hahnlöcher pro Waschplatz: 1 Mitte, Überlauf: Ja, Barrierefreie Ausführung, WonderGliss, Von unten glasiert, Rückwand glasiert: Nein, 650 mm",Keramik
2330650000,"DU Waschtisch DuraStyle Vital Med 650 mm ohne ÜL, mit HLB, 1 HL, weiß","Duravit DuraStyle Waschtisch, Weiß Hochglanz, Rechteckig, Anzahl Waschplätze: 1 Mitte, Hahnlochbank: Ja, Anzahl Hahnlöcher pro Waschplatz: 1 Mitte, Überlauf: Nein, Barrierefreie Ausführung, Von unten glasiert, Rückwand glasiert: Nein, 650 mm",Keramik
23306500001,"DU Waschtisch DuraStyle Vital Med 650 mm ohne ÜL, mit HLB, 1 HL, weiß WG","Duravit DuraStyle Waschtisch, Weiß Hochglanz, Rechteckig, Anzahl Waschplätze: 1 Mitte, Hahnlochbank: Ja, Anzahl Hahnlöcher pro Waschplatz: 1 Mitte, Überlauf: Nein, Barrierefreie Ausführung, WonderGliss, Von unten glasiert, Rückwand glasiert: Nein, 650 mm",Keramik
2330650070,"DU Waschtisch DuraStyle Vital Med 650 mm ohne ÜL, mit HLB, ohne HL, weiß","Duravit DuraStyle Waschtisch, Weiß Hochglanz, Rechteckig, Anzahl Waschplätze: 1 Mitte, Hahnlochbank: Ja, Überlauf: Nein, Barrierefreie Ausführung, Von unten glasiert, Rückwand glasiert: Nein, 650 mm",Keramik
23306500701,"DU Waschtisch DuraStyle Vital Med 650 mm ohne ÜL, mit HLB, ohne HL, weiß WG","Duravit DuraStyle Waschtisch, Weiß Hochglanz, Rechteckig, Anzahl Waschplätze: 1 Mitte, Hahnlochbank: Ja, Überlauf: Nein, Barrierefreie Ausführung, WonderGliss, Von unten glasiert, Rückwand glasiert: Nein, 650 mm",Keramik
2331600000,"DU Waschtisch P3 Comforts 600 mm mit ÜL, mit HLB, 1 HL, weiß","Duravit P3 Comforts Waschtisch, Weiß Hochglanz, Rechteckig, Anzahl Waschplätze: 1 Mitte, Hahnlochbank: Ja, Anzahl Hahnlöcher pro Waschplatz: 1 Mitte, Überlauf: Ja, Inkl. Überlaufclip, Von unten glasiert, Rückwand glasiert: Nein, 600 mm",Keramik
2332120060,"DU Möbelwaschtisch P3 Comforts 1250 mm mit ÜL, mit HLB, o. HL, weiß","Duravit P3 Comforts Waschtisch, Weiß Hochglanz, Rechteckig, Anzahl Waschplätze: 1 Mitte, Hahnlochbank: Ja, Überlauf: Ja, Inkl. Überlaufclip, Von unten glasiert, Rückwand glasiert: Nein, 1250 mm",Keramik
2332650000,"DU Möbelwaschtisch P3 Comforts 650 mm mit ÜL, mit HLB, 1 HL, weiß","Duravit P3 Comforts Waschtisch, Weiß Hochglanz, Rechteckig, Anzahl Waschplätze: 1 Mitte, Hahnlochbank: Ja, Anzahl Hahnlöcher pro Waschplatz: 1 Mitte, Überlauf: Ja, Inkl. Überlaufclip, Von unten glasiert, Rückwand glasiert: Nein, 650 mm",Keramik
23326500001,"DU Möbelwaschtisch P3 Comforts 650 mm mit ÜL, mit HLB, 1 HL, weiß WonderGliss","Duravit P3 Comforts Waschtisch, Weiß Hochglanz, Rechteckig, Anzahl Waschplätze: 1 Mitte, Hahnlochbank: Ja, Anzahl Hahnlöcher pro Waschplatz: 1 Mitte, Überlauf: Ja, WonderGliss, Inkl. Überlaufclip, Von unten glasiert, Rückwand glasiert: Nein, 650 mm",Keramik
2332650060,"DU Möbelwaschtisch P3 Comforts 650 mm mit ÜL, mit HLB, o. HL, weiß","Duravit P3 Comforts Waschtisch, Weiß Hochglanz, Rechteckig, Anzahl Waschplätze: 1 Mitte, Hahnlochbank: Ja, Überlauf: Ja, Inkl. Überlaufclip, Von unten glasiert, Rückwand glasiert: Nein, 650 mm",Keramik
23326500601,"DU Möbelwaschtisch P3 Comforts 650 mm mit ÜL, mit HLB, o. HL, weiß, WG","Duravit P3 Comforts Waschtisch, Weiß Hochglanz, Rechteckig, Anzahl Waschplätze: 1 Mitte, Hahnlochbank: Ja, Überlauf: Ja, WonderGliss, Inkl. Überlaufclip, Von unten glasiert, Rückwand glasiert: Nein, 650 mm",Keramik
2332850000,"DU Möbelwaschtisch P3 Comforts 850 mm mit ÜL, mit HLB, 1 HL, weiß","Duravit P3 Comforts Waschtisch, Weiß Hochglanz, Rechteckig, Anzahl Waschplätze: 1 Mitte, Hahnlochbank: Ja, Anzahl Hahnlöcher pro Waschplatz: 1 Mitte, Überlauf: Ja, Inkl. Überlaufclip, Von unten glasiert, Rückwand glasiert: Nein, 850 mm",Keramik
2333100000,"DU Möbelwaschtisch P3 Comforts 1050 mm m.ÜL, m.HLB, 1 HL, Becken li., weiß","Duravit P3 Comforts Waschtisch, Weiß Hochglanz, Rechteckig, Anzahl Waschplätze: 1 Links, Hahnlochbank: Ja, Anzahl Hahnlöcher pro Waschplatz: 1 Mitte, Überlauf: Ja, Inkl. Überlaufclip, Von unten glasiert, Rückwand glasiert: Nein, 1050 mm",Keramik
2334120060,"DU Möbelwaschtisch P3 Comforts 1250 mm m.ÜL, m.HLB, o.HL, Becken re., weiß","Duravit P3 Comforts Waschtisch, Weiß Hochglanz, Rechteckig, Anzahl Waschplätze: 1 Rechts, Hahnlochbank: Ja, Überlauf: Ja, Inkl. Überlaufclip, Von unten glasiert, Rückwand glasiert: Nein, 1250 mm",Keramik
2334850000,"DU Möbelwaschtisch P3 Comforts 850 mm m.ÜL, m.HLB, 1 HL, Becken re., weiß","Duravit P3 Comforts Waschtisch, Weiß Hochglanz, Rechteckig, Anzahl Waschplätze: 1 Rechts, Hahnlochbank: Ja, Anzahl Hahnlöcher pro Waschplatz: 1 Mitte, Überlauf: Ja, Inkl. Überlaufclip, Von unten glasiert, Rückwand glasiert: Nein, 850 mm",Keramik
2334850060,"DU Möbelwaschtisch P3 Comforts 850 mm m.ÜL, m.HLB, o.HL, Becken re., weiß","Duravit P3 Comforts Waschtisch, Weiß Hochglanz, Rechteckig, Anzahl Waschplätze: 1 Rechts, Hahnlochbank: Ja, Überlauf: Ja, Inkl. Überlaufclip, Von unten glasiert, Rückwand glasiert: Nein, 850 mm",Keramik
2335550000,"DU Waschtisch ME by Starck 550 mm mit ÜL, mit HLB, 1 HL, weiß","Duravit ME by Starck Waschtisch, Weiß Hochglanz, Rechteckig, Anzahl Waschplätze: 1 Mitte, Hahnlochbank: Ja, Anzahl Hahnlöcher pro Waschplatz: 1 Mitte, Überlauf: Ja, Von unten glasiert, Rückwand glasiert: Nein, 550 mm",Keramik
23355500001,"DU Waschtisch ME by Starck 550 mm mit ÜL, mit HLB, 1 HL, weiß WonderGliss","Duravit ME by Starck Waschtisch, Weiß Hochglanz, Rechteckig, Anzahl Waschplätze: 1 Mitte, Hahnlochbank: Ja, Anzahl Hahnlöcher pro Waschplatz: 1 Mitte, Überlauf: Ja, WonderGliss, Von unten glasiert, Rückwand glasiert: Nein, 550 mm",Keramik
2335553200,"DU Waschtisch ME by Starck 550mm, Weiß Seidenmatt, m.ÜL, m.HLB, 1 HL","Duravit ME by Starck Waschtisch, Weiß Seidenmatt, Rechteckig, Anzahl Waschplätze: 1 Mitte, Hahnlochbank: Ja, Anzahl Hahnlöcher pro Waschplatz: 1 Mitte, Überlauf: Ja, Von unten glasiert, Rückwand glasiert: Nein, 550 mm",Keramik
23355532001,"DU Waschtisch ME by Starck 550mm, Weiß Seidenmatt, m.ÜL, m.HLB, 1 HL, WG","Duravit ME by Starck Waschtisch, Weiß Seidenmatt, Rechteckig, Anzahl Waschplätze: 1 Mitte, Hahnlochbank: Ja, Anzahl Hahnlöcher pro Waschplatz: 1 Mitte, Überlauf: Ja, WonderGliss, Von unten glasiert, Rückwand glasiert: Nein, 550 mm",Keramik
2335600000,"DU Waschtisch ME by Starck 600 mm mit ÜL, mit HLB, 1 HL, weiß","Duravit ME by Starck Waschtisch, Weiß Hochglanz, Rechteckig, Anzahl Waschplätze: 1 Mitte, Hahnlochbank: Ja, Anzahl Hahnlöcher pro Waschplatz: 1 Mitte, Überlauf: Ja, Von unten glasiert, Rückwand glasiert: Nein, 600 mm",Keramik
23356000001,"DU Waschtisch ME by Starck 600 mm mit ÜL, mit HLB, 1 HL, weiß WonderGliss","Duravit ME by Starck Waschtisch, Weiß Hochglanz, Rechteckig, Anzahl Waschplätze: 1 Mitte, Hahnlochbank: Ja, Anzahl Hahnlöcher pro Waschplatz: 1 Mitte, Überlauf: Ja, WonderGliss, Von unten glasiert, Rückwand glasiert: Nein, 600 mm",Keramik
2335603200,"DU Waschtisch ME by Starck 600mm Weiß Seidenmatt, m.ÜL, m.HLB, 1 HL","Duravit ME by Starck Waschtisch, Weiß Seidenmatt, Rechteckig, Anzahl Waschplätze: 1 Mitte, Hahnlochbank: Ja, Anzahl Hahnlöcher pro Waschplatz: 1 Mitte, Überlauf: Ja, Von unten glasiert, Rückwand glasiert: Nein, 600 mm",Keramik
23356032001,"DU Waschtisch ME by Starck 600mm Weiß Seidenmatt, m.ÜL, m.HLB, 1 HL, WG","Duravit ME by Starck Waschtisch, Weiß Seidenmatt, Rechteckig, Anzahl Waschplätze: 1 Mitte, Hahnlochbank: Ja, Anzahl Hahnlöcher pro Waschplatz: 1 Mitte, Überlauf: Ja, WonderGliss, Von unten glasiert, Rückwand glasiert: Nein, 600 mm",Keramik
2335650000,"DU Waschtisch ME by Starck 650 mm mit ÜL, mit HLB, 1 HL, weiß","Duravit ME by Starck Waschtisch, Weiß Hochglanz, Rechteckig, Anzahl Waschplätze: 1 Mitte, Hahnlochbank: Ja, Anzahl Hahnlöcher pro Waschplatz: 1 Mitte, Überlauf: Ja, Von unten glasiert, Rückwand glasiert: Nein, 650 mm",Keramik
23356500001,"DU Waschtisch ME by Starck 650 mm mit ÜL, mit HLB, 1 HL, weiß WonderGliss","Duravit ME by Starck Waschtisch, Weiß Hochglanz, Rechteckig, Anzahl Waschplätze: 1 Mitte, Hahnlochbank: Ja, Anzahl Hahnlöcher pro Waschplatz: 1 Mitte, Überlauf: Ja, WonderGliss, Von unten glasiert, Rückwand glasiert: Nein, 650 mm",Keramik
2335653200,"DU Waschtisch ME by Starck 650mm Weiß Seidenmatt, m. ÜL, m. HLB, 1 HL","Duravit ME by Starck Waschtisch, Weiß Seidenmatt, Rechteckig, Anzahl Waschplätze: 1 Mitte, Hahnlochbank: Ja, Anzahl Hahnlöcher pro Waschplatz: 1 Mitte, Überlauf: Ja, Von unten glasiert, Rückwand glasiert: Nein, 650 mm",Keramik
23356532001,"DU Waschtisch ME by Starck 650mm Weiß Seidenmatt, m. ÜL, m. HLB, 1 HL, WG","Duravit ME by Starck Waschtisch, Weiß Seidenmatt, Rechteckig, Anzahl Waschplätze: 1 Mitte, Hahnlochbank: Ja, Anzahl Hahnlöcher pro Waschplatz: 1 Mitte, Überlauf: Ja, WonderGliss, Von unten glasiert, Rückwand glasiert: Nein, 650 mm",Keramik
2336100000,"DU Möbelwaschtisch ME by Starck 1030 mm mit ÜL, mit HLB, 1 HL, weiß","Duravit ME by Starck Waschtisch, Weiß Hochglanz, Rechteckig, Anzahl Waschplätze: 1 Mitte, Hahnlochbank: Ja, Anzahl Hahnlöcher pro Waschplatz: 1 Mitte, Überlauf: Ja, Rückwand glasiert: Nein, 1030 mm",Keramik
23361000001,"DU Möbelwaschtisch ME by Starck 1030 mm mit ÜL, mit HLB, 1 HL, weiß WonderGliss","Duravit ME by Starck Waschtisch, Weiß Hochglanz, Rechteckig, Anzahl Waschplätze: 1 Mitte, Hahnlochbank: Ja, Anzahl Hahnlöcher pro Waschplatz: 1 Mitte, Überlauf: Ja, WonderGliss, Rückwand glasiert: Nein, 1030 mm",Keramik
2336100060,"DU Möbelwaschtisch ME by Starck 1030 mm mit ÜL, mit HLB, o.HL, weiß","Duravit ME by Starck Waschtisch, Weiß Hochglanz, Rechteckig, Anzahl Waschplätze: 1 Mitte, Hahnlochbank: Ja, Überlauf: Ja, Rückwand glasiert: Nein, 1030 mm",Keramik
23361000601,"DU Möbelwaschtisch ME by Starck 1030 mm mit ÜL, mit HLB, o.HL, weiß, WG","Duravit ME by Starck Waschtisch, Weiß Hochglanz, Rechteckig, Anzahl Waschplätze: 1 Mitte, Hahnlochbank: Ja, Überlauf: Ja, WonderGliss, Rückwand glasiert: Nein, 1030 mm",Keramik
2336103200,"DU Möbel-WT ME by Starck 1030mm Weiß Seidenmatt, m.ÜL, m.HLB, 1 HL","Duravit ME by Starck Waschtisch, Weiß Seidenmatt, Rechteckig, Anzahl Waschplätze: 1 Mitte, Hahnlochbank: Ja, Anzahl Hahnlöcher pro Waschplatz: 1 Mitte, Überlauf: Ja, Rückwand glasiert: Nein, 1030 mm",Keramik
23361032001,"DU Möbel-WT ME by Starck 1030mm Weiß Seidenmatt,m.ÜL,m.HLB,1 HL, WG","Duravit ME by Starck Waschtisch, Weiß Seidenmatt, Rechteckig, Anzahl Waschplätze: 1 Mitte, Hahnlochbank: Ja, Anzahl Hahnlöcher pro Waschplatz: 1 Mitte, Überlauf: Ja, WonderGliss, Rückwand glasiert: Nein, 1030 mm",Keramik
2336103260,"DU Möbel-WT ME by Starck 1030mm Weiß Seidenmatt, mit ÜL, mit HLB, o.HL","Duravit ME by Starck Waschtisch, Weiß Seidenmatt, Rechteckig, Anzahl Waschplätze: 1 Mitte, Hahnlochbank: Ja, Überlauf: Ja, Rückwand glasiert: Nein, 1030 mm",Keramik
23361032601,"DU Möbel-WT ME by Starck 1030mm Weiß Seidenmatt, mit ÜL, mit HLB, o.HL, WG","Duravit ME by Starck Waschtisch, Weiß Seidenmatt, Rechteckig, Anzahl Waschplätze: 1 Mitte, Hahnlochbank: Ja, Überlauf: Ja, WonderGliss, Rückwand glasiert: Nein, 1030 mm",Keramik
2336120000,"DU Möbelwaschtisch ME by Starck 1230 mm m. ÜL, m. HLB, 1 HL, weiß","Duravit ME by Starck Waschtisch, Weiß Hochglanz, Rechteckig, Anzahl Waschplätze: 1 Mitte, Hahnlochbank: Ja, Anzahl Hahnlöcher pro Waschplatz: 1 Mitte, Überlauf: Ja, Rückwand glasiert: Nein, 1230 mm",Keramik
23361200001,"DU Möbelwaschtisch ME by Starck 1230 mm m. ÜL, m. HLB, 1 HL, weiß, WG","Duravit ME by Starck Waschtisch, Weiß Hochglanz, Rechteckig, Anzahl Waschplätze: 1 Mitte, Hahnlochbank: Ja, Anzahl Hahnlöcher pro Waschplatz: 1 Mitte, Überlauf: Ja, WonderGliss, Rückwand glasiert: Nein, 1230 mm",Keramik
2336120060,"DU Möbelwaschtisch ME by Starck 1230 mm m. ÜL, m. HLB, o.HL, weiß","Duravit ME by Starck Waschtisch, Weiß Hochglanz, Rechteckig, Anzahl Waschplätze: 1 Mitte, Hahnlochbank: Ja, Überlauf: Ja, Rückwand glasiert: Nein, 1230 mm",Keramik
23361200601,"DU Möbelwaschtisch ME by Starck 1230 mm m. ÜL, m. HLB, o.HL, weiß, WG","Duravit ME by Starck Waschtisch, Weiß Hochglanz, Rechteckig, Anzahl Waschplätze: 1 Mitte, Hahnlochbank: Ja, Überlauf: Ja, WonderGliss, Rückwand glasiert: Nein, 1230 mm",Keramik
2336123200,"DU Möbelwaschtisch ME by Starck 1230mm Weiss Seidenmatt,m.ÜL,m.HLB, 1 HL","Duravit ME by Starck Waschtisch, Weiß Seidenmatt, Rechteckig, Anzahl Waschplätze: 1 Mitte, Hahnlochbank: Ja, Anzahl Hahnlöcher pro Waschplatz: 1 Mitte, Überlauf: Ja, Rückwand glasiert: Nein, 1230 mm",Keramik
23361232001,"DU Möbelwaschtisch ME by Starck 1230mm Weiss Seidenmatt,m.ÜL,m.HLB, 1 HL, WG","Duravit ME by Starck Waschtisch, Weiß Seidenmatt, Rechteckig, Anzahl Waschplätze: 1 Mitte, Hahnlochbank: Ja, Anzahl Hahnlöcher pro Waschplatz: 1 Mitte, Überlauf: Ja, WonderGliss, Rückwand glasiert: Nein, 1230 mm",Keramik
2336123260,"DU Möbelwaschtisch ME by Starck 1230mm Weiss Seidenmatt,m.ÜL,m.HLB,o.HL","Duravit ME by Starck Waschtisch, Weiß Seidenmatt, Rechteckig, Anzahl Waschplätze: 1 Mitte, Hahnlochbank: Ja, Überlauf: Ja, Rückwand glasiert: Nein, 1230 mm",Keramik
23361232601,"DU Möbelwaschtisch ME by Starck 1230mm Weiss Seidenmatt,m.ÜL,m.HLB,o.HL,WG","Duravit ME by Starck Waschtisch, Weiß Seidenmatt, Rechteckig, Anzahl Waschplätze: 1 Mitte, Hahnlochbank: Ja, Überlauf: Ja, WonderGliss, Rückwand glasiert: Nein, 1230 mm",Keramik
2336130000,"DU Doppel-WT,Möbel-DWT ME by Starck 1300mm, m.ÜL, 1 HL je Becken, weiß","Duravit ME by Starck Doppelwaschtisch, Weiß Hochglanz, Rechteckig, Anzahl Waschplätze: 2 Links, Rechts, Hahnlochbank: Ja, Anzahl Hahnlöcher pro Waschplatz: 1 Mitte, Überlauf: Ja, Von unten glasiert, Rückwand glasiert: Nein, 1300 mm",Keramik
23361300001,"DU Doppel-WT,Möbel-DWT ME by Starck 1300mm, m.ÜL, 1 HL je Becken, weiß, WG","Duravit ME by Starck Doppelwaschtisch, Weiß Hochglanz, Rechteckig, Anzahl Waschplätze: 2 Links, Rechts, Hahnlochbank: Ja, Anzahl Hahnlöcher pro Waschplatz: 1 Mitte, Überlauf: Ja, WonderGliss, Von unten glasiert, Rückwand glasiert: Nein, 1300 mm",Keramik
2336130060,"DU Doppel-Waschtisch ME by Starck 1300mm, m.ÜL, m.HLB, o.HL, weiß","Duravit ME by Starck Doppelwaschtisch, Weiß Hochglanz, Rechteckig, Anzahl Waschplätze: 2 Links, Rechts, Hahnlochbank: Ja, Überlauf: Ja, Von unten glasiert, Rückwand glasiert: Nein, 1300 mm",Keramik
23361300601,"DU Doppel-Waschtisch ME by Starck 1300 mm, m.ÜL, m.HLB, o.HL, weiß, WG","Duravit ME by Starck Doppelwaschtisch, Weiß Hochglanz, Rechteckig, Anzahl Waschplätze: 2 Links, Rechts, Hahnlochbank: Ja, Überlauf: Ja, WonderGliss, Von unten glasiert, Rückwand glasiert: Nein, 1300 mm",Keramik
2336133200,"DU Doppel-Waschtisch ME by Starck 1300mm,m.ÜL,1HL je Becken,weißseidenmatt","Duravit ME by Starck Doppelwaschtisch, Weiß Seidenmatt, Rechteckig, Anzahl Waschplätze: 2 Links, Rechts, Hahnlochbank: Ja, Anzahl Hahnlöcher pro Waschplatz: 1 Mitte, Überlauf: Ja, Von unten glasiert, Rückwand glasiert: Nein, 1300 mm",Keramik
23361332001,"DU Doppel-Waschtisch ME by Starck 1300mm,m.ÜL,1HL je Becken,weißseidenm.WG","Duravit ME by Starck Doppelwaschtisch, Weiß Seidenmatt, Rechteckig, Anzahl Waschplätze: 2 Links, Rechts, Hahnlochbank: Ja, Anzahl Hahnlöcher pro Waschplatz: 1 Mitte, Überlauf: Ja, WonderGliss, Von unten glasiert, Rückwand glasiert: Nein, 1300 mm",Keramik
2336133260,"DU Doppel-Waschtisch ME by Starck 1300mm,m.ÜL,m.HLB,o.HL,weißseidenmatt","Duravit ME by Starck Doppelwaschtisch, Weiß Seidenmatt, Rechteckig, Anzahl Waschplätze: 2 Links, Rechts, Hahnlochbank: Ja, Überlauf: Ja, Von unten glasiert, Rückwand glasiert: Nein, 1300 mm",Keramik
23361332601,"DU Doppel-Waschtisch ME by Starck 1300mm,m.ÜL,m.HLB,o.HL,weißenseidenm.WG","Duravit ME by Starck Doppelwaschtisch, Weiß Seidenmatt, Rechteckig, Anzahl Waschplätze: 2 Links, Rechts, Hahnlochbank: Ja, Überlauf: Ja, WonderGliss, Von unten glasiert, Rückwand glasiert: Nein, 1300 mm",Keramik
2336630000,"DU Möbelwaschtisch ME by Starck 630 mm m. ÜL, m. HLB, 1 HL, weiß","Duravit ME by Starck Waschtisch, Weiß Hochglanz, Rechteckig, Anzahl Waschplätze: 1 Mitte, Hahnlochbank: Ja, Anzahl Hahnlöcher pro Waschplatz: 1 Mitte, Überlauf: Ja, Rückwand glasiert: Nein, 630 mm",Keramik
23366300001,"DU Möbelwaschtisch ME by Starck 630 mm m. ÜL, m. HLB, 1 HL, weiß, WG","Duravit ME by Starck Waschtisch, Weiß Hochglanz, Rechteckig, Anzahl Waschplätze: 1 Mitte, Hahnlochbank: Ja, Anzahl Hahnlöcher pro Waschplatz: 1 Mitte, Überlauf: Ja, WonderGliss, Rückwand glasiert: Nein, 630 mm",Keramik
2336630060,"DU Möbelwaschtisch ME by Starck 630 mm m. ÜL, m. HLB, o.HL, weiß","Duravit ME by Starck Waschtisch, Weiß Hochglanz, Rechteckig, Anzahl Waschplätze: 1 Mitte, Hahnlochbank: Ja, Überlauf: Ja, Rückwand glasiert: Nein, 630 mm",Keramik
23366300601,"DU Möbelwaschtisch ME by Starck 630 mm m. ÜL, m. HLB, o.HL, weiß, WG","Duravit ME by Starck Waschtisch, Weiß Hochglanz, Rechteckig, Anzahl Waschplätze: 1 Mitte, Hahnlochbank: Ja, Überlauf: Ja, WonderGliss, Rückwand glasiert: Nein, 630 mm",Keramik
2336633200,"DU Möbelwaschtisch 630mm ME by Starck Weiss Seidenmatt, m.ÜL, m.HLB, 1 HL","Duravit ME by Starck Waschtisch, Weiß Seidenmatt, Rechteckig, Anzahl Waschplätze: 1 Mitte, Hahnlochbank: Ja, Anzahl Hahnlöcher pro Waschplatz: 1 Mitte, Überlauf: Ja, Rückwand glasiert: Nein, 630 mm",Keramik
23366332001,"DU Möbelwaschtisch 630mm ME by Starck Weiss Seidenmatt, m.ÜL, m.HLB, 1 HL, WG","Duravit ME by Starck Waschtisch, Weiß Seidenmatt, Rechteckig, Anzahl Waschplätze: 1 Mitte, Hahnlochbank: Ja, Anzahl Hahnlöcher pro Waschplatz: 1 Mitte, Überlauf: Ja, WonderGliss, Rückwand glasiert: Nein, 630 mm",Keramik
2336633260,"DU Möbelwaschtisch 630mm ME by Starck Weiss Seidenmatt, m.ÜL, m.HLB, o.HL","Duravit ME by Starck Waschtisch, Weiß Seidenmatt, Rechteckig, Anzahl Waschplätze: 1 Mitte, Hahnlochbank: Ja, Überlauf: Ja, Rückwand glasiert: Nein, 630 mm",Keramik
23366332601,"DU Möbelwaschtisch 630mm ME by Starck Weiss Seidenmatt, m.ÜL, m.HLB, o.HL, WG","Duravit ME by Starck Waschtisch, Weiß Seidenmatt, Rechteckig, Anzahl Waschplätze: 1 Mitte, Hahnlochbank: Ja, Überlauf: Ja, WonderGliss, Rückwand glasiert: Nein, 630 mm",Keramik
2336830000,"DU Möbelwaschtisch ME by Starck 830 mm mit ÜL, mit HLB, 1 HL, weiß","Duravit ME by Starck Waschtisch, Weiß Hochglanz, Rechteckig, Anzahl Waschplätze: 1 Mitte, Hahnlochbank: Ja, Anzahl Hahnlöcher pro Waschplatz: 1 Mitte, Überlauf: Ja, Rückwand glasiert: Nein, 830 mm",Keramik
23368300001,"DU Möbelwaschtisch ME by Starck 830 mm mit ÜL, mit HLB, 1 HL, weiß WonderGliss","Duravit ME by Starck Waschtisch, Weiß Hochglanz, Rechteckig, Anzahl Waschplätze: 1 Mitte, Hahnlochbank: Ja, Anzahl Hahnlöcher pro Waschplatz: 1 Mitte, Überlauf: Ja, WonderGliss, Rückwand glasiert: Nein, 830 mm",Keramik
2336830060,"DU Möbelwaschtisch ME by Starck 830 mm mit ÜL, mit HLB, o.HL, weiß","Duravit ME by Starck Waschtisch, Weiß Hochglanz, Rechteckig, Anzahl Waschplätze: 1 Mitte, Hahnlochbank: Ja, Überlauf: Ja, Rückwand glasiert: Nein, 830 mm",Keramik
23368300601,"DU Möbelwaschtisch ME by Starck 830 mm mit ÜL, mit HLB, o.HL, weiß, WG","Duravit ME by Starck Waschtisch, Weiß Hochglanz, Rechteckig, Anzahl Waschplätze: 1 Mitte, Hahnlochbank: Ja, Überlauf: Ja, WonderGliss, Rückwand glasiert: Nein, 830 mm",Keramik
2336833200,"DU Möbelwaschtisch ME by Starck 830mm Weiss Seidenmatt, m.ÜL, m.HLB, 1 HL,","Duravit ME by Starck Waschtisch, Weiß Seidenmatt, Rechteckig, Anzahl Waschplätze: 1 Mitte, Hahnlochbank: Ja, Anzahl Hahnlöcher pro Waschplatz: 1 Mitte, Überlauf: Ja, Rückwand glasiert: Nein, 830 mm",Keramik
23368332001,"DU Möbelwaschtisch ME by Starck 830mm Weiss Seidenmatt, m.ÜL, m.HLB, 1 HL, WG","Duravit ME by Starck Waschtisch, Weiß Seidenmatt, Rechteckig, Anzahl Waschplätze: 1 Mitte, Hahnlochbank: Ja, Anzahl Hahnlöcher pro Waschplatz: 1 Mitte, Überlauf: Ja, WonderGliss, Rückwand glasiert: Nein, 830 mm",Keramik
2336833260,"DU Möbelwaschtisch ME by Starck 830mm Weiss Seidenmatt,m.ÜL,m.HLB,o.HL","Duravit ME by Starck Waschtisch, Weiß Seidenmatt, Rechteckig, Anzahl Waschplätze: 1 Mitte, Hahnlochbank: Ja, Überlauf: Ja, Rückwand glasiert: Nein, 830 mm",Keramik
23368332601,"DU Möbelwaschtisch ME by Starck 830mm Weiss Seidenmatt,m.ÜL,m.HLB,o.HL,WG","Duravit ME by Starck Waschtisch, Weiß Seidenmatt, Rechteckig, Anzahl Waschplätze: 1 Mitte, Hahnlochbank: Ja, Überlauf: Ja, WonderGliss, Rückwand glasiert: Nein, 830 mm",Keramik
2337550000,"DU Möbelwaschtisch Compact DuraStyle 550mm, m.ÜL, m.HLB, weiß","Duravit DuraStyle Waschtisch, Compact, Weiß Hochglanz, Rechteckig, Anzahl Waschplätze: 1 Mitte, Hahnlochbank: Ja, Anzahl Hahnlöcher pro Waschplatz: 1 Mitte, Überlauf: Ja, Von unten glasiert, Rückwand glasiert: Nein, 550 mm",Keramik
23375500001,"DU Möbelwaschtisch Compact DuraStyle 550mm, m.ÜL, m.HLB, weiß, WG","Duravit DuraStyle Waschtisch, Compact, Weiß Hochglanz, Rechteckig, Anzahl Waschplätze: 1 Mitte, Hahnlochbank: Ja, Anzahl Hahnlöcher pro Waschplatz: 1 Mitte, Überlauf: Ja, WonderGliss, Von unten glasiert, Rückwand glasiert: Nein, 550 mm",Keramik
2337630000,"DU Möbelwaschtisch DuraStyle 635 mm mit ÜL, mit HLB, weiß","Duravit DuraStyle Waschtisch, Compact, Weiß Hochglanz, Rechteckig, Anzahl Waschplätze: 1 Mitte, Hahnlochbank: Ja, Anzahl Hahnlöcher pro Waschplatz: 1 Mitte, Überlauf: Ja, Von unten glasiert, Rückwand glasiert: Nein, 635 mm",Keramik
23376300001,"DU Möbelwaschtisch DuraStyle 635 mm mit ÜL, mit HLB, weiß, WonderGliss","Duravit DuraStyle Waschtisch, Compact, Weiß Hochglanz, Rechteckig, Anzahl Waschplätze: 1 Mitte, Hahnlochbank: Ja, Anzahl Hahnlöcher pro Waschplatz: 1 Mitte, Überlauf: Ja, WonderGliss, Von unten glasiert, Rückwand glasiert: Nein, 635 mm",Keramik
2337780000,"DU Möbelwaschtisch DuraStyle 785 mm mit ÜL, mit HLB, 1 HL, weiß","Duravit DuraStyle Waschtisch, Compact, Weiß Hochglanz, Rechteckig, Anzahl Waschplätze: 1 Mitte, Hahnlochbank: Ja, Anzahl Hahnlöcher pro Waschplatz: 1 Mitte, Überlauf: Ja, Von unten glasiert, Rückwand glasiert: Nein, 785 mm",Keramik
23377800001,"DU Möbelwaschtisch DuraStyle 785 mm mit ÜL, mit HLB, 1 HL, weiß WonderGliss","Duravit DuraStyle Waschtisch, Compact, Weiß Hochglanz, Rechteckig, Anzahl Waschplätze: 1 Mitte, Hahnlochbank: Ja, Anzahl Hahnlöcher pro Waschplatz: 1 Mitte, Überlauf: Ja, WonderGliss, Von unten glasiert, Rückwand glasiert: Nein, 785 mm",Keramik
2338130000,"DU Doppel-WT,Möbel-DWT DuraStyle 1300mm m.ÜL, m.HLB, 1 HL je Becken, weiß","Duravit DuraStyle Doppelwaschtisch, Weiß Hochglanz, Rechteckig, Anzahl Waschplätze: 2 Mitte, Hahnlochbank: Ja, Anzahl Hahnlöcher pro Waschplatz: 1 Mitte, Überlauf: Ja, Von unten glasiert, Rückwand glasiert: Nein, 1300 mm",Keramik
23381300001,"DU Doppel-WT,Möbel-DWT DuraStyle 1300mm m.ÜL und 1HL je Becken, weiß, WG","Duravit DuraStyle Doppelwaschtisch, Weiß Hochglanz, Rechteckig, Anzahl Waschplätze: 2 Mitte, Hahnlochbank: Ja, Anzahl Hahnlöcher pro Waschplatz: 1 Mitte, Überlauf: Ja, WonderGliss, Von unten glasiert, Rückwand glasiert: Nein, 1300 mm",Keramik
2339500000,"DU Aufsatzbecken Cape Cod 500 mm ohne HLB, ohne ÜL, weiß","Duravit Cape Cod Aufsatzbecken, Weiß Hochglanz, DuraCeram®, Trioval, Anzahl Waschplätze: 1 Mitte, Hahnlochbank: Nein, Überlauf: Nein, 500 mm",Keramik
23395000001,"DU Aufsatzbecken Cape Cod 500 mm ohne HLB, ohne ÜL, weiß WonderGliss","Duravit Cape Cod Aufsatzbecken, Weiß Hochglanz, DuraCeram®, Trioval, Anzahl Waschplätze: 1 Mitte, Hahnlochbank: Nein, Überlauf: Nein, WonderGliss, 500 mm",Keramik
2339502600,"DU Aufsatzbecken Cape Cod 500 mm ohne HLB, ohne ÜL, weiß seidenmatt","Duravit Cape Cod Aufsatzbecken, Innenfarbe Weiß Hochglanz, Aussenfarbe Weiß Seidenmatt, DuraCeram®, Trioval, Anzahl Waschplätze: 1 Mitte, Hahnlochbank: Nein, Überlauf: Nein, 500 mm",Keramik
2339503200,"DU Aufsatzbecken Cape Cod 500mm Weiss Seidenmatt, ohne HLB, ohne ÜL","Duravit Cape Cod Aufsatzbecken, Weiß Seidenmatt, DuraCeram®, Trioval, Anzahl Waschplätze: 1 Mitte, Hahnlochbank: Nein, Überlauf: Nein, 500 mm",Keramik
23395032001,"DU Aufsatzbecken Cape Cod 500mm Weiss Seidenmatt, ohne HLB, ohne ÜL, WG","Duravit Cape Cod Aufsatzbecken, Weiß Seidenmatt, DuraCeram®, Trioval, Anzahl Waschplätze: 1 Mitte, Hahnlochbank: Nein, Überlauf: Nein, WonderGliss, 500 mm",Keramik
2340430000,"DU Aufsatzbecken Cape Cod 430mm Weiss, ohne Überlauf, ohne HLB","Duravit Cape Cod Aufsatzbecken, Weiß Hochglanz, DuraCeram®, Quadratisch, Anzahl Waschplätze: 1 Mitte, Hahnlochbank: Nein, Überlauf: Nein, 430 mm",Keramik
23404300001,"DU Aufsatzbecken Cape Cod 430mm Weiss, ohne Überlauf, ohne HLB, WG","Duravit Cape Cod Aufsatzbecken, Weiß Hochglanz, DuraCeram®, Quadratisch, Anzahl Waschplätze: 1 Mitte, Hahnlochbank: Nein, Überlauf: Nein, WonderGliss, 430 mm",Keramik
2340432600,"DU Aufsatzbecken Cape Cod 430mm Weiß/ Weiß Seidenmatt, ohne ÜL, ohne HLB","Duravit Cape Cod Aufsatzbecken, Innenfarbe Weiß Hochglanz, Aussenfarbe Weiß Seidenmatt, DuraCeram®, Quadratisch, Anzahl Waschplätze: 1 Mitte, Hahnlochbank: Nein, Überlauf: Nein, 430 mm",Keramik
2340433200,"DU Aufsatzbecken Cape Cod 430mm Weiss Seidenmatt, o.ÜL, o.HLB,","Duravit Cape Cod Aufsatzbecken, Weiß Seidenmatt, DuraCeram®, Quadratisch, Anzahl Waschplätze: 1 Mitte, Hahnlochbank: Nein, Überlauf: Nein, 430 mm",Keramik
23404332001,"DU Aufsatzbecken Cape Cod 430mm Weiss Seidenmatt, o.ÜL, o.HLB, WG","Duravit Cape Cod Aufsatzbecken, Weiß Seidenmatt, DuraCeram®, Quadratisch, Anzahl Waschplätze: 1 Mitte, Hahnlochbank: Nein, Überlauf: Nein, WonderGliss, 430 mm",Keramik
2340460000,"DU Aufsatzbecken Cape Cod 460 mm mit Armatureninsel, ohne ÜL, weiß","Duravit Cape Cod Aufsatzbecken, Weiß Hochglanz, DuraCeram®, Quadratisch, Anzahl Waschplätze: 1 Mitte, Hahnlochbank: Nein, Anzahl Hahnlöcher pro Waschplatz: 1 Mitte, Überlauf: Nein, 460 mm",Keramik
23404600001,"DU Aufsatzbecken Cape Cod 460 mm mit Armatureninsel, ohne ÜL, weiß WG","Duravit Cape Cod Aufsatzbecken, Weiß Hochglanz, DuraCeram®, Quadratisch, Anzahl Waschplätze: 1 Mitte, Hahnlochbank: Nein, Anzahl Hahnlöcher pro Waschplatz: 1 Mitte, Überlauf: Nein, WonderGliss, 460 mm",Keramik
2340462600,"DU Aufsatzbecken Cape Cod 460 mm m.Armatureninsel,o.ÜL,weiß seidenmatt","Duravit Cape Cod Aufsatzbecken, Innenfarbe Weiß Hochglanz, Aussenfarbe Weiß Seidenmatt, DuraCeram®, Quadratisch, Anzahl Waschplätze: 1 Mitte, Hahnlochbank: Nein, Anzahl Hahnlöcher pro Waschplatz: 1 Mitte, Überlauf: Nein, 460 mm",Keramik
2340463200,"DU Aufsatzbecken Cape Cod 460mm mit Armatureninsel,o.ÜL,weiß seidenmatt","Duravit Cape Cod Aufsatzbecken, Weiß Seidenmatt, DuraCeram®, Quadratisch, Anzahl Waschplätze: 1 Mitte, Hahnlochbank: Nein, Anzahl Hahnlöcher pro Waschplatz: 1 Ohne, Überlauf: Nein, 460 mm",Keramik
23404632001,"DU Aufsatzbecken Cape Cod 460mm mit Armatureninsel,o.ÜL,weiß seidenmatt,WG","Duravit Cape Cod Aufsatzbecken, Weiß Seidenmatt, DuraCeram®, Quadratisch, Anzahl Waschplätze: 1 Mitte, Hahnlochbank: Nein, Anzahl Hahnlöcher pro Waschplatz: 1 Ohne, Überlauf: Nein, WonderGliss, 460 mm",Keramik
2342630000,"DU MWT compact ME by Starck 630mm mit ÜL, mit HLB, 1 HL, weiß","Duravit ME by Starck Waschtisch, Compact, Weiß Hochglanz, Rechteckig, Anzahl Waschplätze: 1 Mitte, Hahnlochbank: Ja, Anzahl Hahnlöcher pro Waschplatz: 1 Mitte, Überlauf: Ja, Rückwand glasiert: Nein, 630 mm",Keramik
23426300001,"DU MWT compact ME by Starck 630mm mit ÜL, mit HLB, 1 HL, weiß, WG","Duravit ME by Starck Waschtisch, Compact, Weiß Hochglanz, Rechteckig, Anzahl Waschplätze: 1 Mitte, Hahnlochbank: Ja, Anzahl Hahnlöcher pro Waschplatz: 1 Mitte, Überlauf: Ja, WonderGliss, Rückwand glasiert: Nein, 630 mm",Keramik
2342630060,"DU MWT compact ME by Starck 630mm, Weiß mit ÜL, mit HLB, o.HL,","Duravit ME by Starck Waschtisch, Compact, Weiß Hochglanz, Rechteckig, Anzahl Waschplätze: 1 Mitte, Hahnlochbank: Ja, Überlauf: Ja, Rückwand glasiert: Nein, 630 mm",Keramik
23426300601,"DU MWT compact ME by Starck 630mm, Weiß mit ÜL, mit HLB, o.HL, WG","Duravit ME by Starck Waschtisch, Compact, Weiß Hochglanz, Rechteckig, Anzahl Waschplätze: 1 Mitte, Hahnlochbank: Ja, Überlauf: Ja, WonderGliss, Rückwand glasiert: Nein, 630 mm",Keramik
2342633200,"DU MWT compact ME by Starck 630mm, Weiß Seidenmatt, mit ÜL, mit HLB, 1 HL","Duravit ME by Starck Waschtisch, Compact, Weiß Seidenmatt, Rechteckig, Anzahl Waschplätze: 1 Mitte, Hahnlochbank: Ja, Anzahl Hahnlöcher pro Waschplatz: 1 Mitte, Überlauf: Ja, Rückwand glasiert: Nein, 630 mm",Keramik
23426332001,"DU MWT compact ME by Starck 630mm, Weiß Seidenmatt, mit ÜL, mit HLB, 1 HL, WG","Duravit ME by Starck Waschtisch, Compact, Weiß Seidenmatt, Rechteckig, Anzahl Waschplätze: 1 Mitte, Hahnlochbank: Ja, Anzahl Hahnlöcher pro Waschplatz: 1 Mitte, Überlauf: Ja, WonderGliss, Rückwand glasiert: Nein, 630 mm",Keramik
2342633260,"DU MWT compact ME by Starck 630mm, Weiß Seidenmatt, mit ÜL, mit HLB, o.HL","Duravit ME by Starck Waschtisch, Compact, Weiß Seidenmatt, Rechteckig, Anzahl Waschplätze: 1 Mitte, Hahnlochbank: Ja, Überlauf: Ja, Rückwand glasiert: Nein, 630 mm",Keramik
23426332601,"DU MWT compact ME by Starck 630mm, Weiß Seidenmatt, mit ÜL, mit HLB, o.HL, WG","Duravit ME by Starck Waschtisch, Compact, Weiß Seidenmatt, Rechteckig, Anzahl Waschplätze: 1 Mitte, Hahnlochbank: Ja, Überlauf: Ja, WonderGliss, Rückwand glasiert: Nein, 630 mm",Keramik
2342830000,"DU MWT compact ME by Starck 830mm mit ÜL, mit HLB, 1 HL, weiß","Duravit ME by Starck Waschtisch, Compact, Weiß Hochglanz, Rechteckig, Anzahl Waschplätze: 1 Mitte, Hahnlochbank: Ja, Anzahl Hahnlöcher pro Waschplatz: 1 Mitte, Überlauf: Ja, Rückwand glasiert: Nein, 830 mm",Keramik
23428300001,"DU MWT compact ME by Starck 830mm mit ÜL, mit HLB, 1 HL, weiß, WG","Duravit ME by Starck Waschtisch, Compact, Weiß Hochglanz, Rechteckig, Anzahl Waschplätze: 1 Mitte, Hahnlochbank: Ja, Anzahl Hahnlöcher pro Waschplatz: 1 Mitte, Überlauf: Ja, WonderGliss, Rückwand glasiert: Nein, 830 mm",Keramik
2342830060,"DU MWT compact ME by Starck 830mm mit ÜL, mit HLB, o.HL, weiß","Duravit ME by Starck Waschtisch, Compact, Weiß Hochglanz, Rechteckig, Anzahl Waschplätze: 1 Mitte, Hahnlochbank: Ja, Überlauf: Ja, Rückwand glasiert: Nein, 830 mm",Keramik
23428300601,"DU MWT compact ME by Starck 830mm mit ÜL, mit HLB, o.HL, weiß, WG","Duravit ME by Starck Waschtisch, Compact, Weiß Hochglanz, Rechteckig, Anzahl Waschplätze: 1 Mitte, Hahnlochbank: Ja, Überlauf: Ja, WonderGliss, Rückwand glasiert: Nein, 830 mm",Keramik
2342833200,"DU MWT compact ME by Starck 830mm, Weiß Seidenmatt, mit ÜL, mit HLB, 1 HL","Duravit ME by Starck Waschtisch, Compact, Weiß Seidenmatt, Rechteckig, Anzahl Waschplätze: 1 Mitte, Hahnlochbank: Ja, Anzahl Hahnlöcher pro Waschplatz: 1 Mitte, Überlauf: Ja, Rückwand glasiert: Nein, 830 mm",Keramik
23428332001,"DU MWT compact ME by Starck 680mm, Weiß Seidenmatt, mit ÜL, mit HLB, 1 HL, WG","Duravit ME by Starck Waschtisch, Compact, Weiß Seidenmatt, Rechteckig, Anzahl Waschplätze: 1 Mitte, Hahnlochbank: Ja, Anzahl Hahnlöcher pro Waschplatz: 1 Mitte, Überlauf: Ja, WonderGliss, Rückwand glasiert: Nein, 830 mm",Keramik
2342833260,"DU MWT compact ME by Starck 680mm, Weiß Seidenmatt, mit ÜL, mit HLB, o.HL","Duravit ME by Starck Waschtisch, Compact, Weiß Seidenmatt, Rechteckig, Anzahl Waschplätze: 1 Mitte, Hahnlochbank: Ja, Überlauf: Ja, Rückwand glasiert: Nein, 830 mm",Keramik
23428332601,"DU MWT compact ME by Starck 680mm, Weiß Seidenmatt, mit ÜL, mit HLB, o.HL, WG","Duravit ME by Starck Waschtisch, Compact, Weiß Seidenmatt, Rechteckig, Anzahl Waschplätze: 1 Mitte, Hahnlochbank: Ja, Überlauf: Ja, WonderGliss, Rückwand glasiert: Nein, 830 mm",Keramik
2343600000,"DU WT compact ME by Starck 600mm mit ÜL, mit HLB, 1 HL","Duravit ME by Starck Waschtisch, Compact, Weiß Hochglanz, Rechteckig, Anzahl Waschplätze: 1 Mitte, Hahnlochbank: Ja, Anzahl Hahnlöcher pro Waschplatz: 1 Mitte, Überlauf: Ja, Von unten glasiert, Rückwand glasiert: Nein, 600 mm",Keramik
23436000001,"DU WT compact ME by Starck 600mm mit ÜL, mit HLB, 1 HL, WG","Duravit ME by Starck Waschtisch, Compact, Weiß Hochglanz, Rechteckig, Anzahl Waschplätze: 1 Mitte, Hahnlochbank: Ja, Anzahl Hahnlöcher pro Waschplatz: 1 Mitte, Überlauf: Ja, WonderGliss, Von unten glasiert, Rückwand glasiert: Nein, 600 mm",Keramik
2343603200,"DU WT compact ME by Starck 600mm, Weiß Seidenmatt, mit ÜL, mit HLB, 1 HL","Duravit ME by Starck Waschtisch, Compact, Weiß Seidenmatt, Rechteckig, Anzahl Waschplätze: 1 Mitte, Hahnlochbank: Ja, Anzahl Hahnlöcher pro Waschplatz: 1 Mitte, Überlauf: Ja, Von unten glasiert, Rückwand glasiert: Nein, 600 mm",Keramik
23436032001,"DU WT compact ME by Starck 600mm, Weiß Seidenmatt, mit ÜL, mit HLB, 1 HL, WG","Duravit ME by Starck Waschtisch, Compact, Weiß Seidenmatt, Rechteckig, Anzahl Waschplätze: 1 Mitte, Hahnlochbank: Ja, Anzahl Hahnlöcher pro Waschplatz: 1 Mitte, Überlauf: Ja, WonderGliss, Von unten glasiert, Rückwand glasiert: Nein, 600 mm",Keramik
2344100000,"DU Möbelwaschtisch Viu 1030mm, Weiß mit ÜL, mit HLB, 1 HL","Duravit Viu Waschtisch, Weiß Hochglanz, Rechteckig, Anzahl Waschplätze: 1 Mitte, Hahnlochbank: Ja, Anzahl Hahnlöcher pro Waschplatz: 1 Mitte, Überlauf: Ja, Inkl. Push-Open Ventil, Inkl. Keramische Ventilabdeckhaube, Von unten glasiert, Rückwand glasiert: Nein, 1030 mm",Keramik
23441000001,"DU Möbelwaschtisch Viu 1030mm, Weiß mit ÜL, mit HLB, 1 HL, WG","Duravit Viu Waschtisch, Weiß Hochglanz, Rechteckig, Anzahl Waschplätze: 1 Mitte, Hahnlochbank: Ja, Anzahl Hahnlöcher pro Waschplatz: 1 Mitte, Überlauf: Ja, WonderGliss, Inkl. Push-Open Ventil, Inkl. Keramische Ventilabdeckhaube, Von unten glasiert, Rückwand glasiert: Nein, 1030 mm",Keramik
2344100060,"DU Möbelwaschtisch Viu 1030mm, Weiß mit ÜL, mit HLB, o. Hahnloch","Duravit Viu Waschtisch, Weiß Hochglanz, Rechteckig, Anzahl Waschplätze: 1 Mitte, Hahnlochbank: Ja, Überlauf: Ja, Inkl. Push-Open Ventil, Inkl. Keramische Ventilabdeckhaube, Von unten glasiert, Rückwand glasiert: Nein, 1030 mm",Keramik
23441000601,"DU Möbelwaschtisch Viu 1030mm, Weiß mit ÜL, mit HLB, o. Hahnloch, WG","Duravit Viu Waschtisch, Weiß Hochglanz, Rechteckig, Anzahl Waschplätze: 1 Mitte, Hahnlochbank: Ja, Überlauf: Ja, WonderGliss, Inkl. Push-Open Ventil, Inkl. Keramische Ventilabdeckhaube, Von unten glasiert, Rückwand glasiert: Nein, 1030 mm",Keramik
2344120000,"DU Möbelwaschtisch Viu 1230mm, Weiß m.ÜL, m.HLB, 1 HL mitte","Duravit Viu Waschtisch, Weiß Hochglanz, Rechteckig, Anzahl Waschplätze: 1 Mitte, Hahnlochbank: Ja, Anzahl Hahnlöcher pro Waschplatz: 1 Mitte, Überlauf: Ja, Inkl. Push-Open Ventil, Inkl. Keramische Ventilabdeckhaube, Von unten glasiert, Rückwand glasiert: Nein, 1230 mm",Keramik
23441200001,"DU Möbelwaschtisch Viu 1230mm, Weiß m.ÜL, m.HLB, 1 HL mitte, WG","Duravit Viu Waschtisch, Weiß Hochglanz, Rechteckig, Anzahl Waschplätze: 1 Mitte, Hahnlochbank: Ja, Anzahl Hahnlöcher pro Waschplatz: 1 Mitte, Überlauf: Ja, WonderGliss, Inkl. Push-Open Ventil, Inkl. Keramische Ventilabdeckhaube, Von unten glasiert, Rückwand glasiert: Nein, 1230 mm",Keramik
2344120024,"DU Möbelwaschtisch Viu 1230mm, Weiß m.ÜL, m.HLB, 2 HL, 1 Becken","Duravit Viu Waschtisch, Weiß Hochglanz, Rechteckig, Anzahl Waschplätze: 2 Mitte, Hahnlochbank: Ja, Anzahl Hahnlöcher pro Waschplatz: 1 Links, Rechts, Überlauf: Ja, Inkl. Push-Open Ventil, Inkl. Keramische Ventilabdeckhaube, Von unten glasiert, Rückwand glasiert: Nein, 1230 mm",Keramik
23441200241,"DU Möbelwaschtisch Viu 1230mm, Weiß m.ÜL, m.HLB,2 HL, 1 Becken, WGL","Duravit Viu Waschtisch, Weiß Hochglanz, Rechteckig, Anzahl Waschplätze: 2 Mitte, Hahnlochbank: Ja, Anzahl Hahnlöcher pro Waschplatz: 1 Links, Rechts, Überlauf: Ja, WonderGliss, Inkl. Push-Open Ventil, Inkl. Keramische Ventilabdeckhaube, Von unten glasiert, Rückwand glasiert: Nein, 1230 mm",Keramik
2344120060,"DU Möbelwaschtisch Viu 1230mm, Weiß mit Überlauf, mit HLB, ohne Hahnloch","Duravit Viu Waschtisch, Weiß Hochglanz, Rechteckig, Anzahl Waschplätze: 1 Mitte, Hahnlochbank: Ja, Überlauf: Ja, Inkl. Push-Open Ventil, Inkl. Keramische Ventilabdeckhaube, Von unten glasiert, Rückwand glasiert: Nein, 1230 mm",Keramik
23441200601,"DU Möbelwaschtisch Viu 1230mm, Weiß mit Überlauf,mit HLB,ohne Hahnloch,WG","Duravit Viu Waschtisch, Weiß Hochglanz, Rechteckig, Anzahl Waschplätze: 1 Mitte, Hahnlochbank: Ja, Überlauf: Ja, WonderGliss, Inkl. Push-Open Ventil, Inkl. Keramische Ventilabdeckhaube, Von unten glasiert, Rückwand glasiert: Nein, 1230 mm",Keramik
2344530000,"DU Möbelhandwaschbecken Viu 530mm, Weiß mit Überlauf, mit HLB, 1 Hahnloch","Duravit Viu Handwaschbecken, Weiß Hochglanz, Rechteckig, Anzahl Waschplätze: 1 Mitte, Hahnlochbank: Ja, Anzahl Hahnlöcher pro Waschplatz: 1 Mitte, Überlauf: Ja, Inkl. Push-Open Ventil, Inkl. Keramische Ventilabdeckhaube, Von unten glasiert, Rückwand glasiert: Nein, 530 mm",Keramik
23445300001,"DU Möbelhandwaschbecken Viu 530mm, Weiß mit Überlauf, mit HLB, 1 Hahnloch, WG","Duravit Viu Handwaschbecken, Weiß Hochglanz, Rechteckig, Anzahl Waschplätze: 1 Mitte, Hahnlochbank: Ja, Anzahl Hahnlöcher pro Waschplatz: 1 Mitte, Überlauf: Ja, WonderGliss, Inkl. Push-Open Ventil, Inkl. Keramische Ventilabdeckhaube, Von unten glasiert, Rückwand glasiert: Nein, 530 mm",Keramik
2344530060,"DU Möbelhandwaschbecken Viu 530mm, Weiß mit Überlauf, mit HLB, o.Hahnloch","Duravit Viu Handwaschbecken, Weiß Hochglanz, Rechteckig, Anzahl Waschplätze: 1 Mitte, Hahnlochbank: Ja, Überlauf: Ja, Inkl. Push-Open Ventil, Inkl. Keramische Ventilabdeckhaube, Von unten glasiert, Rückwand glasiert: Nein, 530 mm",Keramik
23445300601,"DU Möbelhandwaschbecken Viu 530mm, Weiß mit Überlauf, mit HLB, o.Hahnloch, WG","Duravit Viu Handwaschbecken, Weiß Hochglanz, Rechteckig, Anzahl Waschplätze: 1 Mitte, Hahnlochbank: Ja, Überlauf: Ja, WonderGliss, Inkl. Push-Open Ventil, Inkl. Keramische Ventilabdeckhaube, Von unten glasiert, Rückwand glasiert: Nein, 530 mm",Keramik
2344630000,"DU Möbelwaschtisch Viu 630mm, Weiß mit Überlauf, mit HLB, 1 Hahnloch","Duravit Viu Waschtisch, Weiß Hochglanz, Rechteckig, Anzahl Waschplätze: 1 Mitte, Hahnlochbank: Ja, Anzahl Hahnlöcher pro Waschplatz: 1 Mitte, Überlauf: Ja, Inkl. Push-Open Ventil, Inkl. Keramische Ventilabdeckhaube, Von unten glasiert, Rückwand glasiert: Nein, 630 mm",Keramik
23446300001,"DU Möbelwaschtisch Viu 630mm, Weiß mit Überlauf, mit HLB, 1 Hahnloch, WG","Duravit Viu Waschtisch, Weiß Hochglanz, Rechteckig, Anzahl Waschplätze: 1 Mitte, Hahnlochbank: Ja, Anzahl Hahnlöcher pro Waschplatz: 1 Mitte, Überlauf: Ja, WonderGliss, Inkl. Push-Open Ventil, Inkl. Keramische Ventilabdeckhaube, Von unten glasiert, Rückwand glasiert: Nein, 630 mm",Keramik
2344630060,"DU Möbelwaschtisch Viu 630mm, Weiß m.ÜL, m.HLB, o.HL.","Duravit Viu Waschtisch, Weiß Hochglanz, Rechteckig, Anzahl Waschplätze: 1 Mitte, Hahnlochbank: Ja, Überlauf: Ja, Inkl. Push-Open Ventil, Inkl. Keramische Ventilabdeckhaube, Von unten glasiert, Rückwand glasiert: Nein, 630 mm",Keramik
2344730000,"DU Möbelwaschtisch Viu 730mm, Weiß m.ÜL, m.HLB, 1 HL.","Duravit Viu Waschtisch, Weiß Hochglanz, Rechteckig, Anzahl Waschplätze: 1 Mitte, Hahnlochbank: Ja, Anzahl Hahnlöcher pro Waschplatz: 1 Mitte, Überlauf: Ja, Inkl. Push-Open Ventil, Inkl. Keramische Ventilabdeckhaube, Von unten glasiert, Rückwand glasiert: Nein, 730 mm",Keramik
23447300001,"DU Möbelwaschtisch Viu 730mm, Weiß m.ÜL, m.HLB, 1 HL., WG","Duravit Viu Waschtisch, Weiß Hochglanz, Rechteckig, Anzahl Waschplätze: 1 Mitte, Hahnlochbank: Ja, Anzahl Hahnlöcher pro Waschplatz: 1 Mitte, Überlauf: Ja, WonderGliss, Inkl. Push-Open Ventil, Inkl. Keramische Ventilabdeckhaube, Von unten glasiert, Rückwand glasiert: Nein, 730 mm",Keramik
2344730030,"DU Möbelwaschtisch Viu 730mm, Weiß m.ÜL, m.HLB, 3 HL.","Duravit Viu Waschtisch, Weiß Hochglanz, Rechteckig, Anzahl Waschplätze: 1 Mitte, Hahnlochbank: Ja, Anzahl Hahnlöcher pro Waschplatz: 3 Mitte, Überlauf: Ja, Position Seifenspender: Links, Inkl. Push-Open Ventil, Inkl. Keramische Ventilabdeckhaube, Von unten glasiert, Rückwand glasiert: Nein, 730 mm",Keramik
2344730060,"DU Möbelwaschtisch Viu 730mm, Weiß m.ÜL, m.HLB, o.HL","Duravit Viu Waschtisch, Weiß Hochglanz, Rechteckig, Anzahl Waschplätze: 1 Mitte, Hahnlochbank: Ja, Überlauf: Ja, Inkl. Push-Open Ventil, Inkl. Keramische Ventilabdeckhaube, Von unten glasiert, Rückwand glasiert: Nein, 730 mm",Keramik
23447300601,"DU Möbelwaschtisch Viu 730mm, Weiß m.ÜL, m.HLB, o.HL., WG","Duravit Viu Waschtisch, Weiß Hochglanz, Rechteckig, Anzahl Waschplätze: 1 Mitte, Hahnlochbank: Ja, Überlauf: Ja, WonderGliss, Inkl. Push-Open Ventil, Inkl. Keramische Ventilabdeckhaube, Von unten glasiert, Rückwand glasiert: Nein, 730 mm",Keramik
2344830000,"DU Möbelwaschtisch Viu 830mm, Weiß m.ÜL, m.HLB, 1 HL.","Duravit Viu Waschtisch, Weiß Hochglanz, Rechteckig, Anzahl Waschplätze: 1 Mitte, Hahnlochbank: Ja, Anzahl Hahnlöcher pro Waschplatz: 1 Mitte, Überlauf: Ja, Inkl. Push-Open Ventil, Inkl. Keramische Ventilabdeckhaube, Von unten glasiert, Rückwand glasiert: Nein, 830 mm",Keramik
23448300001,"DU Möbelwaschtisch Viu 830mm, Weiß m.ÜL, m.HLB, 1 HL., WG","Duravit Viu Waschtisch, Weiß Hochglanz, Rechteckig, Anzahl Waschplätze: 1 Mitte, Hahnlochbank: Ja, Anzahl Hahnlöcher pro Waschplatz: 1 Mitte, Überlauf: Ja, WonderGliss, Inkl. Push-Open Ventil, Inkl. Keramische Ventilabdeckhaube, Von unten glasiert, Rückwand glasiert: Nein, 830 mm",Keramik
2344830060,"DU Möbelwaschtisch Viu 830mm, Weiß m.ÜL, m.HLB, o.HL","Duravit Viu Waschtisch, Weiß Hochglanz, Rechteckig, Anzahl Waschplätze: 1 Mitte, Hahnlochbank: Ja, Überlauf: Ja, Inkl. Push-Open Ventil, Inkl. Keramische Ventilabdeckhaube, Von unten glasiert, Rückwand glasiert: Nein, 830 mm",Keramik
2345830000,"DU MWT ME by Starck 830mm, Weiß mit ÜL, mit HLB, 1 HL, Becken links","Duravit ME by Starck Waschtisch, Weiß Hochglanz, Rechteckig, Anzahl Waschplätze: 1 Links, Hahnlochbank: Ja, Anzahl Hahnlöcher pro Waschplatz: 1 Mitte, Überlauf: Ja, Rückwand glasiert: Nein, 830 mm",Keramik
23458300001,"DU MWT ME by Starck 830mm, Weiß mit ÜL, mit HLB, 1 HL, Becken links, WG","Duravit ME by Starck Waschtisch, Weiß Hochglanz, Rechteckig, Anzahl Waschplätze: 1 Links, Hahnlochbank: Ja, Anzahl Hahnlöcher pro Waschplatz: 1 Mitte, Überlauf: Ja, WonderGliss, Rückwand glasiert: Nein, 830 mm",Keramik
2345830060,"DU MWT ME by Starck 830mm, Weiß mit ÜL, mit HLB, o.HL, Becken links,","Duravit ME by Starck Waschtisch, Weiß Hochglanz, Rechteckig, Anzahl Waschplätze: 1 Links, Hahnlochbank: Ja, Überlauf: Ja, Rückwand glasiert: Nein, 830 mm",Keramik
23458300601,"DU MWT ME by Starck 830mm, Weiß mit ÜL, mit HLB, o.HL, Becken links, WG","Duravit ME by Starck Waschtisch, Weiß Hochglanz, Rechteckig, Anzahl Waschplätze: 1 Links, Hahnlochbank: Ja, Überlauf: Ja, WonderGliss, Rückwand glasiert: Nein, 830 mm",Keramik
2345833200,"DU MWT ME by Starck 830mm, Weiß Seidenmatt,m.ÜL,m.HLB,1 HL,Becken li.","Duravit ME by Starck Waschtisch, Weiß Seidenmatt, Rechteckig, Anzahl Waschplätze: 1 Links, Hahnlochbank: Ja, Anzahl Hahnlöcher pro Waschplatz: 1 Mitte, Überlauf: Ja, Rückwand glasiert: Nein, 830 mm",Keramik
23458332001,"DU MWT ME by Starck 830mm, Weiß Seidenmatt,m.ÜL,m.HLB,1 HL,Becken li.WG","Duravit ME by Starck Waschtisch, Weiß Seidenmatt, Rechteckig, Anzahl Waschplätze: 1 Links, Hahnlochbank: Ja, Anzahl Hahnlöcher pro Waschplatz: 1 Links, Überlauf: Ja, WonderGliss, Rückwand glasiert: Nein, 830 mm",Keramik
2345833260,"DU MWT ME by Starck 830mm, Weiß Seidenmatt,m.ÜL,m.HLB,o.HL,Becken li.","Duravit ME by Starck Waschtisch, Weiß Seidenmatt, Rechteckig, Anzahl Waschplätze: 1 Links, Hahnlochbank: Ja, Überlauf: Ja, Rückwand glasiert: Nein, 830 mm",Keramik
23458332601,"DU MWT ME by Starck 830mm, Weiß Seidenmatt,m.ÜL,m.HLB,o.HL,Becken li.WG","Duravit ME by Starck Waschtisch, Weiß Seidenmatt, Rechteckig, Anzahl Waschplätze: 1 Links, Hahnlochbank: Ja, Überlauf: Ja, WonderGliss, Rückwand glasiert: Nein, 830 mm",Keramik
2346830000,"DU MWT ME by Starck 830mm, Weiß mit ÜL, mit HLB, 1 HL, Becken rechts","Duravit ME by Starck Waschtisch, Weiß Hochglanz, Rechteckig, Anzahl Waschplätze: 1 Rechts, Hahnlochbank: Ja, Anzahl Hahnlöcher pro Waschplatz: 1 Mitte, Überlauf: Ja, Rückwand glasiert: Nein, 830 mm",Keramik
23468300001,"DU MWT ME by Starck 830mm, Weiß mit ÜL, mit HLB, 1 HL, Becken rechts,WG","Duravit ME by Starck Waschtisch, Weiß Hochglanz, Rechteckig, Anzahl Waschplätze: 1 Rechts, Hahnlochbank: Ja, Anzahl Hahnlöcher pro Waschplatz: 1 Mitte, Überlauf: Ja, WonderGliss, Rückwand glasiert: Nein, 830 mm",Keramik
2346830060,"DU MWT ME by Starck 830mm, Weiß mit ÜL, mit HLB, o.HL, Becken rechts","Duravit ME by Starck Waschtisch, Weiß Hochglanz, Rechteckig, Anzahl Waschplätze: 1 Rechts, Hahnlochbank: Ja, Überlauf: Ja, Rückwand glasiert: Nein, 830 mm",Keramik
23468300601,"DU MWT ME by Starck 830mm, Weiß mit ÜL, mit HLB, o.HL, Becken rechts,WG","Duravit ME by Starck Waschtisch, Weiß Hochglanz, Rechteckig, Anzahl Waschplätze: 1 Rechts, Hahnlochbank: Ja, Überlauf: Ja, WonderGliss, Rückwand glasiert: Nein, 830 mm",Keramik
2346833200,"DU MWT ME by Starck 830mm Weiß Seidenmatt,m.ÜL,m.HLB,1 HL,Becken re.","Duravit ME by Starck Waschtisch, Weiß Seidenmatt, Rechteckig, Anzahl Waschplätze: 1 Rechts, Hahnlochbank: Ja, Anzahl Hahnlöcher pro Waschplatz: 1 Mitte, Überlauf: Ja, Rückwand glasiert: Nein, 830 mm",Keramik
23468332001,"DU MWT ME by Starck 830mm Weiß Seidenmatt,m.ÜL,m.HLB,1 HL,Becken re.WG","Duravit ME by Starck Waschtisch, Weiß Seidenmatt, Rechteckig, Anzahl Waschplätze: 1 Rechts, Hahnlochbank: Ja, Anzahl Hahnlöcher pro Waschplatz: 1 Mitte, Überlauf: Ja, WonderGliss, Rückwand glasiert: Nein, 830 mm",Keramik
2346833260,"DU MWT ME by Starck 830mm Weiß Seiden- matt,m.ÜL,m.HLB,o.HL, Becken rechts","Duravit ME by Starck Waschtisch, Weiß Seidenmatt, Rechteckig, Anzahl Waschplätze: 1 Rechts, Hahnlochbank: Ja, Überlauf: Ja, Rückwand glasiert: Nein, 830 mm",Keramik
23468332601,"DU MWT ME by Starck 830mm Weiß Seiden- matt,m.ÜL,m.HLB,o.HL, Becken rechts, WG","Duravit ME by Starck Waschtisch, Weiß Seidenmatt, Rechteckig, Anzahl Waschplätze: 1 Rechts, Hahnlochbank: Ja, Überlauf: Ja, WonderGliss, Rückwand glasiert: Nein, 830 mm",Keramik
2347550000,"DU Aufsatzbecken Cape Cod 550mm Weiß o.Überlauf, o.Hahnlochbank","Duravit Cape Cod Aufsatzbecken, Weiß Hochglanz, DuraCeram®, Rechteckig, Anzahl Waschplätze: 1 Mitte, Hahnlochbank: Nein, Überlauf: Nein, 550 mm",Keramik
23475500001,"DU Aufsatzbecken Cape Cod 550mm Weiß o.Überlauf, o.Hahnlochbank, WG","Duravit Cape Cod Aufsatzbecken, Weiß Hochglanz, DuraCeram®, Rechteckig, Anzahl Waschplätze: 1 Mitte, Hahnlochbank: Nein, Überlauf: Nein, WonderGliss, 550 mm",Keramik
2347552600,"DU Aufsatzbecken Cape Cod 550mm Weiß/ Weiß Seidenmatt, o.ÜL, o.HLB","Duravit Cape Cod Aufsatzbecken, Innenfarbe Weiß Hochglanz, Aussenfarbe Weiß Seidenmatt, DuraCeram®, Rechteckig, Anzahl Waschplätze: 1 Mitte, Hahnlochbank: Nein, Überlauf: Nein, 550 mm",Keramik
2347553200,"DU Aufsatzbecken Cape Cod 550mm Weiß Seidenmatt, o.ÜL, o.HLB","Duravit Cape Cod Aufsatzbecken, Weiß Seidenmatt, DuraCeram®, Rechteckig, Anzahl Waschplätze: 1 Mitte, Hahnlochbank: Nein, Überlauf: Nein, 550 mm",Keramik
23475532001,"DU Aufsatzbecken Cape Cod 550mm Weiß Seidenmatt, o.ÜL, o.HLB, WG","Duravit Cape Cod Aufsatzbecken, Weiß Seidenmatt, DuraCeram®, Rechteckig, Anzahl Waschplätze: 1 Mitte, Hahnlochbank: Nein, Überlauf: Nein, WonderGliss, 550 mm",Keramik
2348800041,"DU Möbel-WT DuraSquare 800mm, Weiß o.ÜL, m.HLB, 1 HL, Becken links","Duravit DuraSquare Waschtisch, Weiß Hochglanz, DuraCeram®, Rechteckig, Anzahl Waschplätze: 1 Links, Hahnlochbank: Ja, Anzahl Hahnlöcher pro Waschplatz: 1 Mitte, Überlauf: Nein, Inkl. Keramische Ventilabdeckhaube, Inkl. Schaftventil, Von unten glasiert, Rückwand glasiert: Nein, 800 mm",Keramik
23488000411,"DU Möbel-WT DuraSquare 800mm, Weiß o.ÜL, m.HLB, 1 HL, Becken links, WG","Duravit DuraSquare Waschtisch, Weiß Hochglanz, DuraCeram®, Rechteckig, Anzahl Waschplätze: 1 Links, Hahnlochbank: Ja, Anzahl Hahnlöcher pro Waschplatz: 1 Mitte, Überlauf: Nein, WonderGliss, Inkl. Keramische Ventilabdeckhaube, Inkl. Schaftventil, Von unten glasiert, Rückwand glasiert: Nein, 800 mm",Keramik
2348800070,"DU Möbel-WT DuraSquare 800mm, Weiß o.ÜL, m.HLB, o.HL, Becken links","Duravit DuraSquare Waschtisch, Weiß Hochglanz, DuraCeram®, Rechteckig, Anzahl Waschplätze: 1 Links, Hahnlochbank: Ja, Überlauf: Nein, Inkl. Keramische Ventilabdeckhaube, Inkl. Schaftventil, Von unten glasiert, Rückwand glasiert: Nein, 800 mm",Keramik
23488000701,"DU Möbel-WT DuraSquare 800mm, Weiß o.ÜL, m.HLB, o.HL, Becken links, WG","Duravit DuraSquare Waschtisch, Weiß Hochglanz, DuraCeram®, Rechteckig, Anzahl Waschplätze: 1 Links, Hahnlochbank: Ja, Überlauf: Nein, WonderGliss, Inkl. Keramische Ventilabdeckhaube, Inkl. Schaftventil, Von unten glasiert, Rückwand glasiert: Nein, 800 mm",Keramik
2348800071,"DU Möbel-WT DuraSquare 800mm, Weiß o.ÜL, m.HLB, 1 HL, Becken l., geschl.","Duravit DuraSquare Waschtisch, Weiß Hochglanz, DuraCeram®, Rechteckig, Anzahl Waschplätze: 1 Links, Hahnlochbank: Ja, Anzahl Hahnlöcher pro Waschplatz: 1 Mitte, Überlauf: Nein, Geschliffen, Inkl. Keramische Ventilabdeckhaube, Inkl. Schaftventil, Von unten glasiert, Rückwand glasiert: Nein, 800 mm",Keramik
23488000711,"DU Möbel-WT DuraSquare 800mm, Weiß o.ÜL,m.HLB,1 HL,Becken l.,geschl.,WG","Duravit DuraSquare Waschtisch, Weiß Hochglanz, DuraCeram®, Rechteckig, Anzahl Waschplätze: 1 Links, Hahnlochbank: Ja, Anzahl Hahnlöcher pro Waschplatz: 1 Mitte, Überlauf: Nein, Geschliffen, WonderGliss, Inkl. Keramische Ventilabdeckhaube, Inkl. Schaftventil, Von unten glasiert, Rückwand glasiert: Nein, 800 mm",Keramik
2348800079,"DU Möbel-WT DuraSquare 800mm, Weiß o.ÜL, m.HLB, o.HL, Becken l., geschl.","Duravit DuraSquare Waschtisch, Weiß Hochglanz, DuraCeram®, Rechteckig, Anzahl Waschplätze: 1 Links, Hahnlochbank: Ja, Überlauf: Nein, Geschliffen, Inkl. Keramische Ventilabdeckhaube, Inkl. Schaftventil, Von unten glasiert, Rückwand glasiert: Nein, 800 mm",Keramik
23488000791,"DU Möbel-WT DuraSquare 800mm, Weiß o.ÜL,vm.HLB,o.HL,Becken l.,geschl.,WG","Duravit DuraSquare Waschtisch, Weiß Hochglanz, DuraCeram®, Rechteckig, Anzahl Waschplätze: 1 Links, Hahnlochbank: Ja, Überlauf: Nein, Geschliffen, WonderGliss, Inkl. Keramische Ventilabdeckhaube, Inkl. Schaftventil, Von unten glasiert, Rückwand glasiert: Nein, 800 mm",Keramik
2349800041,"DU Möbel-WT DuraSquare 800mm, Weiß o.ÜL, m.HLB, 1 HL, Becken rechts","Duravit DuraSquare Waschtisch, Weiß Hochglanz, DuraCeram®, Rechteckig, Anzahl Waschplätze: 1 Rechts, Hahnlochbank: Ja, Anzahl Hahnlöcher pro Waschplatz: 1 Mitte, Überlauf: Nein, Inkl. Keramische Ventilabdeckhaube, Inkl. Schaftventil, Von unten glasiert, Rückwand glasiert: Nein, 800 mm",Keramik
23498000411,"DU Möbel-WT DuraSquare 800mm, Weiß o.ÜL, m.HLB, 1 HL, Becken rechts, WG","Duravit DuraSquare Waschtisch, Weiß Hochglanz, DuraCeram®, Rechteckig, Anzahl Waschplätze: 1 Rechts, Hahnlochbank: Ja, Anzahl Hahnlöcher pro Waschplatz: 1 Mitte, Überlauf: Nein, WonderGliss, Inkl. Keramische Ventilabdeckhaube, Inkl. Schaftventil, Von unten glasiert, Rückwand glasiert: Nein, 800 mm",Keramik
2349800070,"DU Möbel-WT DuraSquare 800mm, Weiß o.ÜL, m.HLB, o.HL, Becken rechts","Duravit DuraSquare Waschtisch, Weiß Hochglanz, DuraCeram®, Rechteckig, Anzahl Waschplätze: 1 Rechts, Hahnlochbank: Ja, Überlauf: Nein, Inkl. Keramische Ventilabdeckhaube, Inkl. Schaftventil, Von unten glasiert, Rückwand glasiert: Nein, 800 mm",Keramik
23498000701,"DU Möbel-WT DuraSquare 800mm, Weiß o.ÜL, m.HLB, o.HL, Becken rechts, WG","Duravit DuraSquare Waschtisch, Weiß Hochglanz, DuraCeram®, Rechteckig, Anzahl Waschplätze: 1 Rechts, Hahnlochbank: Ja, Überlauf: Nein, WonderGliss, Inkl. Keramische Ventilabdeckhaube, Inkl. Schaftventil, Von unten glasiert, Rückwand glasiert: Nein, 800 mm",Keramik
2349800071,"DU Möbel-WT DuraSquare 800mm, Weiß o.ÜL, m.HLB, 1 HL, Becken r., geschl.","Duravit DuraSquare Waschtisch, Weiß Hochglanz, DuraCeram®, Rechteckig, Anzahl Waschplätze: 1 Rechts, Hahnlochbank: Ja, Anzahl Hahnlöcher pro Waschplatz: 1 Mitte, Überlauf: Nein, Geschliffen, Inkl. Keramische Ventilabdeckhaube, Inkl. Schaftventil, Von unten glasiert, Rückwand glasiert: Nein, 800 mm",Keramik
23498000711,"DU Möbel-WT DuraSquare 800mm, Weiß o.ÜL,m.HLB,1 HL,Becken r.,geschl.WG","Duravit DuraSquare Waschtisch, Weiß Hochglanz, DuraCeram®, Rechteckig, Anzahl Waschplätze: 1 Rechts, Hahnlochbank: Ja, Anzahl Hahnlöcher pro Waschplatz: 1 Mitte, Überlauf: Nein, Geschliffen, WonderGliss, Inkl. Keramische Ventilabdeckhaube, Inkl. Schaftventil, Von unten glasiert, Rückwand glasiert: Nein, 800 mm",Keramik
2349800079,"DU Möbel-WT DuraSquare 800mm, Weiß o.ÜL, m.HLB, o.HL, Becken r., geschl.","Duravit DuraSquare Waschtisch, Weiß Hochglanz, DuraCeram®, Rechteckig, Anzahl Waschplätze: 1 Rechts, Hahnlochbank: Ja, Überlauf: Nein, Geschliffen, Inkl. Keramische Ventilabdeckhaube, Inkl. Schaftventil, Von unten glasiert, Rückwand glasiert: Nein, 800 mm",Keramik
23498000791,"DU Möbel-WT DuraSquare 800mm, Weiß o.ÜL,m.HLB,o.HL Becken r.,geschl.,WG","Duravit DuraSquare Waschtisch, Weiß Hochglanz, DuraCeram®, Rechteckig, Anzahl Waschplätze: 1 Rechts, Hahnlochbank: Ja, Überlauf: Nein, Geschliffen, WonderGliss, Inkl. Keramische Ventilabdeckhaube, Inkl. Schaftventil, Von unten glasiert, Rückwand glasiert: Nein, 800 mm",Keramik
2350100000,"DU Waschtisch Vero Air 1000 mm m ÜL, m.HLB, 1 HL mitte, weiß","Duravit Vero Air Waschtisch, Weiß Hochglanz, Rechteckig, Anzahl Waschplätze: 1 Mitte, Hahnlochbank: Ja, Anzahl Hahnlöcher pro Waschplatz: 1 Mitte, Überlauf: Ja, Von unten glasiert, Rückwand glasiert: Nein, 1000 mm",Keramik
23501000001,"DU Waschtisch Vero Air 1000 mm m.ÜL, m.HLB, 1 HL mitte, weiß, WG","Duravit Vero Air Waschtisch, Weiß Hochglanz, Rechteckig, Anzahl Waschplätze: 1 Mitte, Hahnlochbank: Ja, Anzahl Hahnlöcher pro Waschplatz: 1 Mitte, Überlauf: Ja, WonderGliss, Von unten glasiert, Rückwand glasiert: Nein, 1000 mm",Keramik
2350100024,"DU Waschtisch Vero Air 1000 mm m.ÜL, m.HLB, 2 HL, 1 Becken, weiß","Duravit Vero Air Waschtisch, Weiß Hochglanz, Rechteckig, Anzahl Waschplätze: 2 Mitte, Hahnlochbank: Ja, Anzahl Hahnlöcher pro Waschplatz: 1 Links, Rechts, Überlauf: Ja, Von unten glasiert, Rückwand glasiert: Nein, 1000 mm",Keramik
23501000241,"DU Waschtisch Vero Air 1000 mm m.ÜL, m.HLB, 2 HL, 1 Becken, weiß, WG","Duravit Vero Air Waschtisch, Weiß Hochglanz, Rechteckig, Anzahl Waschplätze: 1 Mitte, Hahnlochbank: Ja, Anzahl Hahnlöcher pro Waschplatz: 1 Links, Rechts, Überlauf: Ja, WonderGliss, Von unten glasiert, Rückwand glasiert: Nein, 1000 mm",Keramik
2350100026,"DU Waschtisch Vero Air 1000 mm m.ÜL,m.HLB,2 HL,1 Becken,geschl.,weiß","Duravit Vero Air Waschtisch, Weiß Hochglanz, Rechteckig, Anzahl Waschplätze: 2 Mitte, Hahnlochbank: Ja, Anzahl Hahnlöcher pro Waschplatz: 1 Links, Rechts, Überlauf: Ja, Geschliffen, Rückwand glasiert: Nein, 1000 mm",Keramik
23501000261,"DU Waschtisch Vero Air 1000 mm m.ÜL,m.HLB,2 HL,1 Becken,geschl.,weiß,WG","Duravit Vero Air Waschtisch, Weiß Hochglanz, Rechteckig, Anzahl Waschplätze: 2 Mitte, Hahnlochbank: Ja, Anzahl Hahnlöcher pro Waschplatz: 1 Links, Rechts, Überlauf: Ja, Geschliffen, WonderGliss, Rückwand glasiert: Nein, 1000 mm",Keramik
2350100027,"DU Waschtisch Vero Air 1000 mm m.ÜL, m.HLB, 1 HL mitte, geschl,. weiß","Duravit Vero Air Waschtisch, Weiß Hochglanz, Rechteckig, Anzahl Waschplätze: 1 Mitte, Hahnlochbank: Ja, Anzahl Hahnlöcher pro Waschplatz: 1 Mitte, Überlauf: Ja, Geschliffen, Rückwand glasiert: Nein, 1000 mm",Keramik
23501000271,"DU Waschtisch Vero Air 1000mm, Weiß m.ÜL, m.HLB, 1 HL mitte,geschl.,weiß,WG","Duravit Vero Air Waschtisch, Weiß Hochglanz, Rechteckig, Anzahl Waschplätze: 1 Mitte, Hahnlochbank: Ja, Anzahl Hahnlöcher pro Waschplatz: 1 Mitte, Überlauf: Ja, Geschliffen, WonderGliss, Rückwand glasiert: Nein, 1000 mm",Keramik
2350100028,"DU Waschtisch Vero Air 1000 mm m.ÜL, m.HLB, ohne HL, geschl., weiß","Duravit Vero Air Waschtisch, Weiß Hochglanz, Rechteckig, Anzahl Waschplätze: 1 Mitte, Hahnlochbank: Ja, Überlauf: Ja, Geschliffen, Rückwand glasiert: Nein, 1000 mm",Keramik
23501000281,"DU Waschtisch Vero Air 1000 mm m.ÜL, m.HLB, ohne HL, geschl., weiß, WG","Duravit Vero Air Waschtisch, Weiß Hochglanz, Rechteckig, Anzahl Waschplätze: 1 Mitte, Hahnlochbank: Ja, Überlauf: Ja, Geschliffen, WonderGliss, Rückwand glasiert: Nein, 1000 mm",Keramik
2350100041,"DU Waschtisch Vero Air 1000mm, Weiß ohne ÜL, mit HLB, 1 HL","Duravit Vero Air Waschtisch, Weiß Hochglanz, Rechteckig, Anzahl Waschplätze: 1 Mitte, Hahnlochbank: Ja, Anzahl Hahnlöcher pro Waschplatz: 1 Mitte, Überlauf: Nein, Von unten glasiert, Rückwand glasiert: Nein, 1000 mm",Keramik
23501000411,"DU Waschtisch Vero Air 1000mm, Weiß ohne ÜL, mit HLB, 1 HL, WG","Duravit Vero Air Waschtisch, Weiß Hochglanz, Rechteckig, Anzahl Waschplätze: 1 Mitte, Hahnlochbank: Ja, Anzahl Hahnlöcher pro Waschplatz: 1 Mitte, Überlauf: Nein, WonderGliss, Von unten glasiert, Rückwand glasiert: Nein, 1000 mm",Keramik
2350100043,"DU Waschtisch Vero Air 1000 mm o.ÜL, m.HLB, 2 HL, 1 Becken, weiß","Duravit Vero Air Waschtisch, Weiß Hochglanz, Rechteckig, Anzahl Waschplätze: 2 Mitte, Hahnlochbank: Ja, Anzahl Hahnlöcher pro Waschplatz: 1 Links, Rechts, Überlauf: Nein, Von unten glasiert, Rückwand glasiert: Nein, 1000 mm",Keramik
23501000431,"DU Waschtisch Vero Air 1000 mm o.ÜL, m.HLB, 2 HL,1 Becken, weiß, WG","Duravit Vero Air Waschtisch, Weiß Hochglanz, Rechteckig, Anzahl Waschplätze: 2 Mitte, Hahnlochbank: Ja, Anzahl Hahnlöcher pro Waschplatz: 1 Links, Rechts, Überlauf: Nein, WonderGliss, Von unten glasiert, Rückwand glasiert: Nein, 1000 mm",Keramik
2350100060,"DU Waschtisch Vero Air 1000mm, Weiß mit ÜL, mit HLB, ohne HL","Duravit Vero Air Waschtisch, Weiß Hochglanz, Rechteckig, Anzahl Waschplätze: 1 Mitte, Hahnlochbank: Ja, Überlauf: Ja, Von unten glasiert, Rückwand glasiert: Nein, 1000 mm",Keramik
23501000601,"DU Waschtisch Vero Air 1000mm, Weiß mit ÜL, mit HLB, ohne HL, WG","Duravit Vero Air Waschtisch, Weiß Hochglanz, Rechteckig, Anzahl Waschplätze: 1 Mitte, Hahnlochbank: Ja, Überlauf: Ja, WonderGliss, Von unten glasiert, Rückwand glasiert: Nein, 1000 mm",Keramik
2350100070,"DU Waschtisch Vero Air 1000mm, Weiß ohne ÜL, mit HLB, ohne HL","Duravit Vero Air Waschtisch, Weiß Hochglanz, Rechteckig, Anzahl Waschplätze: 1 Mitte, Hahnlochbank: Ja, Überlauf: Nein, Von unten glasiert, Rückwand glasiert: Nein, 1000 mm",Keramik
23501000701,"DU Waschtisch Vero Air 1000mm, Weiß ohne ÜL, mit HLB, ohne HL, WG","Duravit Vero Air Waschtisch, Weiß Hochglanz, Rechteckig, Anzahl Waschplätze: 1 Mitte, Hahnlochbank: Ja, Überlauf: Nein, WonderGliss, Von unten glasiert, Rückwand glasiert: Nein, 1000 mm",Keramik
2350100071,"DU Waschtisch Vero Air 1000 mm o.ÜL, m.HLB, 1 HL mitte, geschl., weiß","Duravit Vero Air Waschtisch, Weiß Hochglanz, Rechteckig, Anzahl Waschplätze: 1 Mitte, Hahnlochbank: Ja, Anzahl Hahnlöcher pro Waschplatz: 1 Mitte, Überlauf: Nein, Geschliffen, Rückwand glasiert: Nein, 1000 mm",Keramik
23501000711,"DU Waschtisch Vero Air 1000 mm o.ÜL,m.HLB, 1 HL mitte,geschl.,weiß,WG","Duravit Vero Air Waschtisch, Weiß Hochglanz, Rechteckig, Anzahl Waschplätze: 1 Mitte, Hahnlochbank: Ja, Anzahl Hahnlöcher pro Waschplatz: 1 Mitte, Überlauf: Nein, Geschliffen, WonderGliss, Rückwand glasiert: Nein, 1000 mm",Keramik
2350100072,"DU Waschtisch Vero Air 1000 mm o.ÜL,m.HLB,2 HL,1 Becken,geschl.,weiß","Duravit Vero Air Waschtisch, Weiß Hochglanz, Rechteckig, Anzahl Waschplätze: 2 Mitte, Hahnlochbank: Ja, Anzahl Hahnlöcher pro Waschplatz: 1 Mitte, Überlauf: Nein, Geschliffen, Rückwand glasiert: Nein, 1000 mm",Keramik
23501000721,"DU Waschtisch Vero Air 1000 mm o.ÜL,m.HLB,2 HL,1 Becken,geschl.,weiß,WG","Duravit Vero Air Waschtisch, Weiß Hochglanz, Rechteckig, Anzahl Waschplätze: 2 Mitte, Hahnlochbank: Ja, Anzahl Hahnlöcher pro Waschplatz: 1 Mitte, Überlauf: Nein, Geschliffen, WonderGliss, Rückwand glasiert: Nein, 1000 mm",Keramik
2350100079,"DU Waschtisch Vero Air 1000 mm o.ÜL, m.HLB, o.HL, geschl.,weiß","Duravit Vero Air Waschtisch, Weiß Hochglanz, Rechteckig, Anzahl Waschplätze: 1 Mitte, Hahnlochbank: Ja, Überlauf: Nein, Geschliffen, Rückwand glasiert: Nein, 1000 mm",Keramik
23501000791,"DU Waschtisch Vero Air 1000 mm o.ÜL, m.HLB, o.HL, geschl.,weiß,WG","Duravit Vero Air Waschtisch, Weiß Hochglanz, Rechteckig, Anzahl Waschplätze: 1 Mitte, Hahnlochbank: Ja, Überlauf: Nein, Geschliffen, WonderGliss, Rückwand glasiert: Nein, 1000 mm",Keramik
2350120000,"DU Waschtisch Vero Air 1200mm m.ÜL, m.HLB, 1 HL mitte, weiß","Duravit Vero Air Waschtisch, Weiß Hochglanz, Rechteckig, Anzahl Waschplätze: 1 Mitte, Hahnlochbank: Ja, Anzahl Hahnlöcher pro Waschplatz: 1 Mitte, Überlauf: Ja, Von unten glasiert, Rückwand glasiert: Nein, 1200 mm",Keramik
23501200001,"DU Waschtisch Vero Air 1200 mm m.ÜL, m.HLB, 1 HL mitte, weiß, WG","Duravit Vero Air Waschtisch, Weiß Hochglanz, Rechteckig, Anzahl Waschplätze: 1 Mitte, Hahnlochbank: Ja, Anzahl Hahnlöcher pro Waschplatz: 1 Mitte, Überlauf: Ja, WonderGliss, Von unten glasiert, Rückwand glasiert: Nein, 1200 mm",Keramik
2350120024,"DU Waschtisch Vero Air 1200 mm m.ÜL, m.HLB, 2 HL, 1 Becken, weiß","Duravit Vero Air Waschtisch, Weiß Hochglanz, Rechteckig, Anzahl Waschplätze: 2 Mitte, Hahnlochbank: Ja, Anzahl Hahnlöcher pro Waschplatz: 1 Links, Rechts, Überlauf: Ja, Von unten glasiert, Rückwand glasiert: Nein, 1200 mm",Keramik
23501200241,"DU Waschtisch Vero Air 1200 mm m.ÜL, m.HLB, 2 HL, 1 Becken, weiß, WG","Duravit Vero Air Waschtisch, Weiß Hochglanz, Rechteckig, Anzahl Waschplätze: 2 Mitte, Hahnlochbank: Ja, Anzahl Hahnlöcher pro Waschplatz: 1 Links, Rechts, Überlauf: Ja, WonderGliss, Von unten glasiert, Rückwand glasiert: Nein, 1200 mm",Keramik
2350120026,"DU Waschtisch Vero Air 1200 mm m.ÜL,m.HLB,2 HL,1 Becken,geschl.,weiß","Duravit Vero Air Waschtisch, Weiß Hochglanz, Rechteckig, Anzahl Waschplätze: 2 Mitte, Hahnlochbank: Ja, Anzahl Hahnlöcher pro Waschplatz: 1 Links, Rechts, Überlauf: Ja, Geschliffen, Rückwand glasiert: Nein, 1200 mm",Keramik
23501200261,"DU Waschtisch Vero Air 1200mm, Weiß m.ÜL,m.HLB,2 HL,1 Becken,geschl.,weiß,WG","Duravit Vero Air Waschtisch, Weiß Hochglanz, Rechteckig, Anzahl Waschplätze: 2 Mitte, Hahnlochbank: Ja, Anzahl Hahnlöcher pro Waschplatz: 1 Links, Rechts, Überlauf: Ja, Geschliffen, WonderGliss, Rückwand glasiert: Nein, 1200 mm",Keramik
2350120027,"DU Waschtisch Vero Air 1200 mm m.ÜL, m.HLB, 1 HL mitte, geschl., weiß","Duravit Vero Air Waschtisch, Weiß Hochglanz, Rechteckig, Anzahl Waschplätze: 1 Mitte, Hahnlochbank: Ja, Anzahl Hahnlöcher pro Waschplatz: 1 Mitte, Überlauf: Ja, Geschliffen, Rückwand glasiert: Nein, 1200 mm",Keramik
23501200271,"DU Waschtisch Vero Air 1200 mm m.ÜL,m.HLB, 1 HL mitte,geschl.,weiß,WG","Duravit Vero Air Waschtisch, Weiß Hochglanz, Rechteckig, Anzahl Waschplätze: 1 Mitte, Hahnlochbank: Ja, Anzahl Hahnlöcher pro Waschplatz: 1 Mitte, Überlauf: Ja, Geschliffen, WonderGliss, Rückwand glasiert: Nein, 1200 mm",Keramik
2350120028,"DU Waschtisch Vero Air 1200 mm m.ÜL,m.HLB,ohne HL,geschl.,weiß","Duravit Vero Air Waschtisch, Weiß Hochglanz, Rechteckig, Anzahl Waschplätze: 1 Mitte, Hahnlochbank: Ja, Überlauf: Ja, Geschliffen, Rückwand glasiert: Nein, 1200 mm",Keramik
23501200281,"DU Waschtisch Vero Air 1200 mm m.ÜL,m.HLB,ohne HL,geschl.,weiß,WG","Duravit Vero Air Waschtisch, Weiß Hochglanz, Rechteckig, Anzahl Waschplätze: 1 Mitte, Hahnlochbank: Ja, Überlauf: Ja, Geschliffen, WonderGliss, Rückwand glasiert: Nein, 1200 mm",Keramik
2350120041,"DU Waschtisch Vero Air 1200 mm o.ÜL, m.HLB, 1 HL mitte, weiß","Duravit Vero Air Waschtisch, Weiß Hochglanz, Rechteckig, Anzahl Waschplätze: 1 Mitte, Hahnlochbank: Ja, Anzahl Hahnlöcher pro Waschplatz: 1 Mitte, Überlauf: Nein, Von unten glasiert, Rückwand glasiert: Nein, 1200 mm",Keramik
23501200411,"DU Waschtisch Vero Air 1200 mm o.ÜL, m.HLB, 1 HL mitte, weiß, WG","Duravit Vero Air Waschtisch, Weiß Hochglanz, Rechteckig, Anzahl Waschplätze: 1 Mitte, Hahnlochbank: Ja, Anzahl Hahnlöcher pro Waschplatz: 1 Mitte, Überlauf: Nein, WonderGliss, Von unten glasiert, Rückwand glasiert: Nein, 1200 mm",Keramik
2350120043,"DU Waschtisch Vero Air 1200 mm o.ÜL, m.HLB, 2 HL, 1 Becken, weiß","Duravit Vero Air Waschtisch, Weiß Hochglanz, Rechteckig, Anzahl Waschplätze: 2 Mitte, Hahnlochbank: Ja, Anzahl Hahnlöcher pro Waschplatz: 1 Links, Rechts, Überlauf: Nein, Von unten glasiert, Rückwand glasiert: Nein, 1200 mm",Keramik
23501200431,"DU Waschtisch Vero Air 1200 mm o.ÜL, m.HLB, 2 HL, 1 Becken, weiß, WG","Duravit Vero Air Waschtisch, Weiß Hochglanz, Rechteckig, Anzahl Waschplätze: 2 Mitte, Hahnlochbank: Ja, Anzahl Hahnlöcher pro Waschplatz: 1 Links, Rechts, Überlauf: Nein, WonderGliss, Von unten glasiert, Rückwand glasiert: Nein, 1200 mm",Keramik
2350120060,"DU Waschtisch Vero Air 1200 mm m.ÜL, m.HLB, ohne HL, weiß","Duravit Vero Air Waschtisch, Weiß Hochglanz, Rechteckig, Anzahl Waschplätze: 1 Mitte, Hahnlochbank: Ja, Überlauf: Ja, Von unten glasiert, Rückwand glasiert: Nein, 1200 mm",Keramik
23501200601,"DU Waschtisch Vero Air 1200 mm m.ÜL, m.HLB, ohne HL, weiß, WG","Duravit Vero Air Waschtisch, Weiß Hochglanz, Rechteckig, Anzahl Waschplätze: 1 Mitte, Hahnlochbank: Ja, Überlauf: Ja, WonderGliss, Von unten glasiert, Rückwand glasiert: Nein, 1200 mm",Keramik
2350120070,"DU Waschtisch Vero Air 1200 mm o.ÜL, m.HLB, ohne HL, weiß","Duravit Vero Air Waschtisch, Weiß Hochglanz, Rechteckig, Anzahl Waschplätze: 1 Mitte, Hahnlochbank: Ja, Überlauf: Nein, Von unten glasiert, Rückwand glasiert: Nein, 1200 mm",Keramik
23501200701,"DU Waschtisch Vero Air 1200 mm o.ÜL, m.HLB, ohne HL, weiß, WG","Duravit Vero Air Waschtisch, Weiß Hochglanz, Rechteckig, Anzahl Waschplätze: 1 Mitte, Hahnlochbank: Ja, Überlauf: Nein, WonderGliss, Von unten glasiert, Rückwand glasiert: Nein, 1200 mm",Keramik
2350120071,"DU Waschtisch Vero Air 1200 mm o.ÜL, m.HLB, 1 HL mitte, geschl.,weiß","Duravit Vero Air Waschtisch, Weiß Hochglanz, Rechteckig, Anzahl Waschplätze: 1 Mitte, Hahnlochbank: Ja, Anzahl Hahnlöcher pro Waschplatz: 1 Mitte, Überlauf: Nein, Geschliffen, Rückwand glasiert: Nein, 1200 mm",Keramik
23501200711,"DU Waschtisch Vero Air 1200mm, Weiß o.ÜL, m.HLB, 1 HL mitte,geschl.,weiß,WG","Duravit Vero Air Waschtisch, Weiß Hochglanz, Rechteckig, Anzahl Waschplätze: 1 Mitte, Hahnlochbank: Ja, Anzahl Hahnlöcher pro Waschplatz: 1 Mitte, Überlauf: Nein, Geschliffen, WonderGliss, Rückwand glasiert: Nein, 1200 mm",Keramik
2350120072,"DU Waschtisch Vero Air 1200 mm o.ÜL,m.HLB,2 HL,1 Becken,geschl.,weiß","Duravit Vero Air Waschtisch, Weiß Hochglanz, Rechteckig, Anzahl Waschplätze: 2 Mitte, Hahnlochbank: Ja, Anzahl Hahnlöcher pro Waschplatz: 1 Mitte, Überlauf: Nein, Geschliffen, Rückwand glasiert: Nein, 1200 mm",Keramik
23501200721,"DU Waschtisch Vero Air 1200 mm o.ÜL,m.HLB,2 HL,1 Becken,geschl.,weiß,WG","Duravit Vero Air Waschtisch, Weiß Hochglanz, Rechteckig, Anzahl Waschplätze: 2 Mitte, Hahnlochbank: Ja, Anzahl Hahnlöcher pro Waschplatz: 1 Mitte, Überlauf: Nein, Geschliffen, WonderGliss, Rückwand glasiert: Nein, 1200 mm",Keramik
2350120079,"DU Waschtisch Vero Air 1200 mm o.ÜL, m. HLB, ohne HL, geschl.,weiß","Duravit Vero Air Waschtisch, Weiß Hochglanz, Rechteckig, Anzahl Waschplätze: 1 Mitte, Hahnlochbank: Ja, Überlauf: Nein, Geschliffen, Rückwand glasiert: Nein, 1200 mm",Keramik
23501200791,"DU Waschtisch Vero Air 1200 mm o.ÜL, m.HLB, ohne HL, geschl., weiß, WG","Duravit Vero Air Waschtisch, Weiß Hochglanz, Rechteckig, Anzahl Waschplätze: 1 Mitte, Hahnlochbank: Ja, Überlauf: Nein, Geschliffen, WonderGliss, Rückwand glasiert: Nein, 1200 mm",Keramik
2350500000,"DU Waschtisch Vero Air 500mm m. ÜL, m. HLB, 1 HL, weiß","Duravit Vero Air Waschtisch, Weiß Hochglanz, Rechteckig, Anzahl Waschplätze: 1 Mitte, Hahnlochbank: Ja, Anzahl Hahnlöcher pro Waschplatz: 1 Mitte, Überlauf: Ja, Von unten glasiert, Rückwand glasiert: Nein, 500 mm",Keramik
23505000001,"DU Waschtisch Vero Air 500mm m. ÜL, m. HLB, 1 HL, weiß, WG","Duravit Vero Air Waschtisch, Weiß Hochglanz, Rechteckig, Anzahl Waschplätze: 1 Mitte, Hahnlochbank: Ja, Anzahl Hahnlöcher pro Waschplatz: 1 Mitte, Überlauf: Ja, WonderGliss, Von unten glasiert, Rückwand glasiert: Nein, 500 mm",Keramik
2350500027,"DU Waschtisch Vero Air 500mm m.ÜL, m.HLB, 1HL, geschl., weiß","Duravit Vero Air Waschtisch, Weiß Hochglanz, Rechteckig, Anzahl Waschplätze: 1 Mitte, Hahnlochbank: Ja, Anzahl Hahnlöcher pro Waschplatz: 1 Mitte, Überlauf: Ja, Geschliffen, Rückwand glasiert: Nein, 500 mm",Keramik
23505000271,"DU Waschtisch Vero Air 500mm m.ÜL, m.HLB, 1HL, geschl., weiß, WG","Duravit Vero Air Waschtisch, Weiß Hochglanz, Rechteckig, Anzahl Waschplätze: 1 Mitte, Hahnlochbank: Ja, Anzahl Hahnlöcher pro Waschplatz: 1 Mitte, Überlauf: Ja, Geschliffen, WonderGliss, Rückwand glasiert: Nein, 500 mm",Keramik
2350500028,"DU Waschtisch Vero Air 500mm m.ÜL, m.HLB, o.HL, geschl., weiß","Duravit Vero Air Waschtisch, Weiß Hochglanz, Rechteckig, Anzahl Waschplätze: 1 Mitte, Hahnlochbank: Ja, Überlauf: Ja, Geschliffen, Rückwand glasiert: Nein, 500 mm",Keramik
23505000281,"DU Waschtisch Vero Air 500mm m.ÜL, m.HLB, o.HL, geschl., weiß, WG","Duravit Vero Air Waschtisch, Weiß Hochglanz, Rechteckig, Anzahl Waschplätze: 1 Mitte, Hahnlochbank: Ja, Überlauf: Ja, Geschliffen, WonderGliss, Rückwand glasiert: Nein, 500 mm",Keramik
2350500041,"DU Waschtisch Vero Air 500mm o.ÜL, m.HLB, 1 HL, weiß","Duravit Vero Air Waschtisch, Weiß Hochglanz, Rechteckig, Anzahl Waschplätze: 1 Mitte, Hahnlochbank: Ja, Anzahl Hahnlöcher pro Waschplatz: 1 Mitte, Überlauf: Nein, Von unten glasiert, Rückwand glasiert: Nein, 500 mm",Keramik
23505000411,"DU Waschtisch Vero Air 500mm o.ÜL, m.HLB, 1 HL, weiß, WG","Duravit Vero Air Waschtisch, Weiß Hochglanz, Rechteckig, Anzahl Waschplätze: 1 Mitte, Hahnlochbank: Ja, Anzahl Hahnlöcher pro Waschplatz: 1 Mitte, Überlauf: Nein, WonderGliss, Von unten glasiert, Rückwand glasiert: Nein, 500 mm",Keramik
2350500060,"DU Waschtisch Vero Air 500mm m.ÜL, m.HLB, o.HL, weiß","Duravit Vero Air Waschtisch, Weiß Hochglanz, Rechteckig, Anzahl Waschplätze: 1 Mitte, Hahnlochbank: Ja, Überlauf: Ja, Von unten glasiert, Rückwand glasiert: Nein, 500 mm",Keramik
23505000601,"DU Waschtisch Vero Air 500mm m.ÜL, m.HLB, o.HL, weiß, WG","Duravit Vero Air Waschtisch, Weiß Hochglanz, Rechteckig, Anzahl Waschplätze: 1 Mitte, Hahnlochbank: Ja, Überlauf: Ja, WonderGliss, Von unten glasiert, Rückwand glasiert: Nein, 500 mm",Keramik
2350500070,"DU Waschtisch Vero Air 500mm o.ÜL, m.HLB, o.HL, weiß","Duravit Vero Air Waschtisch, Weiß Hochglanz, Rechteckig, Anzahl Waschplätze: 1 Mitte, Hahnlochbank: Ja, Überlauf: Nein, Von unten glasiert, Rückwand glasiert: Nein, 500 mm",Keramik
23505000701,"DU Waschtisch Vero Air 500mm o.ÜL, m.HLB, o.HL, weiß, WG","Duravit Vero Air Waschtisch, Weiß Hochglanz, Rechteckig, Anzahl Waschplätze: 1 Mitte, Hahnlochbank: Ja, Überlauf: Nein, WonderGliss, Von unten glasiert, Rückwand glasiert: Nein, 500 mm",Keramik
2350500071,"DU Waschtisch Vero Air 500mm o.ÜL, m.HLB, 1HL, geschl., weiß","Duravit Vero Air Waschtisch, Weiß Hochglanz, Rechteckig, Anzahl Waschplätze: 1 Mitte, Hahnlochbank: Ja, Anzahl Hahnlöcher pro Waschplatz: 1 Mitte, Überlauf: Nein, Geschliffen, Rückwand glasiert: Nein, 500 mm",Keramik
23505000711,"DU Waschtisch Vero Air 500mm o.ÜL, m.HLB, 1HL, geschl., weiß, WG","Duravit Vero Air Waschtisch, Weiß Hochglanz, Rechteckig, Anzahl Waschplätze: 1 Mitte, Hahnlochbank: Ja, Anzahl Hahnlöcher pro Waschplatz: 1 Mitte, Überlauf: Nein, Geschliffen, WonderGliss, Rückwand glasiert: Nein, 500 mm",Keramik
2350500079,"DU Waschtisch Vero Air 500mm o.ÜL, m.HLB, o.HL, geschl., weiß","Duravit Vero Air Waschtisch, Weiß Hochglanz, Rechteckig, Anzahl Waschplätze: 1 Mitte, Hahnlochbank: Ja, Überlauf: Nein, Geschliffen, Rückwand glasiert: Nein, 500 mm",Keramik
23505000791,"DU Waschtisch Vero Air 500mm o.ÜL, m.HLB, o.HL, geschl., weiß, WG","Duravit Vero Air Waschtisch, Weiß Hochglanz, Rechteckig, Anzahl Waschplätze: 1 Mitte, Hahnlochbank: Ja, Überlauf: Nein, Geschliffen, WonderGliss, Rückwand glasiert: Nein, 500 mm",Keramik
2350600000,"DU Waschtisch Vero Air 600mm m. ÜL, m. HLB, 1 HL, weiß","Duravit Vero Air Waschtisch, Weiß Hochglanz, Rechteckig, Anzahl Waschplätze: 1 Mitte, Hahnlochbank: Ja, Anzahl Hahnlöcher pro Waschplatz: 1 Mitte, Überlauf: Ja, Von unten glasiert, Rückwand glasiert: Nein, 600 mm",Keramik
23506000001,"DU Waschtisch Vero Air 600mm m. ÜL, m. HLB, 1 HL, weiß, WG","Duravit Vero Air Waschtisch, Weiß Hochglanz, Rechteckig, Anzahl Waschplätze: 1 Mitte, Hahnlochbank: Ja, Anzahl Hahnlöcher pro Waschplatz: 1 Mitte, Überlauf: Ja, WonderGliss, Von unten glasiert, Rückwand glasiert: Nein, 600 mm",Keramik
2350600027,"DU Waschtisch Vero Air 600mm m.ÜL, m.HLB, 1 HL, geschl., weiß","Duravit Vero Air Waschtisch, Weiß Hochglanz, Rechteckig, Anzahl Waschplätze: 1 Mitte, Hahnlochbank: Ja, Anzahl Hahnlöcher pro Waschplatz: 1 Mitte, Überlauf: Ja, Geschliffen, Rückwand glasiert: Nein, 600 mm",Keramik
23506000271,"DU Waschtisch Vero Air 600mm m.ÜL, m.HLB, 1 HL, geschl., weiß, WG","Duravit Vero Air Waschtisch, Weiß Hochglanz, Rechteckig, Anzahl Waschplätze: 1 Mitte, Hahnlochbank: Ja, Anzahl Hahnlöcher pro Waschplatz: 1 Mitte, Überlauf: Ja, Geschliffen, WonderGliss, Rückwand glasiert: Nein, 600 mm",Keramik
2350600028,"DU Waschtisch Vero Air 600mm m.ÜL, m.HLB, o. HL, geschl., weiß","Duravit Vero Air Waschtisch, Weiß Hochglanz, Rechteckig, Anzahl Waschplätze: 1 Mitte, Hahnlochbank: Ja, Überlauf: Ja, Geschliffen, Rückwand glasiert: Nein, 600 mm",Keramik
23506000281,"DU Waschtisch Vero Air 600mm m.ÜL, m.HLB, o. HL, geschl., weiß, WG","Duravit Vero Air Waschtisch, Weiß Hochglanz, Rechteckig, Anzahl Waschplätze: 1 Mitte, Hahnlochbank: Ja, Überlauf: Ja, Geschliffen, WonderGliss, Rückwand glasiert: Nein, 600 mm",Keramik
2350600041,"DU Waschtisch Vero Air 600mm o.ÜL, m.HLB, 1 HL, weiß","Duravit Vero Air Waschtisch, Weiß Hochglanz, Rechteckig, Anzahl Waschplätze: 1 Mitte, Hahnlochbank: Ja, Anzahl Hahnlöcher pro Waschplatz: 1 Mitte, Überlauf: Nein, Von unten glasiert, Rückwand glasiert: Nein, 600 mm",Keramik
23506000411,"DU Waschtisch Vero Air 600mm o.ÜL, m.HLB, 1 HL, weiß, WG","Duravit Vero Air Waschtisch, Weiß Hochglanz, Rechteckig, Anzahl Waschplätze: 1 Mitte, Hahnlochbank: Ja, Anzahl Hahnlöcher pro Waschplatz: 1 Mitte, Überlauf: Nein, WonderGliss, Von unten glasiert, Rückwand glasiert: Nein, 600 mm",Keramik
2350600060,"DU Waschtisch Vero Air 600mm m.ÜL, m.HLB, o. HL, weiß","Duravit Vero Air Waschtisch, Weiß Hochglanz, Rechteckig, Anzahl Waschplätze: 1 Mitte, Hahnlochbank: Ja, Überlauf: Ja, Von unten glasiert, Rückwand glasiert: Nein, 600 mm",Keramik
23506000601,"DU Waschtisch Vero Air 600mm m.ÜL, m.HLB, o. HL, weiß, WG","Duravit Vero Air Waschtisch, Weiß Hochglanz, Rechteckig, Anzahl Waschplätze: 1 Mitte, Hahnlochbank: Ja, Überlauf: Ja, WonderGliss, Von unten glasiert, Rückwand glasiert: Nein, 600 mm",Keramik
2350600070,"DU Waschtisch Vero Air 600mm o.ÜL, m.HLB, o. HL, weiß","Duravit Vero Air Waschtisch, Weiß Hochglanz, Rechteckig, Anzahl Waschplätze: 1 Mitte, Hahnlochbank: Ja, Überlauf: Nein, Von unten glasiert, Rückwand glasiert: Nein, 600 mm",Keramik
23506000701,"DU Waschtisch Vero Air 600mm o.ÜL, m.HLB, o. HL, weiß, WG","Duravit Vero Air Waschtisch, Weiß Hochglanz, Rechteckig, Anzahl Waschplätze: 1 Mitte, Hahnlochbank: Ja, Überlauf: Nein, WonderGliss, Von unten glasiert, Rückwand glasiert: Nein, 600 mm",Keramik
2350600071,"DU Waschtisch Vero Air 600mm o.ÜL, m.HLB, 1HL, geschl., weiß","Duravit Vero Air Waschtisch, Weiß Hochglanz, Rechteckig, Anzahl Waschplätze: 1 Mitte, Hahnlochbank: Ja, Anzahl Hahnlöcher pro Waschplatz: 1 Mitte, Überlauf: Nein, Geschliffen, Rückwand glasiert: Nein, 600 mm",Keramik
23506000711,"DU Waschtisch Vero Air 600mm o.ÜL, m.HLB, 1HL, geschl., weiß, WG","Duravit Vero Air Waschtisch, Weiß Hochglanz, Rechteckig, Anzahl Waschplätze: 1 Mitte, Hahnlochbank: Ja, Anzahl Hahnlöcher pro Waschplatz: 1 Mitte, Überlauf: Nein, Geschliffen, WonderGliss, Rückwand glasiert: Nein, 600 mm",Keramik
2350600079,"DU Waschtisch Vero Air 600mm o.ÜL, m.HLB, o.HL, geschl., weiß","Duravit Vero Air Waschtisch, Weiß Hochglanz, Rechteckig, Anzahl Waschplätze: 1 Mitte, Hahnlochbank: Ja, Überlauf: Nein, Geschliffen, Rückwand glasiert: Nein, 600 mm",Keramik
23506000791,"DU Waschtisch Vero Air 600mm o.ÜL, m.HLB, o.HL, geschl., weiß, WG","Duravit Vero Air Waschtisch, Weiß Hochglanz, Rechteckig, Anzahl Waschplätze: 1 Mitte, Hahnlochbank: Ja, Überlauf: Nein, Geschliffen, WonderGliss, Rückwand glasiert: Nein, 600 mm",Keramik
2350700000,"DU Waschtisch Vero Air 700mm mit ÜL, mit HLB, mit 1 HL, weiß","Duravit Vero Air Waschtisch, Weiß Hochglanz, Rechteckig, Anzahl Waschplätze: 1 Mitte, Hahnlochbank: Ja, Anzahl Hahnlöcher pro Waschplatz: 1 Mitte, Überlauf: Ja, Von unten glasiert, Rückwand glasiert: Nein, 700 mm",Keramik
23507000001,"DU Waschtisch Vero Air 700mm m.ÜL, m.HLB, m.1 HL, weiß, WG","Duravit Vero Air Waschtisch, Weiß Hochglanz, Rechteckig, Anzahl Waschplätze: 1 Mitte, Hahnlochbank: Ja, Anzahl Hahnlöcher pro Waschplatz: 1 Mitte, Überlauf: Ja, WonderGliss, Von unten glasiert, Rückwand glasiert: Nein, 700 mm",Keramik
2350700027,"DU Waschtisch Vero Air 700mm m.ÜL,m.HLB,m.1HL,geschl.,weiß","Duravit Vero Air Waschtisch, Weiß Hochglanz, Rechteckig, Anzahl Waschplätze: 1 Mitte, Hahnlochbank: Ja, Anzahl Hahnlöcher pro Waschplatz: 1 Mitte, Überlauf: Ja, Geschliffen, Rückwand glasiert: Nein, 700 mm",Keramik
23507000271,"DU Waschtisch Vero Air 700mm m.ÜL,m.HLB,m.1HL,geschl.,weiß,WG","Duravit Vero Air Waschtisch, Weiß Hochglanz, Rechteckig, Anzahl Waschplätze: 1 Mitte, Hahnlochbank: Ja, Anzahl Hahnlöcher pro Waschplatz: 1 Mitte, Überlauf: Ja, Geschliffen, WonderGliss, Rückwand glasiert: Nein, 700 mm",Keramik
2350700028,"DU Waschtisch Vero Air 700mm m.ÜL,m.HLB,o.HL,geschl.,weiß","Duravit Vero Air Waschtisch, Weiß Hochglanz, Rechteckig, Anzahl Waschplätze: 1 Mitte, Hahnlochbank: Ja, Überlauf: Ja, Geschliffen, Rückwand glasiert: Nein, 700 mm",Keramik
23507000281,"DU Waschtisch Vero Air 700mm m.ÜL,m.HLB,o.HL,geschl.,weiß,WG","Duravit Vero Air Waschtisch, Weiß Hochglanz, Rechteckig, Anzahl Waschplätze: 1 Mitte, Hahnlochbank: Ja, Überlauf: Ja, Geschliffen, WonderGliss, Rückwand glasiert: Nein, 700 mm",Keramik
2350700041,"DU Waschtisch Vero Air 700mm o. ÜL, m. HLB, m. 1 HL, weiß","Duravit Vero Air Waschtisch, Weiß Hochglanz, Rechteckig, Anzahl Waschplätze: 1 Mitte, Hahnlochbank: Ja, Anzahl Hahnlöcher pro Waschplatz: 1 Mitte, Überlauf: Nein, Von unten glasiert, Rückwand glasiert: Nein, 700 mm",Keramik
23507000411,"DU Waschtisch Vero Air 700mm o. ÜL, m. HLB, m. 1 HL, weiß, WG","Duravit Vero Air Waschtisch, Weiß Hochglanz, Rechteckig, Anzahl Waschplätze: 1 Mitte, Hahnlochbank: Ja, Anzahl Hahnlöcher pro Waschplatz: 1 Mitte, Überlauf: Nein, WonderGliss, Von unten glasiert, Rückwand glasiert: Nein, 700 mm",Keramik
2350700060,"DU Waschtisch Vero Air 700mm m.ÜL, m.HLB, o.HL, weiß","Duravit Vero Air Waschtisch, Weiß Hochglanz, Rechteckig, Anzahl Waschplätze: 1 Mitte, Hahnlochbank: Ja, Überlauf: Ja, Von unten glasiert, Rückwand glasiert: Nein, 700 mm",Keramik
23507000601,"DU Waschtisch Vero Air 700mm m.ÜL, m.HLB, o.HL, weiß, WG","Duravit Vero Air Waschtisch, Weiß Hochglanz, Rechteckig, Anzahl Waschplätze: 1 Mitte, Hahnlochbank: Ja, Überlauf: Ja, WonderGliss, Von unten glasiert, Rückwand glasiert: Nein, 700 mm",Keramik
2350700070,"DU Waschtisch Vero Air 700mm o. ÜL, m. HLB, o. HL, weiß","Duravit Vero Air Waschtisch, Weiß Hochglanz, Rechteckig, Anzahl Waschplätze: 1 Mitte, Hahnlochbank: Ja, Überlauf: Nein, Von unten glasiert, Rückwand glasiert: Nein, 700 mm",Keramik
23507000701,"DU Waschtisch Vero Air 700mm o. ÜL, m. HLB, o. HL, weiß, WG","Duravit Vero Air Waschtisch, Weiß Hochglanz, Rechteckig, Anzahl Waschplätze: 1 Mitte, Hahnlochbank: Ja, Überlauf: Nein, WonderGliss, Von unten glasiert, Rückwand glasiert: Nein, 700 mm",Keramik
2350700071,"DU Waschtisch Vero Air 700mm o.ÜL,m.HLB,m.1HL,geschl.,weiß","Duravit Vero Air Waschtisch, Weiß Hochglanz, Rechteckig, Anzahl Waschplätze: 1 Mitte, Hahnlochbank: Ja, Anzahl Hahnlöcher pro Waschplatz: 1 Mitte, Überlauf: Nein, Geschliffen, Rückwand glasiert: Nein, 700 mm",Keramik
23507000711,"DU Waschtisch Vero Air 700mm o.ÜL,m.HLB,m.1HL,geschl.,weiß,WG","Duravit Vero Air Waschtisch, Weiß Hochglanz, Rechteckig, Anzahl Waschplätze: 1 Mitte, Hahnlochbank: Ja, Anzahl Hahnlöcher pro Waschplatz: 1 Mitte, Überlauf: Nein, Geschliffen, WonderGliss, Rückwand glasiert: Nein, 700 mm",Keramik
2350700079,"DU Waschtisch Vero Air 700mm o.ÜL,m.HLB,o.HL,geschl.,weiß","Duravit Vero Air Waschtisch, Weiß Hochglanz, Rechteckig, Anzahl Waschplätze: 1 Mitte, Hahnlochbank: Ja, Überlauf: Nein, Geschliffen, Rückwand glasiert: Nein, 700 mm",Keramik
23507000791,"DU Waschtisch Vero Air 700mm o.ÜL,m.HLB,o.HL,geschl.,weiß,WG","Duravit Vero Air Waschtisch, Weiß Hochglanz, Rechteckig, Anzahl Waschplätze: 1 Mitte, Hahnlochbank: Ja, Überlauf: Nein, Geschliffen, WonderGliss, Rückwand glasiert: Nein, 700 mm",Keramik
2350800000,"DU Waschtisch Vero Air 800mm m. ÜL, m. HLB, 1 HL, weiß","Duravit Vero Air Waschtisch, Weiß Hochglanz, Rechteckig, Anzahl Waschplätze: 1 Mitte, Hahnlochbank: Ja, Anzahl Hahnlöcher pro Waschplatz: 1 Mitte, Überlauf: Ja, Von unten glasiert, Rückwand glasiert: Nein, 800 mm",Keramik
23508000001,"DU Waschtisch Vero Air 800mm m. ÜL, m. HLB, 1 HL, weiß, WG","Duravit Vero Air Waschtisch, Weiß Hochglanz, Rechteckig, Anzahl Waschplätze: 1 Mitte, Hahnlochbank: Ja, Anzahl Hahnlöcher pro Waschplatz: 1 Mitte, Überlauf: Ja, WonderGliss, Von unten glasiert, Rückwand glasiert: Nein, 800 mm",Keramik
2350800027,"DU Waschtisch Vero Air 800mm m.ÜL, m.HLB, 1HL, geschl., weiß","Duravit Vero Air Waschtisch, Weiß Hochglanz, Rechteckig, Anzahl Waschplätze: 1 Mitte, Hahnlochbank: Ja, Anzahl Hahnlöcher pro Waschplatz: 1 Mitte, Überlauf: Ja, Geschliffen, Rückwand glasiert: Nein, 800 mm",Keramik
23508000271,"DU Waschtisch Vero Air 800mm m.ÜL, m.HLB, 1HL, geschl., weiß, WG","Duravit Vero Air Waschtisch, Weiß Hochglanz, Rechteckig, Anzahl Waschplätze: 1 Mitte, Hahnlochbank: Ja, Anzahl Hahnlöcher pro Waschplatz: 1 Mitte, Überlauf: Ja, Geschliffen, WonderGliss, Rückwand glasiert: Nein, 800 mm",Keramik
2350800028,"DU Waschtisch Vero Air 800mm m.ÜL, m.HLB, o.HL, geschl., weiß","Duravit Vero Air Waschtisch, Weiß Hochglanz, Rechteckig, Anzahl Waschplätze: 1 Mitte, Hahnlochbank: Ja, Überlauf: Ja, Geschliffen, Rückwand glasiert: Nein, 800 mm",Keramik
23508000281,"DU Waschtisch Vero Air 800mm m.ÜL,m.HLB,o.HL,geschl.,weiß,WG","Duravit Vero Air Waschtisch, Weiß Hochglanz, Rechteckig, Anzahl Waschplätze: 1 Mitte, Hahnlochbank: Ja, Überlauf: Ja, Geschliffen, WonderGliss, Rückwand glasiert: Nein, 800 mm",Keramik
2350800041,"DU Waschtisch Vero Air 800mm o. ÜL, m. HLB, 1 HL, weiß","Duravit Vero Air Waschtisch, Weiß Hochglanz, Rechteckig, Anzahl Waschplätze: 1 Mitte, Hahnlochbank: Ja, Anzahl Hahnlöcher pro Waschplatz: 1 Mitte, Überlauf: Nein, Von unten glasiert, Rückwand glasiert: Nein, 800 mm",Keramik
23508000411,"DU Waschtisch Vero Air 800mm o. ÜL, m. HLB, 1 HL, weiß, WG","Duravit Vero Air Waschtisch, Weiß Hochglanz, Rechteckig, Anzahl Waschplätze: 1 Mitte, Hahnlochbank: Ja, Anzahl Hahnlöcher pro Waschplatz: 1 Mitte, Überlauf: Nein, WonderGliss, Von unten glasiert, Rückwand glasiert: Nein, 800 mm",Keramik
2350800060,"DU Waschtisch Vero Air 800mm m. ÜL, m. HLB, o. HL, weiß","Duravit Vero Air Waschtisch, Weiß Hochglanz, Rechteckig, Anzahl Waschplätze: 1 Mitte, Hahnlochbank: Ja, Überlauf: Ja, Von unten glasiert, Rückwand glasiert: Nein, 800 mm",Keramik
23508000601,"DU Waschtisch Vero Air 800mm m. ÜL, m. HLB, o. HL, weiß, WG","Duravit Vero Air Waschtisch, Weiß Hochglanz, Rechteckig, Anzahl Waschplätze: 1 Mitte, Hahnlochbank: Ja, Überlauf: Ja, WonderGliss, Von unten glasiert, Rückwand glasiert: Nein, 800 mm",Keramik
2350800070,"DU Waschtisch Vero Air 800mm o. ÜL, m. HLB, o. HL, weiß","Duravit Vero Air Waschtisch, Weiß Hochglanz, Rechteckig, Anzahl Waschplätze: 1 Mitte, Hahnlochbank: Ja, Überlauf: Nein, Von unten glasiert, Rückwand glasiert: Nein, 800 mm",Keramik
23508000701,"DU Waschtisch Vero Air 800mm o. ÜL, m. HLB, o. HL, weiß, WG","Duravit Vero Air Waschtisch, Weiß Hochglanz, Rechteckig, Anzahl Waschplätze: 1 Mitte, Hahnlochbank: Ja, Überlauf: Nein, WonderGliss, Von unten glasiert, Rückwand glasiert: Nein, 800 mm",Keramik
2350800071,"DU Waschtisch Vero Air 800mm o.ÜL,m.HLB,1HL,geschl.,weiß","Duravit Vero Air Waschtisch, Weiß Hochglanz, Rechteckig, Anzahl Waschplätze: 1 Mitte, Hahnlochbank: Ja, Anzahl Hahnlöcher pro Waschplatz: 1 Mitte, Überlauf: Nein, Geschliffen, Rückwand glasiert: Nein, 800 mm",Keramik
23508000711,"DU Waschtisch Vero Air 800mm o.ÜL,m.HLB,1HL,geschl.,weiß,WG","Duravit Vero Air Waschtisch, Weiß Hochglanz, Rechteckig, Anzahl Waschplätze: 1 Mitte, Hahnlochbank: Ja, Anzahl Hahnlöcher pro Waschplatz: 1 Mitte, Überlauf: Nein, Geschliffen, WonderGliss, Rückwand glasiert: Nein, 800 mm",Keramik
2350800079,"DU Waschtisch Vero Air 800mm o.ÜL,m.HLB,o.HL,geschl.,weiß","Duravit Vero Air Waschtisch, Weiß Hochglanz, Rechteckig, Anzahl Waschplätze: 1 Mitte, Hahnlochbank: Ja, Überlauf: Nein, Geschliffen, Rückwand glasiert: Nein, 800 mm",Keramik
23508000791,"DU Waschtisch Vero Air 800mm o.ÜL,m.HLB,o.HL,geschl.,weiß,WG","Duravit Vero Air Waschtisch, Weiß Hochglanz, Rechteckig, Anzahl Waschplätze: 1 Mitte, Hahnlochbank: Ja, Überlauf: Nein, Geschliffen, WonderGliss, Rückwand glasiert: Nein, 800 mm",Keramik
2351500000,"DU Aufsatzbecken Vero Air 500mm o. ÜL, o. HLB, geschliffen","Duravit Vero Air Aufsatzbecken, Weiß Hochglanz, Rechteckig, Anzahl Waschplätze: 1 Mitte, Hahnlochbank: Nein, Überlauf: Nein, Geschliffen, Rückwand glasiert: Nein, 500 mm",Keramik
23515000001,"DU Aufsatzbecken Vero Air 500mm o.ÜL,o.HLB,geschliffen,WonderGliss","Duravit Vero Air Aufsatzbecken, Weiß Hochglanz, Rechteckig, Anzahl Waschplätze: 1 Mitte, Hahnlochbank: Nein, Überlauf: Nein, Geschliffen, WonderGliss, Rückwand glasiert: Nein, 500 mm",Keramik
2351600000,"DU Aufsatzbecken Vero Air 600mm o. ÜL, o.HLB, geschl., weiß","Duravit Vero Air Aufsatzbecken, Weiß Hochglanz, Rechteckig, Anzahl Waschplätze: 1 Mitte, Hahnlochbank: Nein, Überlauf: Nein, Geschliffen, 600 mm",Keramik
23516000001,"DU Aufsatzbecken Vero Air 600mm o. ÜL, o.HLB, geschl., weiß, WG","Duravit Vero Air Aufsatzbecken, Weiß Hochglanz, Rechteckig, Anzahl Waschplätze: 1 Mitte, Hahnlochbank: Nein, Überlauf: Nein, Geschliffen, WonderGliss, 600 mm",Keramik
2352500000,"DU Aufsatzbecken Vero Air 500mm,weiß m.ÜL,m.HLB,1HL,geschl.,RWglasiert","Duravit Vero Air Aufsatzbecken, Weiß Hochglanz, Rechteckig, Anzahl Waschplätze: 1 Mitte, Hahnlochbank: Ja, Anzahl Hahnlöcher pro Waschplatz: 1 Mitte, Überlauf: Ja, Geschliffen, Rückwand glasiert: Ja, 500 mm",Keramik
23525000001,"DU Aufsatzbecken Vero Air 500mm,weiß m.ÜL,m.HLB,1HL,geschl.,RWglasiert,WG","Duravit Vero Air Aufsatzbecken, Weiß Hochglanz, Rechteckig, Anzahl Waschplätze: 1 Mitte, Hahnlochbank: Ja, Anzahl Hahnlöcher pro Waschplatz: 1 Mitte, Überlauf: Ja, Geschliffen, WonderGliss, Rückwand glasiert: Ja, 500 mm",Keramik
2352500041,"DU Aufsatzbecken Vero Air 500mm,weiß o.ÜL,m.HLB,1HL,geschl.,RWglasiert","Duravit Vero Air Aufsatzbecken, Weiß Hochglanz, Rechteckig, Anzahl Waschplätze: 1 Mitte, Hahnlochbank: Ja, Anzahl Hahnlöcher pro Waschplatz: 1 Mitte, Überlauf: Nein, Geschliffen, Rückwand glasiert: Ja, 500 mm",Keramik
23525000411,"DU Aufsatzbecken Vero Air 500mm,weiß o.ÜL,m.HLB,1HL,geschl.,RWglasiert,WG","Duravit Vero Air Aufsatzbecken, Weiß Hochglanz, Rechteckig, Anzahl Waschplätze: 1 Mitte, Hahnlochbank: Ja, Anzahl Hahnlöcher pro Waschplatz: 1 Mitte, Überlauf: Nein, Geschliffen, WonderGliss, Rückwand glasiert: Ja, 500 mm",Keramik
2352500060,"DU Aufsatzbecken Vero Air 500mm,weiß m.ÜL,m.HLB,o.HL,geschl.,RWglasiert","Duravit Vero Air Aufsatzbecken, Weiß Hochglanz, Rechteckig, Anzahl Waschplätze: 1 Mitte, Hahnlochbank: Ja, Überlauf: Ja, Geschliffen, Rückwand glasiert: Ja, 500 mm",Keramik
23525000601,"DU Aufsatzbecken Vero Air 500mm,weiß m.ÜL,m.HLB,o.HL,geschl.,RWglasiert,WG","Duravit Vero Air Aufsatzbecken, Weiß Hochglanz, Rechteckig, Anzahl Waschplätze: 1 Mitte, Hahnlochbank: Ja, Überlauf: Ja, Geschliffen, WonderGliss, Rückwand glasiert: Ja, 500 mm",Keramik
2352500070,"DU Aufsatzbecken Vero Air 500mm,weiß o.ÜL,m.HLB,o.HL,geschl.,RWglasiert","Duravit Vero Air Aufsatzbecken, Weiß Hochglanz, Rechteckig, Anzahl Waschplätze: 1 Mitte, Hahnlochbank: Ja, Überlauf: Nein, Geschliffen, Rückwand glasiert: Ja, 500 mm",Keramik
23525000701,"DU Aufsatzbecken Vero Air 500mm,weiß o.ÜL,m.HLB,o.HL,geschl.,RWglasiert,WG","Duravit Vero Air Aufsatzbecken, Weiß Hochglanz, Rechteckig, Anzahl Waschplätze: 1 Mitte, Hahnlochbank: Ja, Überlauf: Nein, Geschliffen, WonderGliss, Rückwand glasiert: Ja, 500 mm",Keramik
2352600000,"DU Aufsatzbecken Vero Air 600mm m. ÜL, m. HLB, 1 HL, geschl., weiß","Duravit Vero Air Aufsatzbecken, Weiß Hochglanz, Rechteckig, Anzahl Waschplätze: 1 Mitte, Hahnlochbank: Ja, Anzahl Hahnlöcher pro Waschplatz: 1 Mitte, Überlauf: Ja, Geschliffen, Rückwand glasiert: Ja, 600 mm",Keramik
23526000001,"DU Aufsatzbecken Vero Air 600mm m.ÜL, m.HLB, 1HL, geschl., weiß, WG","Duravit Vero Air Aufsatzbecken, Weiß Hochglanz, Rechteckig, Anzahl Waschplätze: 1 Mitte, Hahnlochbank: Ja, Anzahl Hahnlöcher pro Waschplatz: 1 Mitte, Überlauf: Ja, Geschliffen, WonderGliss, Rückwand glasiert: Ja, 600 mm",Keramik
2352600041,"DU Aufsatzbecken Vero Air 600mm o.ÜL, m.HLB, 1HL, geschl., weiß","Duravit Vero Air Aufsatzbecken, Weiß Hochglanz, Rechteckig, Anzahl Waschplätze: 1 Mitte, Hahnlochbank: Ja, Anzahl Hahnlöcher pro Waschplatz: 1 Mitte, Überlauf: Nein, Geschliffen, Rückwand glasiert: Ja, 600 mm",Keramik
23526000411,"DU Aufsatzbecken Vero Air 600mm o.ÜL, m.HLB, 1HL, geschl., weiß, WG","Duravit Vero Air Aufsatzbecken, Weiß Hochglanz, Rechteckig, Anzahl Waschplätze: 1 Mitte, Hahnlochbank: Ja, Anzahl Hahnlöcher pro Waschplatz: 1 Mitte, Überlauf: Nein, Geschliffen, WonderGliss, Rückwand glasiert: Ja, 600 mm",Keramik
2352600060,"DU Aufsatzbecken Vero Air 600mm m.ÜL, m.HLB, o.HL, geschl., weiß","Duravit Vero Air Aufsatzbecken, Weiß Hochglanz, Rechteckig, Anzahl Waschplätze: 1 Mitte, Hahnlochbank: Ja, Überlauf: Ja, Geschliffen, Rückwand glasiert: Ja, 600 mm",Keramik
23526000601,"DU Aufsatzbecken Vero Air 600mm m.ÜL, m.HLB, o.HL, geschl., weiß, WG","Duravit Vero Air Aufsatzbecken, Weiß Hochglanz, Rechteckig, Anzahl Waschplätze: 1 Mitte, Hahnlochbank: Ja, Überlauf: Ja, Geschliffen, WonderGliss, Rückwand glasiert: Ja, 600 mm",Keramik
2352600070,"DU Aufsatzbecken Vero Air 600mm o.ÜL, m.HLB, o.HL, geschl., weiß","Duravit Vero Air Aufsatzbecken, Weiß Hochglanz, Rechteckig, Anzahl Waschplätze: 1 Mitte, Hahnlochbank: Ja, Überlauf: Nein, Geschliffen, Rückwand glasiert: Ja, 600 mm",Keramik
23526000701,"DU Aufsatzbecken Vero Air 600mm o.ÜL, m.HLB, o.HL, geschl., weiß, WG","Duravit Vero Air Aufsatzbecken, Weiß Hochglanz, Rechteckig, Anzahl Waschplätze: 1 Mitte, Hahnlochbank: Ja, Überlauf: Nein, Geschliffen, WonderGliss, Rückwand glasiert: Ja, 600 mm",Keramik
2353100041,"DU Möbel-WT DuraSquare 1000mm o.ÜL, m.HLB, 1HL mitte, weiß","Duravit DuraSquare Waschtisch, Weiß Hochglanz, DuraCeram®, Rechteckig, Anzahl Waschplätze: 1 Mitte, Hahnlochbank: Ja, Anzahl Hahnlöcher pro Waschplatz: 1 Mitte, Überlauf: Nein, Inkl. Keramische Ventilabdeckhaube, Inkl. Schaftventil, Von unten glasiert, Rückwand glasiert: Nein, 1000 mm",Keramik
23531000411,"DU Möbel-WT DuraSquare 1000mm o.ÜL, m.HLB, 1 HL mitte, weiß, WG","Duravit DuraSquare Waschtisch, Weiß Hochglanz, DuraCeram®, Rechteckig, Anzahl Waschplätze: 1 Mitte, Hahnlochbank: Ja, Anzahl Hahnlöcher pro Waschplatz: 1 Mitte, Überlauf: Nein, WonderGliss, Inkl. Keramische Ventilabdeckhaube, Inkl. Schaftventil, Von unten glasiert, Rückwand glasiert: Nein, 1000 mm",Keramik
2353100043,"DU Möbel-WT DuraSquare 1000 mm o.ÜL, m.HLB, 2 HL, 1 Becken, weiß","Duravit DuraSquare Waschtisch, Weiß Hochglanz, DuraCeram®, Rechteckig, Anzahl Waschplätze: 2 Mitte, Hahnlochbank: Ja, Anzahl Hahnlöcher pro Waschplatz: 1 Links, Rechts, Überlauf: Nein, Inkl. Keramische Ventilabdeckhaube, Inkl. Schaftventil, Von unten glasiert, Rückwand glasiert: Nein, 1000 mm",Keramik
23531000431,"DU Möbel-WT DuraSquare 1000 mm o.ÜL, m.HLB, 2 HL, 1 Becken, weiß, WG","Duravit DuraSquare Waschtisch, Weiß Hochglanz, DuraCeram®, Rechteckig, Anzahl Waschplätze: 2 Mitte, Hahnlochbank: Ja, Anzahl Hahnlöcher pro Waschplatz: 1 Links, Rechts, Überlauf: Nein, WonderGliss, Inkl. Keramische Ventilabdeckhaube, Inkl. Schaftventil, Von unten glasiert, Rückwand glasiert: Nein, 1000 mm",Keramik
2353100070,"DU Möbel-WT DuraSquare 1000mm o.ÜL, m.HLB, o.HL, weiß","Duravit DuraSquare Waschtisch, Weiß Hochglanz, DuraCeram®, Rechteckig, Anzahl Waschplätze: 1 Mitte, Hahnlochbank: Ja, Überlauf: Nein, Inkl. Keramische Ventilabdeckhaube, Inkl. Schaftventil, Von unten glasiert, Rückwand glasiert: Nein, 1000 mm",Keramik
23531000701,"DU Möbel-WT DuraSquare 1000mm o.ÜL, m.HLB, o.HL, weiß, WG","Duravit DuraSquare Waschtisch, Weiß Hochglanz, DuraCeram®, Rechteckig, Anzahl Waschplätze: 1 Mitte, Hahnlochbank: Ja, Überlauf: Nein, WonderGliss, Inkl. Keramische Ventilabdeckhaube, Inkl. Schaftventil, Von unten glasiert, Rückwand glasiert: Nein, 1000 mm",Keramik
2353100071,"DU Möbel-WT DuraSquare 1000mm o.ÜL, m.HLB, 1HL mitte,geschl., weiß","Duravit DuraSquare Waschtisch, Weiß Hochglanz, DuraCeram®, Rechteckig, Anzahl Waschplätze: 1 Mitte, Hahnlochbank: Ja, Anzahl Hahnlöcher pro Waschplatz: 1 Mitte, Überlauf: Nein, Geschliffen, Inkl. Keramische Ventilabdeckhaube, Inkl. Schaftventil, Von unten glasiert, Rückwand glasiert: Nein, 1000 mm",Keramik
23531000711,"DU Möbel-WT DuraSquare 1000mm o.ÜL, m.HLB, 1HL mitte, geschl.,weiß,WG","Duravit DuraSquare Waschtisch, Weiß Hochglanz, DuraCeram®, Rechteckig, Anzahl Waschplätze: 1 Mitte, Hahnlochbank: Ja, Anzahl Hahnlöcher pro Waschplatz: 1 Mitte, Überlauf: Nein, Geschliffen, WonderGliss, Inkl. Keramische Ventilabdeckhaube, Inkl. Schaftventil, Von unten glasiert, Rückwand glasiert: Nein, 1000 mm",Keramik
2353100072,"DU Möbel-WT DuraSquare 1000 mm o.ÜL, 2 HL, 1 Becken, geschl., weiß","Duravit DuraSquare Waschtisch, Weiß Hochglanz, DuraCeram®, Rechteckig, Anzahl Waschplätze: 2 Mitte, Hahnlochbank: Ja, Anzahl Hahnlöcher pro Waschplatz: 1 Mitte, Überlauf: Nein, Geschliffen, Inkl. Keramische Ventilabdeckhaube, Inkl. Schaftventil, Von unten glasiert, Rückwand glasiert: Nein, 1000 mm",Keramik
23531000721,"DU Möbel-WT DuraSquare 1000 mm o.ÜL, 2 HL, 1 Becken, geschl., weiß, WG","Duravit DuraSquare Waschtisch, Weiß Hochglanz, DuraCeram®, Rechteckig, Anzahl Waschplätze: 2 Mitte, Hahnlochbank: Ja, Anzahl Hahnlöcher pro Waschplatz: 1 Mitte, Überlauf: Nein, Geschliffen, WonderGliss, Inkl. Keramische Ventilabdeckhaube, Inkl. Schaftventil, Von unten glasiert, Rückwand glasiert: Nein, 1000 mm",Keramik
2353100079,"DU Möbel-WT DuraSquare 1000mm o.ÜL, m.HLB, o.HL, geschl., weiß","Duravit DuraSquare Waschtisch, Weiß Hochglanz, DuraCeram®, Rechteckig, Anzahl Waschplätze: 1 Mitte, Hahnlochbank: Ja, Überlauf: Nein, Geschliffen, Inkl. Keramische Ventilabdeckhaube, Inkl. Schaftventil, Von unten glasiert, Rückwand glasiert: Nein, 1000 mm",Keramik
23531000791,"DU Möbel-WT DuraSquare 1000mm o.ÜL, m.HLB, o.HL, geschl., weiß, WG","Duravit DuraSquare Waschtisch, Weiß Hochglanz, DuraCeram®, Rechteckig, Anzahl Waschplätze: 1 Mitte, Hahnlochbank: Ja, Überlauf: Nein, Geschliffen, WonderGliss, Inkl. Keramische Ventilabdeckhaube, Inkl. Schaftventil, Von unten glasiert, Rückwand glasiert: Nein, 1000 mm",Keramik
2353120041,"DU Doppel-WT,Möbel-DWT DuraSquare 1200mm o.ÜL, 1 HL je Becken, weiß","Duravit DuraSquare Waschtisch, Weiß Hochglanz, DuraCeram®, Rechteckig, Anzahl Waschplätze: 2 Mitte, Hahnlochbank: Ja, Anzahl Hahnlöcher pro Waschplatz: 1 Mitte, Überlauf: Nein, Inkl. Keramische Ventilabdeckhaube, Inkl. Schaftventil, Von unten glasiert, Rückwand glasiert: Nein, 1200 mm",Keramik
23531200411,"DU Doppel-WT,Möbel-DWT DuraSquare 1200mm o.ÜL, 1 HL je Becken, weiß, WG","Duravit DuraSquare Waschtisch, Weiß Hochglanz, DuraCeram®, Rechteckig, Anzahl Waschplätze: 2 Mitte, Hahnlochbank: Ja, Anzahl Hahnlöcher pro Waschplatz: 1 Mitte, Überlauf: Nein, WonderGliss, Inkl. Keramische Ventilabdeckhaube, Inkl. Schaftventil, Von unten glasiert, Rückwand glasiert: Nein, 1200 mm",Keramik
2353120070,"DU Doppel-WT,Möbel-DWT DuraSquare 1200mm o.ÜL, m.HLB, o.HL je Becken, weiß","Duravit DuraSquare Waschtisch, Weiß Hochglanz, DuraCeram®, Rechteckig, Anzahl Waschplätze: 2 Mitte, Hahnlochbank: Ja, Überlauf: Nein, Inkl. Keramische Ventilabdeckhaube, Inkl. Schaftventil, Von unten glasiert, Rückwand glasiert: Nein, 1200 mm",Keramik
23531200701,"DU Doppel-WT,Möbel-DWT DuraSquare 1200mm o.ÜL, m.HLB, o.HL je Becken, weiß, WG","Duravit DuraSquare Waschtisch, Weiß Hochglanz, DuraCeram®, Rechteckig, Anzahl Waschplätze: 2 Mitte, Hahnlochbank: Ja, Überlauf: Nein, WonderGliss, Inkl. Keramische Ventilabdeckhaube, Inkl. Schaftventil, Von unten glasiert, Rückwand glasiert: Nein, 1200 mm",Keramik
2353120071,"DU Doppel-WT,Möbel-DWT DuraSquare 1200mm o.ÜL, 1 HL je Becken, geschl., weiß","Duravit DuraSquare Waschtisch, Weiß Hochglanz, DuraCeram®, Rechteckig, Anzahl Waschplätze: 2 Mitte, Hahnlochbank: Ja, Anzahl Hahnlöcher pro Waschplatz: 1 Mitte, Überlauf: Nein, Geschliffen, Inkl. Keramische Ventilabdeckhaube, Inkl. Schaftventil, Rückwand glasiert: Nein, 1200 mm",Keramik
23531200711,"DU Doppel-WT,Möbel-DWT DuraSquare 1200mm o.ÜL, 1HL je Becken, geschl., weiß, WG","Duravit DuraSquare Waschtisch, Weiß Hochglanz, DuraCeram®, Rechteckig, Anzahl Waschplätze: 2 Mitte, Hahnlochbank: Ja, Anzahl Hahnlöcher pro Waschplatz: 1 Mitte, Überlauf: Nein, Geschliffen, WonderGliss, Inkl. Keramische Ventilabdeckhaube, Inkl. Schaftventil, Rückwand glasiert: Nein, 1200 mm",Keramik
2353120079,"DU Doppel-WT,Möbel-DWT DuraSquare 1200mm o.ÜL, o.HL je Becken, geschl., weiß","Duravit DuraSquare Waschtisch, Weiß Hochglanz, DuraCeram®, Rechteckig, Anzahl Waschplätze: 2 Mitte, Hahnlochbank: Ja, Überlauf: Nein, Geschliffen, Inkl. Keramische Ventilabdeckhaube, Inkl. Schaftventil, Rückwand glasiert: Nein, 1200 mm",Keramik
23531200791,"DU Doppel-WT,Möbel-DWT DuraSquare 1200mm o.ÜL, o.HL je Becken, geschl., weiß, WG","Duravit DuraSquare Waschtisch, Weiß Hochglanz, DuraCeram®, Rechteckig, Anzahl Waschplätze: 1, Hahnlochbank: Ja, Überlauf: Nein, Geschliffen, WonderGliss, Inkl. Keramische Ventilabdeckhaube, Inkl. Schaftventil, Rückwand glasiert: Nein, 1200 mm",Keramik
2353500041,"DU Möbel-WT DuraSquare 500mm, Weiß o.ÜL, m.HLB, 1 HL","Duravit DuraSquare Waschtisch, Weiß Hochglanz, DuraCeram®, Rechteckig, Anzahl Waschplätze: 1 Mitte, Hahnlochbank: Ja, Anzahl Hahnlöcher pro Waschplatz: 1 Mitte, Überlauf: Nein, Inkl. Keramische Ventilabdeckhaube, Inkl. Schaftventil, Von unten glasiert, Rückwand glasiert: Nein, 500 mm",Keramik
23535000411,"DU Möbel-WT DuraSquare 500mm, Weiß o.ÜL, m.HLB, 1 HL, WG","Duravit DuraSquare Waschtisch, Weiß Hochglanz, DuraCeram®, Rechteckig, Anzahl Waschplätze: 1 Mitte, Hahnlochbank: Ja, Anzahl Hahnlöcher pro Waschplatz: 1 Mitte, Überlauf: Nein, WonderGliss, Inkl. Keramische Ventilabdeckhaube, Inkl. Schaftventil, Von unten glasiert, Rückwand glasiert: Nein, 500 mm",Keramik
2353500070,"DU Möbel-WT DuraSquare 500mm, Weiß o.ÜL, m.HLB, o.HL","Duravit DuraSquare Waschtisch, Weiß Hochglanz, DuraCeram®, Rechteckig, Anzahl Waschplätze: 1 Mitte, Hahnlochbank: Ja, Überlauf: Nein, Inkl. Keramische Ventilabdeckhaube, Inkl. Schaftventil, Von unten glasiert, Rückwand glasiert: Nein, 500 mm",Keramik
23535000701,"DU Möbel-WT DuraSquare 500mm, Weiß o.ÜL, m.HLB, o.HL, WG","Duravit DuraSquare Waschtisch, Weiß Hochglanz, DuraCeram®, Rechteckig, Anzahl Waschplätze: 1 Mitte, Hahnlochbank: Ja, Überlauf: Nein, WonderGliss, Inkl. Keramische Ventilabdeckhaube, Inkl. Schaftventil, Von unten glasiert, Rückwand glasiert: Nein, 500 mm",Keramik
2353500071,"DU Möbel-WT DuraSquare 500mm, Weiß o.ÜL, m.HLB, 1 HL, geschliffen","Duravit DuraSquare Waschtisch, Weiß Hochglanz, DuraCeram®, Rechteckig, Anzahl Waschplätze: 1 Mitte, Hahnlochbank: Ja, Anzahl Hahnlöcher pro Waschplatz: 1 Mitte, Überlauf: Nein, Geschliffen, Inkl. Keramische Ventilabdeckhaube, Inkl. Schaftventil, Von unten glasiert, Rückwand glasiert: Nein, 500 mm",Keramik
23535000711,"DU Möbel-WT DuraSquare 500mm, Weiß o.ÜL, m.HLB, 1 HL, geschliffen, WG","Duravit DuraSquare Waschtisch, Weiß Hochglanz, DuraCeram®, Rechteckig, Anzahl Waschplätze: 1 Mitte, Hahnlochbank: Ja, Anzahl Hahnlöcher pro Waschplatz: 1 Mitte, Überlauf: Nein, Geschliffen, WonderGliss, Inkl. Keramische Ventilabdeckhaube, Inkl. Schaftventil, Von unten glasiert, Rückwand glasiert: Nein, 500 mm",Keramik
2353500079,"DU Möbel-WT DuraSquare 500mm, Weiß o.ÜL, m.HLB, o.HL, geschliffen","Duravit DuraSquare Waschtisch, Weiß Hochglanz, DuraCeram®, Rechteckig, Anzahl Waschplätze: 1 Mitte, Hahnlochbank: Ja, Überlauf: Nein, Geschliffen, Inkl. Keramische Ventilabdeckhaube, Inkl. Schaftventil, Von unten glasiert, Rückwand glasiert: Nein, 500 mm",Keramik
23535000791,"DU Möbel-WT DuraSquare 500mm, Weiß o.ÜL, m.HLB, o.HL, geschliffen, WG","Duravit DuraSquare Waschtisch, Weiß Hochglanz, DuraCeram®, Rechteckig, Anzahl Waschplätze: 1 Mitte, Hahnlochbank: Ja, Überlauf: Nein, Geschliffen, WonderGliss, Inkl. Keramische Ventilabdeckhaube, Inkl. Schaftventil, Von unten glasiert, Rückwand glasiert: Nein, 500 mm",Keramik
2353600041,"DU Waschtisch DuraSquare 600mm o. ÜL, m. HLB, 1 HL, weiß","Duravit DuraSquare Waschtisch, Weiß Hochglanz, DuraCeram®, Rechteckig, Anzahl Waschplätze: 1 Mitte, Hahnlochbank: Ja, Anzahl Hahnlöcher pro Waschplatz: 1 Mitte, Überlauf: Nein, Inkl. Keramische Ventilabdeckhaube, Inkl. Schaftventil, Von unten glasiert, Rückwand glasiert: Nein, 600 mm",Keramik
23536000411,"DU Waschtisch DuraSquare 600mm o. ÜL, m. HLB, 1 HL, weiß, WG","Duravit DuraSquare Waschtisch, Weiß Hochglanz, DuraCeram®, Rechteckig, Anzahl Waschplätze: 1 Mitte, Hahnlochbank: Ja, Anzahl Hahnlöcher pro Waschplatz: 1 Mitte, Überlauf: Nein, WonderGliss, Inkl. Keramische Ventilabdeckhaube, Inkl. Schaftventil, Von unten glasiert, Rückwand glasiert: Nein, 600 mm",Keramik
2353600070,"DU Waschtisch DuraSquare 600mm o. ÜL, m. HLB, o. HL, weiß","Duravit DuraSquare Waschtisch, Weiß Hochglanz, DuraCeram®, Rechteckig, Anzahl Waschplätze: 1 Mitte, Hahnlochbank: Ja, Überlauf: Nein, Inkl. Keramische Ventilabdeckhaube, Inkl. Schaftventil, Von unten glasiert, Rückwand glasiert: Nein, 600 mm",Keramik
23536000701,"DU Waschtisch DuraSquare 600mm o. ÜL, m. HLB, o. HL, weiß, WG","Duravit DuraSquare Waschtisch, Weiß Hochglanz, DuraCeram®, Rechteckig, Anzahl Waschplätze: 1 Mitte, Hahnlochbank: Ja, Überlauf: Nein, WonderGliss, Inkl. Keramische Ventilabdeckhaube, Inkl. Schaftventil, Von unten glasiert, Rückwand glasiert: Nein, 600 mm",Keramik
2353600071,"DU Waschtisch DuraSquare 600mm o.ÜL, m.HLB, 1 HL, geschl., weiß","Duravit DuraSquare Waschtisch, Weiß Hochglanz, DuraCeram®, Rechteckig, Anzahl Waschplätze: 1 Mitte, Hahnlochbank: Ja, Anzahl Hahnlöcher pro Waschplatz: 1 Mitte, Überlauf: Nein, Geschliffen, Inkl. Keramische Ventilabdeckhaube, Inkl. Schaftventil, Rückwand glasiert: Nein, 600 mm",Keramik
23536000711,"DU Waschtisch DuraSquare 600mm o.ÜL,m.HLB,1 HL,geschl.,weiß,WG","Duravit DuraSquare Waschtisch, Weiß Hochglanz, DuraCeram®, Rechteckig, Anzahl Waschplätze: 1 Mitte, Hahnlochbank: Ja, Anzahl Hahnlöcher pro Waschplatz: 1 Mitte, Überlauf: Nein, Geschliffen, WonderGliss, Inkl. Keramische Ventilabdeckhaube, Inkl. Schaftventil, Rückwand glasiert: Nein, 600 mm",Keramik
2353600079,"DU Waschtisch DuraSquare 600mm o.ÜL,m.HLB,o.HL,geschl.,weiß","Duravit DuraSquare Waschtisch, Weiß Hochglanz, DuraCeram®, Rechteckig, Anzahl Waschplätze: 1 Mitte, Hahnlochbank: Ja, Überlauf: Nein, Geschliffen, Inkl. Keramische Ventilabdeckhaube, Inkl. Schaftventil, Rückwand glasiert: Nein, 600 mm",Keramik
23536000791,"DU Waschtisch DuraSquare 600mm o.ÜL,m.HLB,o.HL,geschl.,weiß,WG","Duravit DuraSquare Waschtisch, Weiß Hochglanz, DuraCeram®, Rechteckig, Anzahl Waschplätze: 1 Mitte, Hahnlochbank: Ja, Überlauf: Nein, Geschliffen, WonderGliss, Inkl. Keramische Ventilabdeckhaube, Inkl. Schaftventil, Rückwand glasiert: Nein, 600 mm",Keramik
2353800041,"DU Möbelwaschtisch DuraSquare 800mm o. ÜL, mit HLB, 1 HL, weiß","Duravit DuraSquare Waschtisch, Weiß Hochglanz, DuraCeram®, Rechteckig, Anzahl Waschplätze: 1 Mitte, Hahnlochbank: Ja, Anzahl Hahnlöcher pro Waschplatz: 1 Mitte, Überlauf: Nein, Inkl. Keramische Ventilabdeckhaube, Inkl. Schaftventil, Von unten glasiert, Rückwand glasiert: Nein, 800 mm",Keramik
23538000411,"DU Möbelwaschtisch DuraSquare 800mm o. ÜL, mit HLB, 1 HL, weiß WonderGliss","Duravit DuraSquare Waschtisch, Weiß Hochglanz, DuraCeram®, Rechteckig, Anzahl Waschplätze: 1 Mitte, Hahnlochbank: Ja, Anzahl Hahnlöcher pro Waschplatz: 1 Mitte, Überlauf: Nein, WonderGliss, Inkl. Keramische Ventilabdeckhaube, Inkl. Schaftventil, Von unten glasiert, Rückwand glasiert: Nein, 800 mm",Keramik
2353800044,"DU Möbelwaschtisch DuraSquare 800mm o. ÜL, mit HLB, 3 HL, weiß","Duravit DuraSquare Waschtisch, Weiß Hochglanz, DuraCeram®, Rechteckig, Anzahl Waschplätze: 1 Mitte, Hahnlochbank: Ja, Anzahl Hahnlöcher pro Waschplatz: 3 Mitte, Überlauf: Nein, Position Seifenspender: Links, Inkl. Keramische Ventilabdeckhaube, Inkl. Schaftventil, Von unten glasiert, Rückwand glasiert: Nein, 800 mm",Keramik
2353800070,"DU Möbelwaschtisch DuraSquare 800mm o. ÜL, mit HLB, o.HL, weiß","Duravit DuraSquare Waschtisch, Weiß Hochglanz, DuraCeram®, Rechteckig, Anzahl Waschplätze: 1 Mitte, Hahnlochbank: Ja, Überlauf: Nein, Inkl. Keramische Ventilabdeckhaube, Inkl. Schaftventil, Von unten glasiert, Rückwand glasiert: Nein, 800 mm",Keramik
23538000701,"DU Möbelwaschtisch DuraSquare 800mm o. ÜL, mit HLB, o.HL, weiß WonderGliss","Duravit DuraSquare Waschtisch, Weiß Hochglanz, DuraCeram®, Rechteckig, Anzahl Waschplätze: 1 Mitte, Hahnlochbank: Ja, Überlauf: Nein, WonderGliss, Inkl. Keramische Ventilabdeckhaube, Inkl. Schaftventil, Von unten glasiert, Rückwand glasiert: Nein, 800 mm",Keramik
2353800071,"DU Möbelwaschtisch DuraSquare 800mm o. ÜL, mit HLB, 1 HL, weiß, geschliffen","Duravit DuraSquare Waschtisch, Weiß Hochglanz, DuraCeram®, Rechteckig, Anzahl Waschplätze: 1 Mitte, Hahnlochbank: Ja, Anzahl Hahnlöcher pro Waschplatz: 1 Ohne, Überlauf: Nein, Geschliffen, Inkl. Keramische Ventilabdeckhaube, Inkl. Schaftventil, Von unten glasiert, Rückwand glasiert: Nein, 800 mm",Keramik
23538000711,"DU Möbelwaschtisch DuraSquare 800mm o.ÜL,mit HLB,1 HL,weiß,WG,geschliffen","Duravit DuraSquare Waschtisch, Weiß Hochglanz, DuraCeram®, Rechteckig, Anzahl Waschplätze: 1 Mitte, Hahnlochbank: Ja, Anzahl Hahnlöcher pro Waschplatz: 1 Mitte, Überlauf: Nein, Geschliffen, WonderGliss, Inkl. Keramische Ventilabdeckhaube, Inkl. Schaftventil, Von unten glasiert, Rückwand glasiert: Nein, 800 mm",Keramik
2353800079,"DU Möbelwaschtisch DuraSquare 800mm o.ÜL,mit HLB,o.HL,weiß,geschliffen","Duravit DuraSquare Waschtisch, Weiß Hochglanz, DuraCeram®, Rechteckig, Anzahl Waschplätze: 1 Mitte, Hahnlochbank: Ja, Überlauf: Nein, Geschliffen, Inkl. Keramische Ventilabdeckhaube, Inkl. Schaftventil, Von unten glasiert, Rückwand glasiert: Nein, 800 mm",Keramik
23538000791,"DU Möbelwaschtisch DuraSquare 800mm o.ÜL,mit HLB,o.HL,weiß,WG,geschliffen","Duravit DuraSquare Waschtisch, Weiß Hochglanz, DuraCeram®, Rechteckig, Anzahl Waschplätze: 1 Mitte, Hahnlochbank: Ja, Überlauf: Nein, Geschliffen, WonderGliss, Inkl. Keramische Ventilabdeckhaube, Inkl. Schaftventil, Von unten glasiert, Rückwand glasiert: Nein, 800 mm",Keramik
2354600041,"DU Aufsatz-WT DuraSquare 600mm o. ÜL, m. HLB, 1 HL, weiß","Duravit DuraSquare Aufsatzbecken, Weiß Hochglanz, DuraCeram®, Rechteckig, Anzahl Waschplätze: 1 Mitte, Hahnlochbank: Ja, Anzahl Hahnlöcher pro Waschplatz: 1 Mitte, Überlauf: Nein, Geschliffen, Inkl. Keramische Ventilabdeckhaube, Inkl. Schaftventil, Rückwand glasiert: Ja, 600 mm",Keramik
23546000411,"DU Aufsatz-WT DuraSquare 600mm o. ÜL, m. HLB, 1 HL, weiß, WG","Duravit DuraSquare Aufsatzbecken, Weiß Hochglanz, DuraCeram®, Rechteckig, Anzahl Waschplätze: 1 Mitte, Hahnlochbank: Ja, Anzahl Hahnlöcher pro Waschplatz: 1 Mitte, Überlauf: Nein, Geschliffen, WonderGliss, Inkl. Keramische Ventilabdeckhaube, Inkl. Schaftventil, Rückwand glasiert: Ja, 600 mm",Keramik
2354600070,"DU Aufsatz-WT DuraSquare 600mm o. ÜL, m. HLB, o. HL, weiß","Duravit DuraSquare Aufsatzbecken, Weiß Hochglanz, DuraCeram®, Rechteckig, Anzahl Waschplätze: 1 Mitte, Hahnlochbank: Ja, Überlauf: Nein, Geschliffen, Inkl. Keramische Ventilabdeckhaube, Inkl. Schaftventil, Rückwand glasiert: Ja, 600 mm",Keramik
23546000701,"DU Aufsatz-WT DuraSquare 600mm o. ÜL, m. HLB, o. HL, weiß, WG","Duravit DuraSquare Aufsatzbecken, Weiß Hochglanz, DuraCeram®, Rechteckig, Anzahl Waschplätze: 1 Mitte, Hahnlochbank: Ja, Überlauf: Nein, Geschliffen, WonderGliss, Inkl. Keramische Ventilabdeckhaube, Inkl. Schaftventil, Rückwand glasiert: Ja, 600 mm",Keramik
2355600000,"DU Aufsatzbecken DuraSquare 600mm o. ÜL, o. HLB, geschliffen, weiß","Duravit DuraSquare Aufsatzbecken, Weiß Hochglanz, DuraCeram®, Rechteckig, Anzahl Waschplätze: 1 Mitte, Hahnlochbank: Nein, Überlauf: Nein, Geschliffen, Inkl. Keramische Ventilabdeckhaube, Inkl. Schaftventil, 600 mm",Keramik
23556000001,"DU Aufsatzbecken DuraSquare 600mm o.ÜL, o.HLB, geschliffen, weiß, WG","Duravit DuraSquare Aufsatzbecken, Weiß Hochglanz, DuraCeram®, Rechteckig, Anzahl Waschplätze: 1 Mitte, Hahnlochbank: Nein, Überlauf: Nein, Geschliffen, WonderGliss, Inkl. Keramische Ventilabdeckhaube, Inkl. Schaftventil, 600 mm",Keramik
2356600041,"DU Möbel-WT compact DuraSquare 600mm o. ÜL, mit HLB, 1 HL, weiß","Duravit DuraSquare Waschtisch, Compact, Weiß Hochglanz, DuraCeram®, Rechteckig, Anzahl Waschplätze: 1 Mitte, Hahnlochbank: Ja, Anzahl Hahnlöcher pro Waschplatz: 1 Mitte, Überlauf: Nein, Inkl. Keramische Ventilabdeckhaube, Inkl. Schaftventil, Von unten glasiert, Rückwand glasiert: Nein, 600 mm",Keramik
23566000411,"DU Möbel-WT compact DuraSquare 600mm o. ÜL, mit HLB, 1 HL, weiß, WonderGliss","Duravit DuraSquare Waschtisch, Compact, Weiß Hochglanz, DuraCeram®, Rechteckig, Anzahl Waschplätze: 1 Mitte, Hahnlochbank: Ja, Anzahl Hahnlöcher pro Waschplatz: 1 Mitte, Überlauf: Nein, WonderGliss, Inkl. Keramische Ventilabdeckhaube, Inkl. Schaftventil, Von unten glasiert, Rückwand glasiert: Nein, 600 mm",Keramik
2356600070,"DU Möbel-WT compact DuraSquare 600mm o. ÜL, mit HLB, o.HL, weiß","Duravit DuraSquare Waschtisch, Compact, Weiß Hochglanz, DuraCeram®, Rechteckig, Anzahl Waschplätze: 1 Mitte, Hahnlochbank: Ja, Überlauf: Nein, Inkl. Keramische Ventilabdeckhaube, Inkl. Schaftventil, Von unten glasiert, Rückwand glasiert: Nein, 600 mm",Keramik
23566000701,"DU Möbel-WT compact DuraSquare 600mm o. ÜL, mit HLB, o.HL, weiß, WonderGliss","Duravit DuraSquare Waschtisch, Compact, Weiß Hochglanz, DuraCeram®, Rechteckig, Anzahl Waschplätze: 1 Mitte, Hahnlochbank: Ja, Überlauf: Nein, WonderGliss, Inkl. Keramische Ventilabdeckhaube, Inkl. Schaftventil, Von unten glasiert, Rückwand glasiert: Nein, 600 mm",Keramik
2356600071,"DU Möbel-WT compact DuraSquare 600mm o. ÜL, mit HLB, 1.HL, weiß, geschliffen","Duravit DuraSquare Waschtisch, Compact, Weiß Hochglanz, DuraCeram®, Rechteckig, Anzahl Waschplätze: 1 Mitte, Hahnlochbank: Ja, Anzahl Hahnlöcher pro Waschplatz: 1 Mitte, Überlauf: Nein, Geschliffen, Inkl. Keramische Ventilabdeckhaube, Inkl. Schaftventil, Von unten glasiert, Rückwand glasiert: Nein, 600 mm",Keramik
23566000711,"DU Möbel-WT compact DuraSquare 600mm o.ÜL,mit HLB,1.HL,weiß,WG, geschliffen","Duravit DuraSquare Waschtisch, Compact, Weiß Hochglanz, DuraCeram®, Rechteckig, Anzahl Waschplätze: 1 Mitte, Hahnlochbank: Ja, Anzahl Hahnlöcher pro Waschplatz: 1 Mitte, Überlauf: Nein, Geschliffen, WonderGliss, Inkl. Keramische Ventilabdeckhaube, Inkl. Schaftventil, Von unten glasiert, Rückwand glasiert: Nein, 600 mm",Keramik
2356600079,"DU Möbel-WT compact DuraSquare 600mm o.ÜL,mit HLB,o.HL,weiß,geschliffen","Duravit DuraSquare Waschtisch, Compact, Weiß Hochglanz, DuraCeram®, Rechteckig, Anzahl Waschplätze: 1 Mitte, Hahnlochbank: Ja, Überlauf: Nein, Geschliffen, Inkl. Keramische Ventilabdeckhaube, Inkl. Schaftventil, Von unten glasiert, Rückwand glasiert: Nein, 600 mm",Keramik
23566000791,"DU Möbel-WT compact DuraSquare 600mm o.ÜL,mit HLB,o.HL,weiß,geschliffen,WG","Duravit DuraSquare Waschtisch, Compact, Weiß Hochglanz, DuraCeram®, Rechteckig, Anzahl Waschplätze: 1 Mitte, Hahnlochbank: Ja, Überlauf: Nein, Geschliffen, WonderGliss, Inkl. Keramische Ventilabdeckhaube, Inkl. Schaftventil, Von unten glasiert, Rückwand glasiert: Nein, 600 mm",Keramik
2357140000,"DU Doppel-WT,Möbel-DWT DuraStyle 1400mm m.ÜL und 1HL je Becken, weiß","Duravit DuraStyle Doppelwaschtisch, Weiß Hochglanz, Rechteckig, Anzahl Waschplätze: 2 Mitte, Hahnlochbank: Ja, Anzahl Hahnlöcher pro Waschplatz: 1 Ohne, Überlauf: Ja, Von unten glasiert, Rückwand glasiert: Nein, 1400 mm",Keramik
2358600000,"DU Aufsatzbecken 600mm Viu Weiß ohne Überlauf, ohne HLB, geschliffen","Duravit Viu Aufsatzbecken, Weiß Hochglanz, Rechteckig, Anzahl Waschplätze: 1 Mitte, Hahnlochbank: Nein, Überlauf: Nein, Geschliffen, Inkl. Keramische Ventilabdeckhaube, Inkl. Schaftventil, 600 mm",Keramik
23586000001,"DU Aufsatzbecken 600mm Viu Weiß ohne Überlauf,ohne HLB,geschliffen,WG","Duravit Viu Aufsatzbecken, Weiß Hochglanz, Rechteckig, Anzahl Waschplätze: 1 Mitte, Hahnlochbank: Nein, Überlauf: Nein, Geschliffen, WonderGliss, Inkl. Keramische Ventilabdeckhaube, Inkl. Schaftventil, 600 mm",Keramik
2359400000,"DU Aufsatzbecken 400mm Happy D.2 Plus Weiß, ohne Überl.,ohne HLB, geschliffen","Duravit Happy D.2 Plus Aufsatzbecken, Weiß Hochglanz, Quadratisch, Anzahl Waschplätze: 1 Mitte, Hahnlochbank: Nein, Überlauf: Nein, Geschliffen, Inkl. Keramische Ventilabdeckhaube, Inkl. Schaftventil, 400 mm",Keramik
23594000001,"DU Aufsatzbecken 400mm Happy D.2 Plus Weiß,ohne Überl,ohne HLB,geschliffen,WG","Duravit Happy D.2 Plus Aufsatzbecken, Weiß Hochglanz, Quadratisch, Anzahl Waschplätze: 1 Mitte, Hahnlochbank: Nein, Überlauf: Nein, Geschliffen, WonderGliss, Inkl. Keramische Ventilabdeckhaube, Inkl. Schaftventil, 400 mm",Keramik
2359401300,"DU Aufsatzbecken 400mm Happy D.2 Plus Anthrazit Matt,o.Ül, o.HLB,","Duravit Happy D.2 Plus Aufsatzbecken, Anthrazit Matt, Quadratisch, Anzahl Waschplätze: 1 Mitte, Hahnlochbank: Nein, Überlauf: Nein, Geschliffen, Inkl. Keramische Ventilabdeckhaube, Inkl. Schaftventil, 400 mm",Keramik
23594013001,"DU Aufsatzbecken 400mm Happy D.2 Plus Anthrazit Matt,o.Ül, o.HLB, WG","Duravit Happy D.2 Plus Aufsatzbecken, Anthrazit Matt, Quadratisch, Anzahl Waschplätze: 1 Mitte, Hahnlochbank: Nein, Überlauf: Nein, Geschliffen, WonderGliss, Inkl. Keramische Ventilabdeckhaube, Inkl. Schaftventil, 400 mm",Keramik
2359406100,"DU Aufsatzbecken 400mm Happy D.2 Plus Anthrazit Matt/Weiß, o.Ül, o.HLB","Duravit Happy D.2 Plus Aufsatzbecken, Innenfarbe Weiß Hochglanz, Aussenfarbe Anthrazit Matt, Quadratisch, Anzahl Waschplätze: 1 Mitte, Hahnlochbank: Nein, Überlauf: Nein, Geschliffen, Inkl. Keramische Ventilabdeckhaube, Inkl. Schaftventil, 400 mm",Keramik
23594061001,"DU Aufsatzbecken 400mm Happy D.2 Plus Anthrazit Matt/Weiß, o.Ül, o.HLB, WG","Duravit Happy D.2 Plus Aufsatzbecken, Innenfarbe Weiß Hochglanz, Aussenfarbe Anthrazit Matt, Quadratisch, Anzahl Waschplätze: 1 Mitte, Hahnlochbank: Nein, Überlauf: Nein, Geschliffen, WonderGliss, Inkl. Keramische Ventilabdeckhaube, Inkl. Schaftventil, 400 mm",Keramik
2359600000,"DU Aufsatzbecken 600mm Happy D.2 Plus Weiß, ohne Überl.,ohne HLB, geschliffen","Duravit Happy D.2 Plus Aufsatzbecken, Weiß Hochglanz, Rechteckig, Anzahl Waschplätze: 1 Mitte, Hahnlochbank: Nein, Überlauf: Nein, Geschliffen, Inkl. Keramische Ventilabdeckhaube, Inkl. Schaftventil, 600 mm",Keramik
23596000001,"DU Aufsatzbecken 600mm Happy D.2 Plus Weiß,ohne Überl,ohne HLB,geschliffen,WG","Duravit Happy D.2 Plus Aufsatzbecken, Weiß Hochglanz, Rechteckig, Anzahl Waschplätze: 1 Mitte, Hahnlochbank: Nein, Überlauf: Nein, Geschliffen, WonderGliss, Inkl. Keramische Ventilabdeckhaube, Inkl. Schaftventil, 600 mm",Keramik
2359601300,"DU Aufsatzbecken 600mm Happy D.2 Plus Anthrazit Matt,o.Überl,o.HLB, o.HL","Duravit Happy D.2 Plus Aufsatzbecken, Anthrazit Matt, Rechteckig, Anzahl Waschplätze: 1 Mitte, Hahnlochbank: Nein, Überlauf: Nein, Geschliffen, Inkl. Keramische Ventilabdeckhaube, Inkl. Schaftventil, 600 mm",Keramik
23596013001,"DU Aufsatzbecken 600mm Happy D.2 Plus Anthrazit Matt,o.Überl,o.HLB,o.HL,WG","Duravit Happy D.2 Plus Aufsatzbecken, Anthrazit Matt, Rechteckig, Anzahl Waschplätze: 1 Mitte, Hahnlochbank: Nein, Überlauf: Nein, Geschliffen, WonderGliss, Inkl. Keramische Ventilabdeckhaube, Inkl. Schaftventil, 600 mm",Keramik
2359606100,"DU Aufsatzbecken 600mm Happy D.2 Plus Anthrazit Matt/Weiß,o.Überl,o.HLB,","Duravit Happy D.2 Plus Aufsatzbecken, Innenfarbe Weiß Hochglanz, Aussenfarbe Anthrazit Matt, Rechteckig, Anzahl Waschplätze: 1 Mitte, Hahnlochbank: Nein, Überlauf: Nein, Geschliffen, Inkl. Keramische Ventilabdeckhaube, Inkl. Schaftventil, 600 mm",Keramik
23596061001,"DU Aufsatzbecken 600mm Happy D.2 Plus Anthrazit Matt/Weiß,o.Überl,o.HLB,WG","Duravit Happy D.2 Plus Aufsatzbecken, Innenfarbe Weiß Hochglanz, Aussenfarbe Anthrazit Matt, Rechteckig, Anzahl Waschplätze: 1 Mitte, Hahnlochbank: Nein, Überlauf: Nein, Geschliffen, WonderGliss, Inkl. Keramische Ventilabdeckhaube, Inkl. Schaftventil, 600 mm",Keramik
2360500000,"DU Aufsatzbecken Happy D.2 Plus 500mm Weiß, m. ÜL, m. HLB, 1 HL, geschliffen","Duravit Happy D.2 Plus Aufsatzbecken, Weiß Hochglanz, Rechteckig, Anzahl Waschplätze: 1 Mitte, Hahnlochbank: Ja, Anzahl Hahnlöcher pro Waschplatz: 1 Mitte, Überlauf: Ja, Geschliffen, Inkl. Push-Open Ventil, Inkl. Keramische Ventilabdeckhaube, Rückwand glasiert: Nein, 500 mm",Keramik
23605000001,"DU Aufsatzbecken Happy D.2 Plus 500mm Weiß,m. ÜL,m. HLB,1 HL,geschliffen,WG","Duravit Happy D.2 Plus Aufsatzbecken, Weiß Hochglanz, Rechteckig, Anzahl Waschplätze: 1 Mitte, Hahnlochbank: Ja, Anzahl Hahnlöcher pro Waschplatz: 1 Mitte, Überlauf: Ja, Geschliffen, WonderGliss, Inkl. Push-Open Ventil, Inkl. Keramische Ventilabdeckhaube, Rückwand glasiert: Nein, 500 mm",Keramik
2360500060,"DU Aufsatzbecken Happy D.2 Plus 500mm Weiß, m. ÜL, m. HLB, o.HL, geschliffen","Duravit Happy D.2 Plus Aufsatzbecken, Weiß Hochglanz, Rechteckig, Anzahl Waschplätze: 1 Mitte, Hahnlochbank: Ja, Überlauf: Ja, Geschliffen, Inkl. Push-Open Ventil, Inkl. Keramische Ventilabdeckhaube, Rückwand glasiert: Nein, 500 mm",Keramik
23605000601,"DU Aufsatzbecken Happy D.2 Plus 500mm Weiß,m. ÜL,m. HLB,o.HL,geschliffen,WG","Duravit Happy D.2 Plus Aufsatzbecken, Weiß Hochglanz, Rechteckig, Anzahl Waschplätze: 1 Mitte, Hahnlochbank: Ja, Überlauf: Ja, Geschliffen, WonderGliss, Inkl. Push-Open Ventil, Inkl. Keramische Ventilabdeckhaube, Rückwand glasiert: Nein, 500 mm",Keramik
2360501300,"DU Aufsatzbecken Happy D.2 Plus 500mm Anthrazit Matt,m.ÜL,m.HLB,1 HL","Duravit Happy D.2 Plus Aufsatzbecken, Anthrazit Matt, Rechteckig, Anzahl Waschplätze: 1 Mitte, Hahnlochbank: Ja, Anzahl Hahnlöcher pro Waschplatz: 1 Mitte, Überlauf: Ja, Geschliffen, Inkl. Push-Open Ventil, Inkl. Keramische Ventilabdeckhaube, Rückwand glasiert: Nein, 500 mm",Keramik
23605013001,"DU Aufsatzbecken Happy D.2 Plus 500mm Anthrazit Matt,m.ÜL,m.HLB,1 HL,WG","Duravit Happy D.2 Plus Aufsatzbecken, Anthrazit Matt, Rechteckig, Anzahl Waschplätze: 1 Mitte, Hahnlochbank: Ja, Anzahl Hahnlöcher pro Waschplatz: 1 Mitte, Überlauf: Ja, Geschliffen, WonderGliss, Inkl. Push-Open Ventil, Inkl. Keramische Ventilabdeckhaube, Rückwand glasiert: Nein, 500 mm",Keramik
2360501360,"DU Aufsatzbecken Happy D.2 Plus 500mm Anthrazit Matt,m.ÜL,m.HLB,o.HL","Duravit Happy D.2 Plus Aufsatzbecken, Anthrazit Matt, Rechteckig, Anzahl Waschplätze: 1 Mitte, Hahnlochbank: Ja, Überlauf: Ja, Geschliffen, Inkl. Push-Open Ventil, Inkl. Keramische Ventilabdeckhaube, Rückwand glasiert: Nein, 500 mm",Keramik
23605013601,"DU Aufsatzbecken Happy D.2 Plus 500mm Anthrazit Matt,m.ÜL,m.HLB,o.HL,WG","Duravit Happy D.2 Plus Aufsatzbecken, Anthrazit Matt, Rechteckig, Anzahl Waschplätze: 1 Mitte, Hahnlochbank: Ja, Überlauf: Ja, Geschliffen, WonderGliss, Inkl. Push-Open Ventil, Inkl. Keramische Ventilabdeckhaube, Rückwand glasiert: Nein, 500 mm",Keramik
2360506100,"DU Aufsatzbecken Happy D.2 Plus 500mm Anthrazit Matt/Weiß,m.ÜL,m.HLB,1 HL","Duravit Happy D.2 Plus Aufsatzbecken, Innenfarbe Weiß Hochglanz, Aussenfarbe Anthrazit Matt, Rechteckig, Anzahl Waschplätze: 1 Mitte, Hahnlochbank: Ja, Anzahl Hahnlöcher pro Waschplatz: 1 Mitte, Überlauf: Ja, Geschliffen, Inkl. Push-Open Ventil, Inkl. Keramische Ventilabdeckhaube, Rückwand glasiert: Nein, 500 mm",Keramik
23605061001,"DU Aufsatzbecken Happy D.2 Plus 500mm Anthrazit Matt/Weiß,m.ÜL,m.HLB,1 HL,WG","Duravit Happy D.2 Plus Aufsatzbecken, Innenfarbe Weiß Hochglanz, Aussenfarbe Anthrazit Matt, Rechteckig, Anzahl Waschplätze: 1 Mitte, Hahnlochbank: Ja, Anzahl Hahnlöcher pro Waschplatz: 1 Mitte, Überlauf: Ja, Geschliffen, WonderGliss, Inkl. Push-Open Ventil, Inkl. Keramische Ventilabdeckhaube, Rückwand glasiert: Nein, 500 mm",Keramik
2360506160,"DU Aufsatzbecken Happy D.2 Plus 500mm Anthrazit Matt/Weiß,m.ÜL,m.HLB,o.HL","Duravit Happy D.2 Plus Aufsatzbecken, Innenfarbe Weiß Hochglanz, Aussenfarbe Anthrazit Matt, Rechteckig, Anzahl Waschplätze: 1 Mitte, Hahnlochbank: Ja, Überlauf: Ja, Geschliffen, Inkl. Push-Open Ventil, Inkl. Keramische Ventilabdeckhaube, Rückwand glasiert: Nein, 500 mm",Keramik
23605061601,"DU Aufsatzbecken Happy D.2 Plus 500mm Anthrazit Matt/Weiß,m.ÜL,m.HLB,o.HL,WG","Duravit Happy D.2 Plus Aufsatzbecken, Innenfarbe Weiß Hochglanz, Aussenfarbe Anthrazit Matt, Rechteckig, Anzahl Waschplätze: 1 Mitte, Hahnlochbank: Ja, Überlauf: Ja, Geschliffen, WonderGliss, Inkl. Push-Open Ventil, Inkl. Keramische Ventilabdeckhaube, Rückwand glasiert: Nein, 500 mm",Keramik
2360600000,"DU Aufsatzbecken Happy D.2 Plus 600mm Weiß, m.ÜL,m.HLB,1 HL,geschliffen","Duravit Happy D.2 Plus Aufsatzbecken, Weiß Hochglanz, Rechteckig, Anzahl Waschplätze: 1 Mitte, Hahnlochbank: Ja, Anzahl Hahnlöcher pro Waschplatz: 1 Mitte, Überlauf: Ja, Geschliffen, Inkl. Push-Open Ventil, Inkl. Keramische Ventilabdeckhaube, Rückwand glasiert: Nein, 600 mm",Keramik
23606000001,"DU Aufsatzbecken Happy D.2 Plus 600mm Weiß, m.ÜL,m.HLB,1 HL,geschliffen,WG","Duravit Happy D.2 Plus Aufsatzbecken, Weiß Hochglanz, Rechteckig, Anzahl Waschplätze: 1 Mitte, Hahnlochbank: Ja, Anzahl Hahnlöcher pro Waschplatz: 1 Mitte, Überlauf: Ja, Geschliffen, WonderGliss, Inkl. Push-Open Ventil, Inkl. Keramische Ventilabdeckhaube, Rückwand glasiert: Nein, 600 mm",Keramik
2360600060,"DU Aufsatzbecken Happy D.2 Plus 600mm Weiß, m.ÜL,m.HLB,o.HL,geschliffen","Duravit Happy D.2 Plus Aufsatzbecken, Weiß Hochglanz, Rechteckig, Anzahl Waschplätze: 1 Mitte, Hahnlochbank: Ja, Überlauf: Ja, Geschliffen, Inkl. Push-Open Ventil, Inkl. Keramische Ventilabdeckhaube, Rückwand glasiert: Nein, 600 mm",Keramik
23606000601,"DU Aufsatzbecken Happy D.2 Plus 600mm Weiß, m.ÜL,m.HLB,o.HL,geschliffen,WG","Duravit Happy D.2 Plus Aufsatzbecken, Weiß Hochglanz, Rechteckig, Anzahl Waschplätze: 1 Mitte, Hahnlochbank: Ja, Überlauf: Ja, Geschliffen, WonderGliss, Inkl. Push-Open Ventil, Inkl. Keramische Ventilabdeckhaube, Rückwand glasiert: Nein, 600 mm",Keramik
2360601300,"DU Aufsatzbecken Happy D.2 Plus 600mm Anthrazit Matt, m.ÜL, m.HLB, 1 HL","Duravit Happy D.2 Plus Aufsatzbecken, Anthrazit Matt, Rechteckig, Anzahl Waschplätze: 1 Mitte, Hahnlochbank: Ja, Anzahl Hahnlöcher pro Waschplatz: 1 Mitte, Überlauf: Ja, Geschliffen, Inkl. Push-Open Ventil, Inkl. Keramische Ventilabdeckhaube, Rückwand glasiert: Nein, 600 mm",Keramik
23606013001,"DU Aufsatzbecken Happy D.2 Plus 600mm Anthrazit Matt, m.ÜL, m.HLB, 1 HL, WG","Duravit Happy D.2 Plus Aufsatzbecken, Anthrazit Matt, Rechteckig, Anzahl Waschplätze: 1 Mitte, Hahnlochbank: Ja, Anzahl Hahnlöcher pro Waschplatz: 1 Mitte, Überlauf: Ja, Geschliffen, WonderGliss, Inkl. Push-Open Ventil, Inkl. Keramische Ventilabdeckhaube, Rückwand glasiert: Nein, 600 mm",Keramik
2360601360,"DU Aufsatzbecken Happy D.2 Plus 600mm Anthrazit Matt, m.ÜL, m.HLB, o.HL","Duravit Happy D.2 Plus Aufsatzbecken, Anthrazit Matt, Rechteckig, Anzahl Waschplätze: 1 Mitte, Hahnlochbank: Ja, Überlauf: Ja, Geschliffen, Inkl. Push-Open Ventil, Inkl. Keramische Ventilabdeckhaube, Rückwand glasiert: Nein, 600 mm",Keramik
23606013601,"DU Aufsatzbecken Happy D.2 Plus 600mm Anthrazit Matt, m.ÜL, m.HLB, o.HL, WG","Duravit Happy D.2 Plus Aufsatzbecken, Anthrazit Matt, Rechteckig, Anzahl Waschplätze: 1 Mitte, Hahnlochbank: Ja, Überlauf: Ja, Geschliffen, WonderGliss, Inkl. Push-Open Ventil, Inkl. Keramische Ventilabdeckhaube, Rückwand glasiert: Nein, 600 mm",Keramik
2360606100,"DU Aufsatzbecken Happy D.2 Plus 600mm Anthrazit matt/Weiß,m.ÜL,m.HLB,1 HL","Duravit Happy D.2 Plus Aufsatzbecken, Innenfarbe Weiß Hochglanz, Aussenfarbe Anthrazit Matt, Rechteckig, Anzahl Waschplätze: 1 Mitte, Hahnlochbank: Ja, Anzahl Hahnlöcher pro Waschplatz: 1 Mitte, Überlauf: Ja, Geschliffen, Inkl. Push-Open Ventil, Inkl. Keramische Ventilabdeckhaube, Rückwand glasiert: Nein, 600 mm",Keramik
23606061001,"DU Aufsatzbecken Happy D.2 Plus 600mm Anthrazit matt/Weiß,m.ÜL,m.HLB,1 HL,WG","Duravit Happy D.2 Plus Aufsatzbecken, Innenfarbe Weiß Hochglanz, Aussenfarbe Anthrazit Matt, Rechteckig, Anzahl Waschplätze: 1 Mitte, Hahnlochbank: Ja, Anzahl Hahnlöcher pro Waschplatz: 1 Mitte, Überlauf: Ja, Geschliffen, WonderGliss, Inkl. Push-Open Ventil, Inkl. Keramische Ventilabdeckhaube, Rückwand glasiert: Nein, 600 mm",Keramik
2360606160,"DU Aufsatzbecken Happy D.2 Plus 600mm Anthrazit matt/Weiß,m.ÜL,m.HLB,o.HL","Duravit Happy D.2 Plus Aufsatzbecken, Innenfarbe Weiß Hochglanz, Aussenfarbe Anthrazit Matt, Rechteckig, Anzahl Waschplätze: 1 Mitte, Hahnlochbank: Ja, Überlauf: Ja, Geschliffen, Inkl. Push-Open Ventil, Inkl. Keramische Ventilabdeckhaube, Rückwand glasiert: Nein, 600 mm",Keramik
23606061601,"DU Aufsatzbecken Happy D.2 Plus 600mm Anthrazit matt/Weiß,m.ÜL,m.HLB,o.HL,WG","Duravit Happy D.2 Plus Aufsatzbecken, Innenfarbe Weiß Hochglanz, Aussenfarbe Anthrazit Matt, Rechteckig, Anzahl Waschplätze: 1 Mitte, Hahnlochbank: Ja, Überlauf: Ja, Geschliffen, WonderGliss, Inkl. Push-Open Ventil, Inkl. Keramische Ventilabdeckhaube, Rückwand glasiert: Nein, 600 mm",Keramik
2361120000,"DU Möbel-WT ME by Starck 1230mm m. ÜL, m. HLB, 1 HL mitte, weiß","Duravit ME by Starck Waschtisch, Weiß Hochglanz, Rechteckig, Anzahl Waschplätze: 1 Mitte, Hahnlochbank: Ja, Anzahl Hahnlöcher pro Waschplatz: 1 Mitte, Überlauf: Ja, Rückwand glasiert: Nein, 1230 mm",Keramik
23611200001,"DU Möbel-WT ME by Starck 1230mm m. ÜL, m. HLB, 1 HL mitte, weiß, WG","Duravit ME by Starck Waschtisch, Weiß Hochglanz, Rechteckig, Anzahl Waschplätze: 1 Mitte, Hahnlochbank: Ja, Anzahl Hahnlöcher pro Waschplatz: 1 Mitte, Überlauf: Ja, WonderGliss, Rückwand glasiert: Nein, 1230 mm",Keramik
2361120024,"DU Möbel-WT ME by Starck 1230mm m.ÜL, m.HLB, 2 HL, 1 Becken, weiß","Duravit ME by Starck Waschtisch, Weiß Hochglanz, Rechteckig, Anzahl Waschplätze: 2 Mitte, Hahnlochbank: Ja, Anzahl Hahnlöcher pro Waschplatz: 1 Links, Rechts, Überlauf: Ja, Rückwand glasiert: Nein, 1230 mm",Keramik
23611200241,"DU Möbel-WT ME by Starck 1230mm m.ÜL, m.HLB, 2 HL, 1 Becken, weiß, WG","Duravit ME by Starck Waschtisch, Weiß Hochglanz, Rechteckig, Anzahl Waschplätze: 2 Mitte, Hahnlochbank: Ja, Anzahl Hahnlöcher pro Waschplatz: 1 Links, Rechts, Überlauf: Ja, WonderGliss, Rückwand glasiert: Nein, 1230 mm",Keramik
2361120060,"DU Möbel-WT ME by Starck 1230mm m.ÜL, m.HLB, o.HL, weiß","Duravit ME by Starck Waschtisch, Weiß Hochglanz, Rechteckig, Anzahl Waschplätze: 1 Mitte, Hahnlochbank: Ja, Überlauf: Ja, Rückwand glasiert: Nein, 1230 mm",Keramik
23611200601,"DU Möbel-WT ME by Starck 1230mm m.ÜL, m.HLB, o.HL, weiß, WG","Duravit ME by Starck Waschtisch, Weiß Hochglanz, Rechteckig, Anzahl Waschplätze: 1 Mitte, Hahnlochbank: Ja, Überlauf: Ja, WonderGliss, Rückwand glasiert: Nein, 1230 mm",Keramik
2361123200,"DU Möbel-WT ME by Starck 1230mm m.ÜL, m.HLB, 1HL mitte,weißseidenmatt","Duravit ME by Starck Waschtisch, Weiß Seidenmatt, Rechteckig, Anzahl Waschplätze: 1 Mitte, Hahnlochbank: Ja, Anzahl Hahnlöcher pro Waschplatz: 1 Ohne, Überlauf: Ja, Rückwand glasiert: Nein, 1230 mm",Keramik
2361123224,"DU Doppel-WT ME by Starck 1230mm m.ÜL,m.HLB,2 HL,1 Becken,weißseidenmatt","Duravit ME by Starck Waschtisch, Weiß Seidenmatt, Rechteckig, Anzahl Waschplätze: 2 Mitte, Hahnlochbank: Ja, Anzahl Hahnlöcher pro Waschplatz: 1 Links, Rechts, Überlauf: Ja, Rückwand glasiert: Nein, 1230 mm",Keramik
23611232241,"DU Doppel-WT ME by Starck 1230mm m.ÜL,m.HLB,2HL,1 Becken,weißseidenm.WG","Duravit ME by Starck Waschtisch, Weiß Seidenmatt, Rechteckig, Anzahl Waschplätze: 2 Mitte, Hahnlochbank: Ja, Anzahl Hahnlöcher pro Waschplatz: 1 Links, Rechts, Überlauf: Ja, WonderGliss, Rückwand glasiert: Nein, 1230 mm",Keramik
2361123260,"DU Möbel-WT ME by Starck 1230mm mit ÜL, mit HLB, o. HL, Weiß SdM.","Duravit ME by Starck Waschtisch, Weiß Seidenmatt, Rechteckig, Anzahl Waschplätze: 1 Mitte, Hahnlochbank: Ja, Überlauf: Ja, Rückwand glasiert: Nein, 1230 mm",Keramik
23611232601,"DU Möbel-WT ME by Starck 1230mm mit ÜL, mit HLB, o. HL, Weiß SdM., WG","Duravit ME by Starck Waschtisch, Weiß Seidenmatt, Rechteckig, Anzahl Waschplätze: 1 Mitte, Hahnlochbank: Ja, Überlauf: Ja, WonderGliss, Rückwand glasiert: Nein, 1230 mm",Keramik
2366550000,"DU Waschtisch D-Neo, 550mm, weiß mit ÜL, mit HLB, 1 HL","Duravit D-Neo Waschtisch, Weiß Hochglanz, Rechteckig, Anzahl Waschplätze: 1 Mitte, Hahnlochbank: Ja, Anzahl Hahnlöcher pro Waschplatz: 1 Mitte, Überlauf: Ja, Von unten glasiert, Rückwand glasiert: Nein, 550 mm",Keramik
23665500001,"DU Waschtisch D-Neo, 550mm, weiß mit ÜL, mit HLB, 1 HL, WGL","Duravit D-Neo Waschtisch, Weiß Hochglanz, Rechteckig, Anzahl Waschplätze: 1 Mitte, Hahnlochbank: Ja, Anzahl Hahnlöcher pro Waschplatz: 1 Mitte, Überlauf: Ja, WonderGliss, Von unten glasiert, Rückwand glasiert: Nein, 550 mm",Keramik
2366550060,"DU Waschtisch D-Neo, 550mm, weiß mit ÜL, mit HLB, o.HL","Duravit D-Neo Waschtisch, Weiß Hochglanz, Rechteckig, Anzahl Waschplätze: 1 Mitte, Hahnlochbank: Ja, Überlauf: Ja, Von unten glasiert, Rückwand glasiert: Nein, 550 mm",Keramik
23665500601,"DU Waschtisch D-Neo, 550mm, weiß mit ÜL, mit HLB, o.HL, WGL","Duravit D-Neo Waschtisch, Weiß Hochglanz, Rechteckig, Anzahl Waschplätze: 1 Mitte, Hahnlochbank: Ja, Überlauf: Ja, WonderGliss, Von unten glasiert, Rückwand glasiert: Nein, 550 mm",Keramik
2366600000,"DU Waschtisch D-Neo, 600mm, weiß mit ÜL, mit HLB, 1 HL","Duravit D-Neo Waschtisch, Weiß Hochglanz, Rechteckig, Anzahl Waschplätze: 1 Mitte, Hahnlochbank: Ja, Anzahl Hahnlöcher pro Waschplatz: 1 Mitte, Überlauf: Ja, Von unten glasiert, Rückwand glasiert: Nein, 600 mm",Keramik
23666000001,"DU Waschtisch D-Neo, 600mm, weiß mit ÜL, mit HLB, 1 HL, WGL","Duravit D-Neo Waschtisch, Weiß Hochglanz, Rechteckig, Anzahl Waschplätze: 1 Mitte, Hahnlochbank: Ja, Anzahl Hahnlöcher pro Waschplatz: 1 Mitte, Überlauf: Ja, WonderGliss, Von unten glasiert, Rückwand glasiert: Nein, 600 mm",Keramik
2366600060,"DU Waschtisch D-Neo, 600mm, weiß mit ÜL, mit HLB, o. HL","Duravit D-Neo Waschtisch, Weiß Hochglanz, Rechteckig, Anzahl Waschplätze: 1 Mitte, Hahnlochbank: Ja, Überlauf: Ja, Von unten glasiert, Rückwand glasiert: Nein, 600 mm",Keramik
23666000601,"DU Waschtisch D-Neo, 600mm, weiß mit ÜL, mit HLB, o. HL, WGL","Duravit D-Neo Waschtisch, Weiß Hochglanz, Rechteckig, Anzahl Waschplätze: 1 Mitte, Hahnlochbank: Ja, Überlauf: Ja, WonderGliss, Von unten glasiert, Rückwand glasiert: Nein, 600 mm",Keramik
2366650000,"DU Waschtisch D-Neo, 650mm, weiß mit ÜL, mit HLB, 1 HL","Duravit D-Neo Waschtisch, Weiß Hochglanz, Rechteckig, Anzahl Waschplätze: 1 Mitte, Hahnlochbank: Ja, Anzahl Hahnlöcher pro Waschplatz: 1 Mitte, Überlauf: Ja, Von unten glasiert, Rückwand glasiert: Nein, 650 mm",Keramik
23666500001,"DU Waschtisch D-Neo, 650mm, weiß mit ÜL, mit HLB, 1 HL, WGL","Duravit D-Neo Waschtisch, Weiß Hochglanz, Rechteckig, Anzahl Waschplätze: 1 Mitte, Hahnlochbank: Ja, Anzahl Hahnlöcher pro Waschplatz: 1 Mitte, Überlauf: Ja, WonderGliss, Von unten glasiert, Rückwand glasiert: Nein, 650 mm",Keramik
2366650060,"DU Waschtisch D-Neo, 650mm, weiß mit ÜL, mit HLB, o.HL","Duravit D-Neo Waschtisch, Weiß Hochglanz, Rechteckig, Anzahl Waschplätze: 1 Mitte, Hahnlochbank: Ja, Überlauf: Ja, Von unten glasiert, Rückwand glasiert: Nein, 650 mm",Keramik
23666500601,"DU Waschtisch D-Neo, 650mm, weiß mit ÜL, mit HLB, o.HL, WGL","Duravit D-Neo Waschtisch, Weiß Hochglanz, Rechteckig, Anzahl Waschplätze: 1 Mitte, Hahnlochbank: Ja, Überlauf: Ja, WonderGliss, Von unten glasiert, Rückwand glasiert: Nein, 650 mm",Keramik
2367100000,"DU Waschtisch D-Neo, 1005mm, weiß mit ÜL, mit HLB, 1 HL","Duravit D-Neo Waschtisch, Weiß Hochglanz, Rechteckig, Anzahl Waschplätze: 1 Mitte, Hahnlochbank: Ja, Anzahl Hahnlöcher pro Waschplatz: 1 Mitte, Überlauf: Ja, Von unten glasiert, Rückwand glasiert: Nein, 1005 mm",Keramik
23671000001,"DU Waschtisch D-Neo, 1005mm, weiß mit ÜL, mit HLB, 1 HL, WGL","Duravit D-Neo Waschtisch, Weiß Hochglanz, Rechteckig, Anzahl Waschplätze: 1 Mitte, Hahnlochbank: Ja, Anzahl Hahnlöcher pro Waschplatz: 1 Mitte, Überlauf: Ja, WonderGliss, Von unten glasiert, Rückwand glasiert: Nein, 1005 mm",Keramik
2367100060,"DU Waschtisch D-Neo, 1005mm, weiß mit ÜL, mit HLB, o.HL","Duravit D-Neo Waschtisch, Weiß Hochglanz, Rechteckig, Anzahl Waschplätze: 1 Mitte, Hahnlochbank: Ja, Überlauf: Ja, Von unten glasiert, Rückwand glasiert: Nein, 1005 mm",Keramik
23671000601,"DU Waschtisch D-Neo, 1005mm, weiß mit ÜL, mit HLB, o.HL, WGL","Duravit D-Neo Waschtisch, Weiß Hochglanz, Rechteckig, Anzahl Waschplätze: 1 Mitte, Hahnlochbank: Ja, Überlauf: Ja, WonderGliss, Von unten glasiert, Rückwand glasiert: Nein, 1005 mm",Keramik
2367650000,"DU Möbel-WT D-Neo, 650mm, weiß mit ÜL, mit HLB, 1 HL","Duravit D-Neo Waschtisch, Weiß Hochglanz, Rechteckig, Anzahl Waschplätze: 1 Mitte, Hahnlochbank: Ja, Anzahl Hahnlöcher pro Waschplatz: 1 Mitte, Überlauf: Ja, Von unten glasiert, Rückwand glasiert: Nein, 650 mm",Keramik
23676500001,"DU Möbel-WT D-Neo, 650mm, weiß mit ÜL, mit HLB, 1 HL, WGL","Duravit D-Neo Waschtisch, Weiß Hochglanz, Rechteckig, Anzahl Waschplätze: 1 Mitte, Hahnlochbank: Ja, Anzahl Hahnlöcher pro Waschplatz: 1 Mitte, Überlauf: Ja, WonderGliss, Von unten glasiert, Rückwand glasiert: Nein, 650 mm",Keramik
2367650060,"DU Möbel-WT D-Neo, 650mm, weiß mit ÜL, mit HLB, o.HL","Duravit D-Neo Waschtisch, Weiß Hochglanz, Rechteckig, Anzahl Waschplätze: 1 Mitte, Hahnlochbank: Ja, Überlauf: Ja, Von unten glasiert, Rückwand glasiert: Nein, 650 mm",Keramik
23676500601,"DU Möbel-WT D-Neo, 650mm, weiß mit ÜL, mit HLB, o.HL, WGL","Duravit D-Neo Waschtisch, Weiß Hochglanz, Rechteckig, Anzahl Waschplätze: 1 Mitte, Hahnlochbank: Ja, Überlauf: Ja, WonderGliss, Von unten glasiert, Rückwand glasiert: Nein, 650 mm",Keramik
2367800000,"DU Möbel-WT D-Neo, 800mm, weiß mit ÜL, mit HLB, 1 HL","Duravit D-Neo Waschtisch, Weiß Hochglanz, Rechteckig, Anzahl Waschplätze: 1 Mitte, Hahnlochbank: Ja, Anzahl Hahnlöcher pro Waschplatz: 1 Mitte, Überlauf: Ja, Von unten glasiert, Rückwand glasiert: Nein, 800 mm",Keramik
23678000001,"DU Möbel-WT D-Neo, 800mm, weiß mit ÜL, mit HLB, 1 HL, WGL","Duravit D-Neo Waschtisch, Weiß Hochglanz, Rechteckig, Anzahl Waschplätze: 1 Mitte, Hahnlochbank: Ja, Anzahl Hahnlöcher pro Waschplatz: 1 Mitte, Überlauf: Ja, WonderGliss, Von unten glasiert, Rückwand glasiert: Nein, 800 mm",Keramik
2367800060,"DU Möbel-WT D-Neo, 800mm, weiß mit ÜL, mit HLB, o.HL","Duravit D-Neo Waschtisch, Weiß Hochglanz, Rechteckig, Anzahl Waschplätze: 1 Mitte, Hahnlochbank: Ja, Überlauf: Ja, Von unten glasiert, Rückwand glasiert: Nein, 800 mm",Keramik
23678000601,"DU Möbel-WT D-Neo, 800mm, weiß mit ÜL, mit HLB, o.HL, WGL","Duravit D-Neo Waschtisch, Weiß Hochglanz, Rechteckig, Anzahl Waschplätze: 1 Mitte, Hahnlochbank: Ja, Überlauf: Ja, WonderGliss, Von unten glasiert, Rückwand glasiert: Nein, 800 mm",Keramik
2369800000,"DU WT/MWT D-Neo, 800mm, weiß m.ÜL, HLB, 1 HL, Becken links","Duravit D-Neo Waschtisch, Weiß Hochglanz, Rechteckig, Anzahl Waschplätze: 1 Links, Hahnlochbank: Ja, Anzahl Hahnlöcher pro Waschplatz: 1 Mitte, Überlauf: Ja, Von unten glasiert, Rückwand glasiert: Nein, 800 mm",Keramik
23698000001,"DU WT/MWT D-Neo, 800mm, weiß m.ÜL, HLB, 1 HL, Becken links, WGL","Duravit D-Neo Waschtisch, Weiß Hochglanz, Rechteckig, Anzahl Waschplätze: 1 Links, Hahnlochbank: Ja, Anzahl Hahnlöcher pro Waschplatz: 1 Mitte, Überlauf: Ja, WonderGliss, Von unten glasiert, Rückwand glasiert: Nein, 800 mm",Keramik
2369800060,"DU WT/MWT D-Neo, 800mm, weiß m.ÜL, HLB, o.HL, Becken links","Duravit D-Neo Waschtisch, Weiß Hochglanz, Rechteckig, Anzahl Waschplätze: 1 Links, Hahnlochbank: Ja, Überlauf: Ja, Von unten glasiert, Rückwand glasiert: Nein, 800 mm",Keramik
23698000601,"DU WT/MWT D-Neo, 800mm, weiß m.ÜL, HLB, o.HL, Becken links, WGL","Duravit D-Neo Waschtisch, Weiß Hochglanz, Rechteckig, Anzahl Waschplätze: 1 Links, Hahnlochbank: Ja, Überlauf: Ja, WonderGliss, Von unten glasiert, Rückwand glasiert: Nein, 800 mm",Keramik
2370800000,"DU WT/MWT D-Neo, 800mm, weiß m.ÜL, HLB, 1 HL, Becken rechts","Duravit D-Neo Waschtisch, Weiß Hochglanz, Rechteckig, Anzahl Waschplätze: 1 Rechts, Hahnlochbank: Ja, Anzahl Hahnlöcher pro Waschplatz: 1 Mitte, Überlauf: Ja, Von unten glasiert, Rückwand glasiert: Nein, 800 mm",Keramik
23708000001,"DU WT/MWT D-Neo, 800mm, weiß m.ÜL, HLB, 1 HL, Becken rechts, WGL","Duravit D-Neo Waschtisch, Weiß Hochglanz, Rechteckig, Anzahl Waschplätze: 1 Rechts, Hahnlochbank: Ja, Anzahl Hahnlöcher pro Waschplatz: 1 Mitte, Überlauf: Ja, WonderGliss, Von unten glasiert, Rückwand glasiert: Nein, 800 mm",Keramik
2370800060,"DU WT/MWT D-Neo, 800mm, weiß m.ÜL, HLB, o.HL, Becken rechts","Duravit D-Neo Waschtisch, Weiß Hochglanz, Rechteckig, Anzahl Waschplätze: 1 Rechts, Hahnlochbank: Ja, Überlauf: Ja, Von unten glasiert, Rückwand glasiert: Nein, 800 mm",Keramik
23708000601,"DU WT/MWT D-Neo, 800mm, weiß m.ÜL, HLB, o.HL, Becken rechts, WGL","Duravit D-Neo Waschtisch, Weiß Hochglanz, Rechteckig, Anzahl Waschplätze: 1 Rechts, Hahnlochbank: Ja, Überlauf: Ja, WonderGliss, Von unten glasiert, Rückwand glasiert: Nein, 800 mm",Keramik
2371400070,"DU Aufsatzbecken D-Neo 400mm, rund weiß, o.ÜL, o.HLB, Bef.inkl.","Duravit D-Neo Aufsatzbecken, Weiß Hochglanz, Rund, Anzahl Waschplätze: 1 Mitte, Hahnlochbank: Nein, Überlauf: Nein, 400 mm",Keramik
23714000701,"DU Aufsatzbecken D-Neo 400mm, rund weiß, o.ÜL, o.HLB, Bef.inkl., WGL","Duravit D-Neo Aufsatzbecken, Weiß Hochglanz, Rund, Anzahl Waschplätze: 1 Mitte, Hahnlochbank: Nein, Überlauf: Nein, WonderGliss, 400 mm",Keramik
2372600070,"DU Aufsatzbecken D-Neo 600mm, oval weiß, o.ÜL, o.HLB, Bef.inkl.","Duravit D-Neo Aufsatzbecken, Weiß Hochglanz, Halboval, Anzahl Waschplätze: 1 Mitte, Hahnlochbank: Nein, Überlauf: Nein, 600 mm",Keramik
23726000701,"DU Aufsatzbecken D-Neo 600mm, oval weiß, o.ÜL, o.HLB, Bef.inkl., WGL","Duravit D-Neo Aufsatzbecken, Weiß Hochglanz, Halboval, Anzahl Waschplätze: 1 Mitte, Hahnlochbank: Nein, Überlauf: Nein, WonderGliss, 600 mm",Keramik
2511090000,"DU Wand-WC Design Classics Viu 570mm  rimless Weiß Tiefspüler, Durafix inkl.","Duravit Design Classics Viu Wand WC, Weiß Hochglanz, Spülwassermenge: 4,5 l, Tiefspüler, Spülrand: rimless, Abgang waagerecht, Inkl. verdeckte Befestigung",Keramik
25110900001,"DU Wand-WC Design Classics Viu 570mm rimless Weiß TS, Durafix inkl., WG","Duravit Design Classics Viu Wand WC, Weiß Hochglanz, Spülwassermenge: 4,5 l, Tiefspüler, Spülrand: rimless, Abgang waagerecht, Inkl. verdeckte Befestigung, WonderGliss",Keramik
2511092000,"DU Wand-WC Design Classics Viu 570mm rimless Weiß TS, Durafix inkl., HYG","Duravit Design Classics Viu Wand WC, Weiß Hochglanz, HygieneGlaze, Spülwassermenge: 4,5 l, Tiefspüler, Spülrand: rimless, Abgang waagerecht, Inkl. verdeckte Befestigung",Keramik
2511590000,"DU Wand-WC Viu 570mm rimless Weiß f. SW, Tiefspüler, Durafix inkl.","Duravit Viu Wand WC für Dusch-WC Sitz, Weiß Hochglanz, Spülwassermenge: 4,5 l, Tiefspüler, Spülrand: rimless, Abgang waagerecht, Inkl. verdeckte Befestigung, Inkl. Anschlusskomponente für SensoWash",Keramik
25115900001,"DU Wand-WC Viu 570mm rimless Weiß f. SW, Tiefspüler, Durafix inkl.,WG","Duravit Viu Wand WC für Dusch-WC Sitz, Weiß Hochglanz, Spülwassermenge: 4,5 l, Tiefspüler, Spülrand: rimless, Abgang waagerecht, Inkl. verdeckte Befestigung, WonderGliss, Inkl. Anschlusskomponente für SensoWash",Keramik
2511592000,"DU Wand-WC Viu 570mm rimless Weiß f. SW, Tiefspüler, Durafix inkl, HYG","Duravit Viu Wand WC für Dusch-WC Sitz, Weiß Hochglanz, HygieneGlaze, Spülwassermenge: 4,5 l, Tiefspüler, Spülrand: rimless, Abgang waagerecht, Inkl. verdeckte Befestigung, Inkl. Anschlusskomponente für SensoWash",Keramik
2525090000,"DU Wand-WC Vero Air 570 mm Tiefspüler, rimless, Durafix, weiß","Duravit Vero Air Wand WC, Weiß Hochglanz, Spülwassermenge: 4,5 l, Tiefspüler, Spülrand: rimless, Abgang waagerecht, Inkl. verdeckte Befestigung",Keramik
25250900001,"DU Wand-WC Vero Air 570 mm Tiefspüler,rimless,Durafix,weiß,WG","Duravit Vero Air Wand WC, Weiß Hochglanz, Spülwassermenge: 4,5 l, Tiefspüler, Spülrand: rimless, Abgang waagerecht, Inkl. verdeckte Befestigung, WonderGliss",Keramik
2525092000,"DU Wand-WC Vero Air 570 mm Tiefspüler,rimless,Durafix,weiß,HYG","Duravit Vero Air Wand WC, Weiß Hochglanz, HygieneGlaze, Spülwassermenge: 4,5 l, Tiefspüler, Spülrand: rimless, Abgang waagerecht, Inkl. verdeckte Befestigung",Keramik
2525590000,"DU Wand-WC Vero Air 570 mm, weiß Tiefspüler, rimless, Durafix inkl.","Duravit Vero Air Wand WC für Dusch-WC Sitz, Weiß Hochglanz, Spülwassermenge: 4,5 l, Tiefspüler, Spülrand: rimless, Abgang waagerecht, Inkl. verdeckte Befestigung, Inkl. Anschlusskomponente für SensoWash",Keramik
25255900001,"DU Wand-WC Vero Air 570 mm, weiß, WG Tiefspüler, rimless, Durafix inkl.","Duravit Vero Air Wand WC für Dusch-WC Sitz, Weiß Hochglanz, Spülwassermenge: 4,5 l, Tiefspüler, Spülrand: rimless, Abgang waagerecht, Inkl. verdeckte Befestigung, WonderGliss, Inkl. Anschlusskomponente für SensoWash",Keramik
2525592000,"DU Wand-WC Vero Air 570 mm, weiß Tiefspüler,rimless,Durafix inkl.HYG","Duravit Vero Air Wand WC für Dusch-WC Sitz, Weiß Hochglanz, HygieneGlaze, Spülwassermenge: 4,5 l, Tiefspüler, Spülrand: rimless, Abgang waagerecht, Inkl. verdeckte Befestigung, Inkl. Anschlusskomponente für SensoWash",Keramik
2527090000,"DU Wand-WC Starck 3 540 mm Tiefspüler, rimless, Durafix, weiß","Duravit Starck 3 Wand WC, Weiß Hochglanz, Spülwassermenge: 4,5 l, Tiefspüler, Spülrand: rimless, Spülprinzip: Verdrängung, Abgang waagerecht, Inkl. verdeckte Befestigung",Keramik
25270900001,"DU Wand-WC Starck 3 540 mm Tiefspüler, rimless, Durafix, weiß WG","Duravit Starck 3 Wand WC, Weiß Hochglanz, Spülwassermenge: 4,5 l, Tiefspüler, Spülrand: rimless, Spülprinzip: Verdrängung, Abgang waagerecht, Inkl. verdeckte Befestigung, WonderGliss",Keramik
2527092000,"DU Wand-WC Starck 3 540 mm Tiefspüler,rimless,Durafix,weiß,HYG","Duravit Starck 3 Wand WC, Weiß Hochglanz, HygieneGlaze, Spülwassermenge: 4,5 l, Tiefspüler, Spülrand: rimless, Spülprinzip: Verdrängung, Abgang waagerecht, Inkl. verdeckte Befestigung",Keramik
2528090000,"DU Wand-WC ME by Starck 570 mm Tiefspüler, Durafix, weiß","Duravit ME by Starck Wand WC, Weiß Hochglanz, Spülwassermenge: 4,5 l, Tiefspüler, Spülrand: geschlossen, Spülprinzip: Verdrängung, Abgang waagerecht, Inkl. verdeckte Befestigung",Keramik
25280900001,"DU Wand-WC ME by Starck 570 mm Tiefspüler, Durafix, weiß WonderGliss","Duravit ME by Starck Wand WC, Weiß Hochglanz, Spülwassermenge: 4,5 l, Tiefspüler, Spülrand: geschlossen, Spülprinzip: Verdrängung, Abgang waagerecht, Inkl. verdeckte Befestigung, WonderGliss",Keramik
2528092000,"DU Wand-WC ME by Starck 570 mm Tiefspüler, Durafix, weiß HygieneGlaze","Duravit ME by Starck Wand WC, Weiß Hochglanz, HygieneGlaze, Spülwassermenge: 4,5 l, Tiefspüler, Spülrand: geschlossen, Spülprinzip: Verdrängung, Abgang waagerecht, Inkl. verdeckte Befestigung",Keramik
2528092600,"DU Wand-WC ME by Starck 570mm Weiß/Weiß Seidenmatt, Tiefspüler, Durafix","Duravit ME by Starck Wand WC, Innenfarbe Weiß Hochglanz, Aussenfarbe Weiß Seidenmatt, Spülwassermenge: 4,5 l, Tiefspüler, Spülrand: geschlossen, Spülprinzip: Verdrängung, Abgang waagerecht, Inkl. verdeckte Befestigung",Keramik
25280926001,"DU Wand-WC ME by Starck 570mm Weiß/Weiß Seidenmatt, Tiefspüler, Durafix, WG","Duravit ME by Starck Wand WC, Innenfarbe Weiß Hochglanz, Aussenfarbe Weiß Seidenmatt, Spülwassermenge: 4,5 l, Tiefspüler, Spülrand: geschlossen, Spülprinzip: Verdrängung, Abgang waagerecht, Inkl. verdeckte Befestigung, WonderGliss",Keramik
2528099000,"DU Wand-WC ME by Starck 570mm Weiß/Weiß Seidenmatt, Tiefspüler, Durafix, HYG","Duravit ME by Starck Wand WC, Innenfarbe Weiß Hochglanz, Aussenfarbe Weiß Seidenmatt, HygieneGlaze, Spülwassermenge: 4,5 l, Tiefspüler, Spülrand: geschlossen, Spülprinzip: Verdrängung, Abgang waagerecht, Inkl. verdeckte Befestigung",Keramik
2528590000,"DU Wand-WC ME by Starck 570 mm, TS Durafix, f.SW m.verd.Anschl., weiß","Duravit ME by Starck Wand WC für Dusch-WC Sitz, Weiß Hochglanz, Spülwassermenge: 4,5 l, Tiefspüler, Spülrand: geschlossen, Spülprinzip: Verdrängung, Abgang waagerecht, Inkl. verdeckte Befestigung, Inkl. Anschlusskomponente für SensoWash",Keramik
25285900001,"DU Wand-WC ME by Starck 570 mm, TS Durafix, f.SW m.verd.Anschl., weiß WG","Duravit ME by Starck Wand WC für Dusch-WC Sitz, Weiß Hochglanz, Spülwassermenge: 4,5 l, Tiefspüler, Spülrand: geschlossen, Spülprinzip: Verdrängung, Abgang waagerecht, Inkl. verdeckte Befestigung, WonderGliss, Inkl. Anschlusskomponente für SensoWash",Keramik
2528592000,"DU Wand-WC ME by Starck 570 mm, TS Durafix, f.SW m.verd.Anschl., weiß HyG","Duravit ME by Starck Wand WC für Dusch-WC Sitz, Weiß Hochglanz, HygieneGlaze, Spülwassermenge: 4,5 l, Tiefspüler, Spülrand: geschlossen, Spülprinzip: Verdrängung, Abgang waagerecht, Inkl. verdeckte Befestigung, Inkl. Anschlusskomponente für SensoWash",Keramik
2529090000,"DU Wand-WC ME by Starck 570 mm Tiefspüler, rimless, Durafix, weiß","Duravit ME by Starck Wand WC, Weiß Hochglanz, Spülwassermenge: 4,5 l, Tiefspüler, Spülrand: rimless, Spülprinzip: Verdrängung, Abgang waagerecht, Inkl. verdeckte Befestigung",Keramik
25290900001,"DU Wand-WC ME by Starck 570 mm Tiefspüler, rimless, Durafix, weiß WG","Duravit ME by Starck Wand WC, Weiß Hochglanz, Spülwassermenge: 4,5 l, Tiefspüler, Spülrand: rimless, Spülprinzip: Verdrängung, Abgang waagerecht, Inkl. verdeckte Befestigung, WonderGliss",Keramik
2529092000,"DU Wand-WC ME by Starck 570 mm Tiefspüler, rimless, Durafix, weiß HyG","Duravit ME by Starck Wand WC, Weiß Hochglanz, HygieneGlaze, Spülwassermenge: 4,5 l, Tiefspüler, Spülrand: rimless, Spülprinzip: Verdrängung, Abgang waagerecht, Inkl. verdeckte Befestigung",Keramik
2529092600,"DU Wand-WC ME by Starck 570mm Weiß/Weiß Seidenmatt,Tiefspüler,rimless,Durafix","Duravit ME by Starck Wand WC, Innenfarbe Weiß Hochglanz, Aussenfarbe Weiß Seidenmatt, Spülwassermenge: 4,5 l, Tiefspüler, Spülrand: rimless, Spülprinzip: Verdrängung, Abgang waagerecht, Inkl. verdeckte Befestigung",Keramik
25290926001,"DU Wand-WC ME by Starck 570mm Weiß/Weiß Seidenmatt,Tiefspüler,riml.,Durafix,WG","Duravit ME by Starck Wand WC, Innenfarbe Weiß Hochglanz, Aussenfarbe Weiß Seidenmatt, Spülwassermenge: 4,5 l, Tiefspüler, Spülrand: rimless, Spülprinzip: Verdrängung, Abgang waagerecht, Inkl. verdeckte Befestigung, WonderGliss",Keramik
2529099000,"DU Wand-WC ME by Starck 570mm Weiß/Weiß Seidenmatt,Tiefspüler,riml.,Durafix,HYG","Duravit ME by Starck Wand WC, Innenfarbe Weiß Hochglanz, Aussenfarbe Weiß Seidenmatt, HygieneGlaze, Spülwassermenge: 4,5 l, Tiefspüler, Spülrand: rimless, Spülprinzip: Verdrängung, Abgang waagerecht, Inkl. verdeckte Befestigung",Keramik
2529590000,"DU Wand-WC ME by Starck 570mm,TS,rimless Durafix, f.SW m.verd.Anschl., weiß","Duravit ME by Starck Wand WC für Dusch-WC Sitz, Weiß Hochglanz, Spülwassermenge: 4,5 l, Tiefspüler, Spülrand: rimless, Spülprinzip: Verdrängung, Abgang waagerecht, Inkl. verdeckte Befestigung, Inkl. Anschlusskomponente für SensoWash",Keramik
25295900001,"DU Wand-WC ME by Starck 570mm,TS,rimless Durafix, f.SW m.verd.Anschl., weiß WG","Duravit ME by Starck Wand WC für Dusch-WC Sitz, Weiß Hochglanz, Spülwassermenge: 4,5 l, Tiefspüler, Spülrand: rimless, Spülprinzip: Verdrängung, Abgang waagerecht, Inkl. verdeckte Befestigung, WonderGliss, Inkl. Anschlusskomponente für SensoWash",Keramik
2529592000,"DU Wand-WC ME by Starck 570mm,TS,rimless Durafix, f.SW m.verd.Anschl., weiß HyG","Duravit ME by Starck Wand WC für Dusch-WC Sitz, Weiß Hochglanz, HygieneGlaze, Spülwassermenge: 4,5 l, Tiefspüler, Spülrand: rimless, Spülprinzip: Verdrängung, Abgang waagerecht, Inkl. verdeckte Befestigung, Inkl. Anschlusskomponente für SensoWash",Keramik
2530090000,"DU Wand-WC ME by Starck Compact 480 mm Tiefspüler, rimless, Durafix, weiß","Duravit ME by Starck Wand WC, Weiß Hochglanz, Spülwassermenge: 4,5 l, Tiefspüler, Spülrand: rimless, Spülprinzip: Verdrängung, Abgang waagerecht, Inkl. verdeckte Befestigung",Keramik
25300900001,"DU Wand-WC ME by Starck Compact 480 mm Tiefspüler, rimless, Durafix, weiß WG","Duravit ME by Starck Wand WC, Weiß Hochglanz, Spülwassermenge: 4,5 l, Tiefspüler, Spülrand: rimless, Spülprinzip: Verdrängung, Abgang waagerecht, Inkl. verdeckte Befestigung, WonderGliss",Keramik
2530092000,"DU Wand-WC ME by Starck Compact 480 mm Tiefspüler, rimless, Durafix, weiß HyG","Duravit ME by Starck Wand WC, Weiß Hochglanz, HygieneGlaze, Spülwassermenge: 4,5 l, Tiefspüler, Spülrand: rimless, Spülprinzip: Verdrängung, Abgang waagerecht, Inkl. verdeckte Befestigung",Keramik
2530092600,"DU Wand-WC ME by Starck 480mm Weiß/Weiß Seidenmatt,Tiefspüler,rimless,Durafix","Duravit ME by Starck Wand WC, Innenfarbe Weiß Hochglanz, Aussenfarbe Weiß Seidenmatt, Spülwassermenge: 4,5 l, Tiefspüler, Spülrand: rimless, Spülprinzip: Verdrängung, Abgang waagerecht, Inkl. verdeckte Befestigung",Keramik
25300926001,"DU Wand-WC ME by Starck 480mm Weiß/Weiß Seidenmatt,Tiefspüler,riml.,Durafix,WG","Duravit ME by Starck Wand WC, Innenfarbe Weiß Hochglanz, Aussenfarbe Weiß Seidenmatt, Spülwassermenge: 4,5 l, Tiefspüler, Spülrand: rimless, Spülprinzip: Verdrängung, Abgang waagerecht, Inkl. verdeckte Befestigung, WonderGliss",Keramik
2530099000,"DU Wand-WC ME by Starck 480mm Weiß/Weiß Seidenmatt,Tiefspüler,riml.,Durafix,HYG","Duravit ME by Starck Wand WC, Innenfarbe Weiß Hochglanz, Aussenfarbe Weiß Seidenmatt, HygieneGlaze, Spülwassermenge: 4,5 l, Tiefspüler, Spülrand: rimless, Spülprinzip: Verdrängung, Abgang waagerecht, Inkl. verdeckte Befestigung",Keramik
2531150000,"DU Wand-Bidet Architec 580 mm m.ÜL, m.HLB, 1 HL, Durafix, weiß","Duravit Architec Wand Bidet, Weiß Hochglanz, Hahnlochbank: Ja, Anzahl Hahnlöcher pro Waschplatz: 1, Überlauf: Ja, Inkl. verdeckte Befestigung, Inkl. Befestigungsmaterial",Keramik
2533090000,"DU Wand-WC Starck 2 620 mm Tiefspüler, Durafix, weiß","Duravit Starck 2 Wand WC, Weiß Hochglanz, Spülwassermenge: 4,5 l, Tiefspüler, Spülrand: geschlossen, Spülprinzip: Verdrängung, Abgang waagerecht, Inkl. verdeckte Befestigung",Keramik
25330900001,"DU Wand-WC Starck 2 620 mm Tiefspüler, Durafix, weiß WonderGliss","Duravit Starck 2 Wand WC, Weiß Hochglanz, Spülwassermenge: 4,5 l, Tiefspüler, Spülrand: geschlossen, Spülprinzip: Verdrängung, Abgang waagerecht, Inkl. verdeckte Befestigung, WonderGliss",Keramik
2533590000,"DU Wand-WC Starck 2 620 mm, Tiefspüler Durafix, f.SW m.verd.Anschl., weiß","Duravit Starck 2 Wand WC für Dusch-WC Sitz, Weiß Hochglanz, Spülwassermenge: 4,5 l, Tiefspüler, Spülrand: geschlossen, Spülprinzip: Verdrängung, Abgang waagerecht, Inkl. verdeckte Befestigung, Inkl. Anschlusskomponente für SensoWash",Keramik
25335900001,"DU Wand-WC Starck 2 620 mm, Tiefspüler Durafix, f.SW m.verd.Anschl., weiß WG","Duravit Starck 2 Wand WC für Dusch-WC Sitz, Weiß Hochglanz, Spülwassermenge: 4,5 l, Tiefspüler, Spülrand: geschlossen, Spülprinzip: Verdrängung, Abgang waagerecht, Inkl. verdeckte Befestigung, WonderGliss, Inkl. Anschlusskomponente für SensoWash",Keramik
2534090000,"DU Wand-WC Starck 2 540 mm Tiefspüler, Durafix, weiß","Duravit Starck 2 Wand WC, Weiß Hochglanz, Spülwassermenge: 4,5 l, Tiefspüler, Spülrand: geschlossen, Spülprinzip: Verdrängung, Abgang waagerecht, Inkl. verdeckte Befestigung",Keramik
25340900001,"DU Wand-WC Starck 2 540 mm Tiefspüler, Durafix, weiß WonderGliss","Duravit Starck 2 Wand WC, Weiß Hochglanz, Spülwassermenge: 4,5 l, Tiefspüler, Spülrand: geschlossen, Spülprinzip: Verdrängung, Abgang waagerecht, Inkl. verdeckte Befestigung, WonderGliss",Keramik
2535090000,"DU Wand-WC D-Code 545 mm Tiefspüler, weiß","Duravit D-Code Wand WC, Weiß Hochglanz, Spülwassermenge: 4,5 l, Tiefspüler, Spülrand: geschlossen, Abgang waagerecht",Keramik
2535092000,"DU Wand-WC D-Code 545 mm Tiefspüler, weiß, HYG","Duravit D-Code Wand WC, Weiß Hochglanz, HygieneGlaze, Spülwassermenge: 4,5 l, Tiefspüler, Spülrand: geschlossen, Abgang waagerecht",Keramik
2536090000,"DU Wand-WC DuraStyle 540 mm Tiefspüler, weiß","Duravit DuraStyle Wand WC, Weiß Hochglanz, Spülwassermenge: 4,5 l, Tiefspüler, Spülrand: geschlossen, Abgang waagerecht",Keramik
25360900001,"DU Wand-WC DuraStyle 540 mm Tiefspüler, weiß WonderGliss","Duravit DuraStyle Wand WC, Weiß Hochglanz, Spülwassermenge: 4,5 l, Tiefspüler, Spülrand: geschlossen, Abgang waagerecht, WonderGliss",Keramik
2536092000,"DU Wand-WC DuraStyle 540 mm Tiefspüler, weiß, HYG","Duravit DuraStyle Wand WC, Weiß Hochglanz, HygieneGlaze, Spülwassermenge: 4,5 l, Tiefspüler, Spülrand: geschlossen, Abgang waagerecht",Keramik
2537090000,"DU Wand-WC DuraStyle 620 mm Tiefspüler, Durafix, weiß","Duravit DuraStyle Wand WC, Weiß Hochglanz, Spülwassermenge: 4,5 / 3 l, Tiefspüler, Spülrand: geschlossen, Abgang waagerecht, Inkl. verdeckte Befestigung",Keramik
25370900001,"DU Wand-WC DuraStyle 620 mm Tiefspüler, Durafix, weiß WonderGliss","Duravit DuraStyle Wand WC, Weiß Hochglanz, Spülwassermenge: 4,5 / 3 l, Tiefspüler, Spülrand: geschlossen, Abgang waagerecht, Inkl. verdeckte Befestigung, WonderGliss",Keramik
2537092000,"DU Wand-WC DuraStyle 620 mm Tiefspüler, Durafix, weiß, HYG","Duravit DuraStyle Wand WC, Weiß Hochglanz, HygieneGlaze, Spülwassermenge: 4,5 / 3 l, Tiefspüler, Spülrand: geschlossen, Abgang waagerecht, Inkl. verdeckte Befestigung",Keramik
2537590000,"DU Wand-WC DuraStyle 620 mm, Tiefspüler Durafix, f.SW m.verd.Anschl., weiß","Duravit DuraStyle Wand WC für Dusch-WC Sitz, Weiß Hochglanz, Spülwassermenge: 4,5 l, Tiefspüler, Spülrand: geschlossen, Abgang waagerecht, Inkl. verdeckte Befestigung, Inkl. Anschlusskomponente für SensoWash",Keramik
25375900001,"DU Wand-WC DuraStyle 620 mm, Tiefspüler Durafix, f.SW m.verd.Anschl., weiß WG","Duravit DuraStyle Wand WC für Dusch-WC Sitz, Weiß Hochglanz, Spülwassermenge: 4,5 l, Tiefspüler, Spülrand: geschlossen, Abgang waagerecht, Inkl. verdeckte Befestigung, WonderGliss, Inkl. Anschlusskomponente für SensoWash",Keramik
2537592000,"DU Wand-WC DuraStyle 620 mm, Tiefspüler Durafix, f.SW m.verd.Anschl., weiß, HYG","Duravit DuraStyle Wand WC für Dusch-WC Sitz, Weiß Hochglanz, HygieneGlaze, Spülwassermenge: 4,5 l, Tiefspüler, Spülrand: geschlossen, Abgang waagerecht, Inkl. verdeckte Befestigung, Inkl. Anschlusskomponente für SensoWash",Keramik
2538090000,"DU Wand-WC DuraStyle 540 mm Tiefspüler, rimless, weiß","Duravit DuraStyle Wand WC, Weiß Hochglanz, Spülwassermenge: 4,5 / 3 l, Tiefspüler, Spülrand: rimless, Abgang waagerecht",Keramik
25380900001,"DU Wand-WC DuraStyle 540 mm Tiefspüler, rimless, weiß WonderGliss","Duravit DuraStyle Wand WC, Weiß Hochglanz, Spülwassermenge: 4,5 / 3 l, Tiefspüler, Spülrand: rimless, Abgang waagerecht, WonderGliss",Keramik
2538092000,"DU Wand-WC DuraStyle 540 mm Tiefspüler, rimless, weiß, HYG","Duravit DuraStyle Wand WC, Weiß Hochglanz, HygieneGlaze, Spülwassermenge: 4,5 / 3 l, Tiefspüler, Spülrand: rimless, Abgang waagerecht",Keramik
2539090000,"DU Wand-WC DuraStyle Compact 480 mm Tiefspüler, weiß","Duravit DuraStyle Wand WC, Weiß Hochglanz, Spülwassermenge: 4,5 l, Tiefspüler, Spülrand: geschlossen, Abgang waagerecht",Keramik
25390900001,"DU Wand-WC DuraStyle Compact 480 mm Tiefspüler, weiß WonderGliss","Duravit DuraStyle Wand WC, Weiß Hochglanz, Spülwassermenge: 4,5 l, Tiefspüler, Spülrand: geschlossen, Abgang waagerecht, WonderGliss",Keramik
2539092000,"DU Wand-WC DuraStyle Compact 480 mm Tiefspüler, weiß, HYG","Duravit DuraStyle Wand WC, Weiß Hochglanz, HygieneGlaze, Spülwassermenge: 4,5 l, Tiefspüler, Spülrand: geschlossen, Abgang waagerecht",Keramik
2540090000,"DU Wand-WC DuraStyle 540 mm Flachspüler, weiß","Duravit DuraStyle Wand WC, Weiß Hochglanz, Spülwassermenge: 4,5 l, Flachspüler, Spülrand: geschlossen, Abgang waagerecht",Keramik
25400900001,"DU Wand-WC DuraStyle 540 mm Flachspüler, weiß WonderGliss","Duravit DuraStyle Wand WC, Weiß Hochglanz, Spülwassermenge: 4,5 l, Flachspüler, Spülrand: geschlossen, Abgang waagerecht, WonderGliss",Keramik
2540092000,"DU Wand-WC DuraStyle 540 mm Flachspüler, weiß, HYG","Duravit DuraStyle Wand WC, Weiß Hochglanz, HygieneGlaze, Spülwassermenge: 4,5 l, Flachspüler, Spülrand: geschlossen, Abgang waagerecht",Keramik
2542090000,"DU Wand-WC DuraStyle 620 mm Tiefspüler, rimless, Durafix, weiß","Duravit DuraStyle Wand WC, Weiß Hochglanz, Spülwassermenge: 4,5 l, Tiefspüler, Spülrand: rimless, Abgang waagerecht, Inkl. verdeckte Befestigung",Keramik
25420900001,"DU Wand-WC DuraStyle 620 mm Tiefspüler, rimless, Durafix, weiß WG","Duravit DuraStyle Wand WC, Weiß Hochglanz, Spülwassermenge: 4,5 l, Tiefspüler, Spülrand: rimless, Abgang waagerecht, Inkl. verdeckte Befestigung, WonderGliss",Keramik
2542092000,"DU Wand-WC DuraStyle 620 mm Tiefspüler,rimless,Durafix,weiß,HYG","Duravit DuraStyle Wand WC, Weiß Hochglanz, HygieneGlaze, Spülwassermenge: 4,5 l, Tiefspüler, Spülrand: rimless, Abgang waagerecht, Inkl. verdeckte Befestigung",Keramik
2542590000,"DU Wand-WC DuraStyle 620 mm, TS, rimless Durafix, f.SW m.verd.Anschl., weiß","Duravit DuraStyle Wand WC für Dusch-WC Sitz, Weiß Hochglanz, Spülwassermenge: 4,5 l, Tiefspüler, Spülrand: rimless, Abgang waagerecht, Inkl. verdeckte Befestigung, Inkl. Anschlusskomponente für SensoWash",Keramik
25425900001,"DU Wand-WC DuraStyle 620 mm, TS, rimless Durafix, f.SW m.verd.Anschl., weiß WG","Duravit DuraStyle Wand WC für Dusch-WC Sitz, Weiß Hochglanz, Spülwassermenge: 4,5 l, Tiefspüler, Spülrand: rimless, Abgang waagerecht, Inkl. verdeckte Befestigung, WonderGliss, Inkl. Anschlusskomponente für SensoWash",Keramik
2542592000,"DU Wand-WC DuraStyle 620 mm, TS, rimless Durafix, f.SW m.verd.Anschl., weiß, HYG","Duravit DuraStyle Wand WC für Dusch-WC Sitz, Weiß Hochglanz, HygieneGlaze, Spülwassermenge: 4,5 l, Tiefspüler, Spülrand: rimless, Abgang waagerecht, Inkl. verdeckte Befestigung, Inkl. Anschlusskomponente für SensoWash",Keramik
2544090000,"DU Wand-WC Darling New 620 mm Tiefspüler, Durafix, weiß","Duravit Darling New Wand WC, Weiß Hochglanz, Spülwassermenge: 4,5 / 3 l, Tiefspüler, Spülrand: geschlossen, Abgang waagerecht, Inkl. verdeckte Befestigung",Keramik
25440900001,"DU Wand-WC Darling New 620 mm Tiefspüler, Durafix, weiß WonderGliss","Duravit Darling New Wand WC, Weiß Hochglanz, Spülwassermenge: 4,5 / 3 l, Tiefspüler, Spülrand: geschlossen, Abgang waagerecht, Inkl. verdeckte Befestigung, WonderGliss",Keramik
2544092000,"DU Wand-WC Darling New 620 mm Tiefspüler, Durafix, weiß, HYG","Duravit Darling New Wand WC, Weiß Hochglanz, HygieneGlaze, Spülwassermenge: 4,5 / 3 l, Tiefspüler, Spülrand: geschlossen, Abgang waagerecht, Inkl. verdeckte Befestigung",Keramik
2544590000,"DU Wand-WC Darling New 620mm, Tiefspüler Durafix, f.SW m.verd.Anschl., weiß","Duravit Darling New Wand WC für Dusch-WC Sitz, Weiß Hochglanz, Spülwassermenge: 4,5 / 3 l, Tiefspüler, Spülrand: geschlossen, Abgang waagerecht, Inkl. verdeckte Befestigung, Inkl. Anschlusskomponente für SensoWash",Keramik
25445900001,"DU Wand-WC Darling New 620mm, Tiefspüler Durafix, f.SW m.verd.Anschl., weiß WG","Duravit Darling New Wand WC für Dusch-WC Sitz, Weiß Hochglanz, Spülwassermenge: 4,5 / 3 l, Tiefspüler, Spülrand: geschlossen, Abgang waagerecht, Inkl. verdeckte Befestigung, WonderGliss, Inkl. Anschlusskomponente für SensoWash",Keramik
2544592000,"DU Wand-WC Darling New 620mm,Tiefspüler Durafix,f.SW m.verd.Anschl.,weiß,HYG","Duravit Darling New Wand WC für Dusch-WC Sitz, Weiß Hochglanz, HygieneGlaze, Spülwassermenge: 4,5 / 3 l, Tiefspüler, Spülrand: geschlossen, Abgang waagerecht, Inkl. verdeckte Befestigung, Inkl. Anschlusskomponente für SensoWash",Keramik
2545090000,"DU Wand-WC Darling New 540 mm Tiefspüler, Durafix, weiß","Duravit Darling New Wand WC, Weiß Hochglanz, Spülwassermenge: 4,5 l, Tiefspüler, Spülrand: geschlossen, Abgang waagerecht, Inkl. verdeckte Befestigung",Keramik
25450900001,"DU Wand-WC Darling New 540 mm Tiefspüler, Durafix, weiß WonderGliss","Duravit Darling New Wand WC, Weiß Hochglanz, Spülwassermenge: 4,5 l, Tiefspüler, Spülrand: geschlossen, Abgang waagerecht, Inkl. verdeckte Befestigung, WonderGliss",Keramik
2545092000,"DU Wand-WC Darling New 540 mm Tiefspüler, Durafix, weiß, HYG","Duravit Darling New Wand WC, Weiß Hochglanz, HygieneGlaze, Spülwassermenge: 4,5 l, Tiefspüler, Spülrand: geschlossen, Abgang waagerecht, Inkl. verdeckte Befestigung",Keramik
2546090064,"DU Wand-WC Architec 575 mm Tiefspüler, Durafix, weiß","Duravit Architec Wand WC, Weiß Hochglanz, Spülwassermenge: 4,5 l, Tiefspüler, Spülrand: geschlossen, Abgang waagerecht, Inkl. verdeckte Befestigung",Keramik
2546092064,"DU Wand-WC Architec 575 mm Tiefspüler, Durafix, weiß, HYG","Duravit Architec Wand WC, Weiß Hochglanz, HygieneGlaze, Spülwassermenge: 4,5 l, Tiefspüler, Spülrand: geschlossen, Abgang waagerecht, Inkl. verdeckte Befestigung",Keramik
2549090000,"DU Wand-WC Darling New Compact 485 mm Tiefspüler, Durafix, weiß","Duravit Darling New Wand WC, Weiß Hochglanz, Spülwassermenge: 4,5 l, Tiefspüler, Spülrand: geschlossen, Abgang waagerecht, Inkl. verdeckte Befestigung",Keramik
25490900001,"DU Wand-WC Darling New Compact 485 mm Tiefspüler, Durafix, weiß WonderGliss","Duravit Darling New Wand WC, Weiß Hochglanz, Spülwassermenge: 4,5 l, Tiefspüler, Spülrand: geschlossen, Abgang waagerecht, Inkl. verdeckte Befestigung, WonderGliss",Keramik
2549092000,"DU Wand-WC Darling New Compact 485 mm Tiefspüler, Durafix, weiß, HYG","Duravit Darling New Wand WC, Weiß Hochglanz, HygieneGlaze, Spülwassermenge: 4,5 l, Tiefspüler, Spülrand: geschlossen, Abgang waagerecht, Inkl. verdeckte Befestigung",Keramik
2550090000,"DU Wand-WC Happy D.2 620 mm Tiefspüler, rimless, Durafix, weiß","Duravit Happy D.2 Wand WC, Weiß Hochglanz, Spülwassermenge: 4,5 / 3 l, Tiefspüler, Spülrand: rimless, Spülprinzip: Verdrängung, Abgang waagerecht, Inkl. verdeckte Befestigung",Keramik
25500900001,"DU Wand-WC Happy D.2 620 mm Tiefspüler, rimless, Durafix, weiß WG","Duravit Happy D.2 Wand WC, Weiß Hochglanz, Spülwassermenge: 4,5 l, Tiefspüler, Spülrand: rimless, Spülprinzip: Verdrängung, Abgang waagerecht, Inkl. verdeckte Befestigung, WonderGliss",Keramik
2550092000,"DU Wand-WC Happy D.2 620 mm Tiefspüler,rimless,Durafix,weiß,HYG","Duravit Happy D.2 Wand WC, Weiß Hochglanz, HygieneGlaze, Spülwassermenge: 4,5 l, Tiefspüler, Spülrand: rimless, Spülprinzip: Verdrängung, Abgang waagerecht, Inkl. verdeckte Befestigung",Keramik
2550590000,"DU Wand-WC Happy D.2 620 mm, TS, rimless Durafix, f.SW m.verd.Anschl., weiß","Duravit Happy D.2 Wand WC für Dusch-WC Sitz, Weiß Hochglanz, Spülwassermenge: 4,5 l, Tiefspüler, Spülrand: rimless, Spülprinzip: Verdrängung, Abgang waagerecht, Inkl. verdeckte Befestigung, Inkl. Anschlusskomponente für SensoWash",Keramik
25505900001,"DU Wand-WC Happy D.2 620 mm, TS, rimless Durafix, f.SW m.verd.Anschl., weiß WG","Duravit Happy D.2 Wand WC für Dusch-WC Sitz, Weiß Hochglanz, Spülwassermenge: 4,5 l, Tiefspüler, Spülrand: rimless, Spülprinzip: Verdrängung, Abgang waagerecht, Inkl. verdeckte Befestigung, WonderGliss, Inkl. Anschlusskomponente für SensoWash",Keramik
2550592000,"DU Wand-WC Happy D.2 620 mm, TS, rimless Durafix, f.SW m.verd.Anschl., weiß, HYG","Duravit Happy D.2 Wand WC für Dusch-WC Sitz, Weiß Hochglanz, HygieneGlaze, Spülwassermenge: 4,5 l, Tiefspüler, Spülrand: rimless, Spülprinzip: Verdrängung, Abgang waagerecht, Inkl. verdeckte Befestigung, Inkl. Anschlusskomponente für SensoWash",Keramik
2551090000,"DU Wand-WC DuraStyle 540 mm Tiefspüler, rimless, Durafix, weiß","Duravit DuraStyle Wand WC, Weiß Hochglanz, Spülwassermenge: 4,5 l, Tiefspüler, Spülrand: rimless, Abgang waagerecht, Inkl. verdeckte Befestigung",Keramik
25510900001,"DU Wand-WC DuraStyle 540 mm Tiefspüler, rimless, Durafix, weiß WG","Duravit DuraStyle Wand WC, Weiß Hochglanz, Spülwassermenge: 4,5 l, Tiefspüler, Spülrand: rimless, Abgang waagerecht, Inkl. verdeckte Befestigung, WonderGliss",Keramik
2551092000,"DU Wand-WC DuraStyle 540 mm Tiefspüler,rimless,Durafix,weiß,HYG","Duravit DuraStyle Wand WC, Weiß Hochglanz, HygieneGlaze, Spülwassermenge: 4,5 l, Tiefspüler, Spülrand: rimless, Abgang waagerecht, Inkl. verdeckte Befestigung",Keramik
2552090000,"DU Wand-WC DuraStyle 540 mm Tiefspüler, Durafix, weiß","Duravit DuraStyle Wand WC, Weiß Hochglanz, Spülwassermenge: 4,5 l, Tiefspüler, Spülrand: geschlossen, Abgang waagerecht, Inkl. verdeckte Befestigung",Keramik
25520900001,"DU Wand-WC DuraStyle 540 mm Tiefspüler, Durafix, weiß WonderGliss","Duravit DuraStyle Wand WC, Weiß Hochglanz, Spülwassermenge: 4,5 l, Tiefspüler, Spülrand: geschlossen, Abgang waagerecht, Inkl. verdeckte Befestigung, WonderGliss",Keramik
2552092000,"DU Wand-WC DuraStyle 540 mm Tiefspüler, Durafix, weiß, HYG","Duravit DuraStyle Wand WC, Weiß Hochglanz, HygieneGlaze, Spülwassermenge: 4,5 l, Tiefspüler, Spülrand: geschlossen, Abgang waagerecht, Inkl. verdeckte Befestigung",Keramik
2557090000,"DU Wand-WC Darling New 540 mm Tiefspüler, rimless, Durafix, weiß","Duravit Darling New Wand WC, Weiß Hochglanz, Spülwassermenge: 4,5 l, Tiefspüler, Spülrand: rimless, Abgang waagerecht, Inkl. verdeckte Befestigung",Keramik
25570900001,"DU Wand-WC Darling New 540 mm Tiefspüler, rimless, Durafix, weiß WG","Duravit Darling New Wand WC, Weiß Hochglanz, Spülwassermenge: 4,5 l, Tiefspüler, Spülrand: rimless, Abgang waagerecht, Inkl. verdeckte Befestigung, WonderGliss",Keramik
2557092000,"DU Wand-WC Darling New 540 mm Tiefspüler,rimless,Durafix,weiß,HYG","Duravit Darling New Wand WC, Weiß Hochglanz, HygieneGlaze, Spülwassermenge: 4,5 l, Tiefspüler, Spülrand: rimless, Abgang waagerecht, Inkl. verdeckte Befestigung",Keramik
2559090000,"DU Wand-WC DuraStyle Vital 700 mm Tiefspüler, rimless, Durafix, weiß","Duravit DuraStyle Wand WC, Weiß Hochglanz, Spülwassermenge: 4,5 l, Tiefspüler, Spülrand: rimless, Abgang waagerecht, Barrierefreie Ausführung, Inkl. verdeckte Befestigung",Keramik
25590900001,"DU Wand-WC DuraStyle Vital 700 mm Tiefspüler, rimless, Durafix, weiß WG","Duravit DuraStyle Wand WC, Weiß Hochglanz, Spülwassermenge: 4,5 l, Tiefspüler, Spülrand: rimless, Abgang waagerecht, Barrierefreie Ausführung, Inkl. verdeckte Befestigung, WonderGliss",Keramik
2559092000,"DU Wand-WC DuraStyle Vital 700 mm Tiefspüler,rimless,Durafix,weiß,HYG","Duravit DuraStyle Wand WC, Weiß Hochglanz, HygieneGlaze, Spülwassermenge: 4,5 l, Tiefspüler, Spülrand: rimless, Abgang waagerecht, Barrierefreie Ausführung, Inkl. verdeckte Befestigung",Keramik
2561090000,"DU Wand-WC P3 Comforts 570 mm Tiefspüler, rimless, Durafix, weiß","Duravit P3 Comforts Wand WC, Weiß Hochglanz, Spülwassermenge: 4,5 l, Tiefspüler, Spülrand: rimless, Abgang waagerecht, Inkl. verdeckte Befestigung",Keramik
25610900001,"DU Wand-WC P3 Comforts 570 mm Tiefspüler, rimless, Durafix, weiß WG","Duravit P3 Comforts Wand WC, Weiß Hochglanz, Spülwassermenge: 4,5 l, Tiefspüler, Spülrand: rimless, Abgang waagerecht, Inkl. verdeckte Befestigung, WonderGliss",Keramik
2561092000,"DU Wand-WC P3 Comforts 570 mm Tiefspüler, rimless, Durafix, weiß HyG","Duravit P3 Comforts Wand WC, Weiß Hochglanz, HygieneGlaze, Spülwassermenge: 4,5 l, Tiefspüler, Spülrand: rimless, Abgang waagerecht, Inkl. verdeckte Befestigung",Keramik
2561590000,"DU Wand-WC P3 Comforts 570 mm, TS Durafix, f.SW m.verd.Anschl., weiß","Duravit P3 Comforts Wand WC für Dusch-WC Sitz, Weiß Hochglanz, Spülwassermenge: 4,5 l, Tiefspüler, Spülrand: rimless, Abgang waagerecht, Inkl. verdeckte Befestigung, Inkl. Anschlusskomponente für SensoWash",Keramik
25615900001,"DU Wand-WC P3 Comforts 570 mm, TS Durafix, f.SW m.verd.Anschl., weiß WG","Duravit P3 Comforts Wand WC für Dusch-WC Sitz, Weiß Hochglanz, Spülwassermenge: 4,5 l, Tiefspüler, Spülrand: rimless, Abgang waagerecht, Inkl. verdeckte Befestigung, WonderGliss, Inkl. Anschlusskomponente für SensoWash",Keramik
2561592000,"DU Wand-WC P3 Comforts 570 mm, TS Durafix, f.SW m.verd.Anschl., weiß HyG","Duravit P3 Comforts Wand WC für Dusch-WC Sitz, Weiß Hochglanz, HygieneGlaze, Spülwassermenge: 4,5 l, Tiefspüler, Spülrand: rimless, Abgang waagerecht, Inkl. verdeckte Befestigung, Inkl. Anschlusskomponente für SensoWash",Keramik
2562090000,"DU Wand-WC Duravit No.1 540 mm Tiefspüler, rimless, weiß","Duravit Duravit No.1 Wand WC, Weiß Hochglanz, Spülwassermenge: 4,5 l, Tiefspüler, Spülrand: rimless, Spülprinzip: Verdrängung, Abgang waagerecht",Keramik
2562092000,"DU Wand-WC Duravit No.1 540 mm Tiefspüler, rimless, weiß, HYG","Duravit Duravit No.1 Wand WC, Weiß Hochglanz, HygieneGlaze, Spülwassermenge: 4,5 l, Tiefspüler, Spülrand: rimless, Spülprinzip: Verdrängung, Abgang waagerecht",Keramik
2570090000,"DU Wand-WC D-Code 545mm, weiß rimless, Tiefspüler, 4,5Liter","Duravit D-Code Wand WC, Weiß Hochglanz, Spülwassermenge: 4,5 l, Tiefspüler, Spülrand: rimless, Abgang waagerecht",Keramik
2570092000,"DU Wand-WC D-Code 545mm, weiß rimless, Tiefsp., 4,5L, HYG","Duravit D-Code Wand WC, Weiß Hochglanz, HygieneGlaze, Spülwassermenge: 4,5 l, Tiefspüler, Spülrand: rimless, Abgang waagerecht",Keramik
2571090000,"DU Wand-WC DuraStyle 480mm compact, rimless, Tiefspüler, 4,5L, Weiß","Duravit DuraStyle Wand WC, Weiß Hochglanz, Spülwassermenge: 4,5 l, Tiefspüler, Spülrand: rimless, Abgang waagerecht",Keramik
25710900001,"DU Wand-WC DuraStyle 480mm compact, rimless, Tiefspüler, 4,5L, Weiß, WG","Duravit DuraStyle Wand WC, Weiß Hochglanz, Spülwassermenge: 4,5 l, Tiefspüler, Spülrand: rimless, Abgang waagerecht, WonderGliss",Keramik
2571092000,"DU Wand-WC DuraStyle 480mm compact, rimless, Tiefspüler, 4,5L, Weiß, HYG","Duravit DuraStyle Wand WC, Weiß Hochglanz, HygieneGlaze, Spülwassermenge: 4,5 l, Tiefspüler, Spülrand: rimless, Abgang waagerecht",Keramik
2572090000,"DU Wand-WC Architec 575mm, Weiß Tiefspüler, rimless, Durafix inkl.","Duravit Architec Wand WC, Weiß Hochglanz, Spülwassermenge: 4,5 / 3 l, Tiefspüler, Spülrand: rimless, Spülprinzip: Verdrängung, Abgang waagerecht, Inkl. verdeckte Befestigung",Keramik
2572092000,"DU Wand-WC Architec 575mm, Weiß Tiefspüler, rimless, Durafix inkl,HYG","Duravit Architec Wand WC, Weiß Hochglanz, HygieneGlaze, Spülwassermenge: 4,5 l, Tiefspüler, Spülrand: rimless, Abgang waagerecht, Inkl. verdeckte Befestigung",Keramik
2573090000,"DU Wand-WC Design Classics Viu Compact  480mm, Weiß TS, rimless,Durafix","Duravit Design Classics Viu Wand WC, Weiß Hochglanz, Spülwassermenge: 4,5 l, Tiefspüler, Spülrand: rimless, Abgang waagerecht, Inkl. verdeckte Befestigung",Keramik
25730900001,"DU Wand-WC Design Classics Viu Compact 480mm, Weiß TS,riml.,Durafix,WG","Duravit Design Classics Viu Wand WC, Weiß Hochglanz, Spülwassermenge: 4,5 l, Tiefspüler, Spülrand: rimless, Abgang waagerecht, Inkl. verdeckte Befestigung, WonderGliss",Keramik
2573092000,"DU Wand-WC Design Classics Viu Compact  480mm, Weiß Tiefspüler,riml.,Durafix,HYG","Duravit Design Classics Viu Wand WC, Weiß Hochglanz, HygieneGlaze, Spülwassermenge: 4,5 l, Tiefspüler, Spülrand: rimless, Abgang waagerecht, Inkl. verdeckte Befestigung",Keramik
2574090000,"DU Wand-WC Duravit No.1 Kind 480mm Weiß, Tiefspüler, rimless","Duravit Duravit No.1 Wand WC, Weiß Hochglanz, Spülwassermenge: 4,5 l, Tiefspüler, Spülrand: rimless, Spülprinzip: Verdrängung, Abgang waagerecht",Keramik
2574092000,"DU Wand-WC Duravit No.1 Kind 480mm Weiß, Tiefspüler, rimless, HYG","Duravit Duravit No.1 Wand WC, Weiß Hochglanz, HygieneGlaze, Spülwassermenge: 4,5 l, Tiefspüler, Spülrand: rimless, Spülprinzip: Verdrängung, Abgang waagerecht",Keramik
2575090000,"DU Wand-WC Duravit No.1 Compact 480mm, Weiß, Tiefspüler, rimless","Duravit Duravit No.1 Wand WC, Weiß Hochglanz, Spülwassermenge: 4,5 l, Tiefspüler, Spülrand: rimless, Spülprinzip: Verdrängung, Abgang waagerecht",Keramik
2575092000,"DU Wand-WC Duravit No.1 Compact 480mm, Weiß, Tiefspüler, rimless, HYG","Duravit Duravit No.1 Wand WC, Weiß Hochglanz, HygieneGlaze, Spülwassermenge: 4,5 l, Tiefspüler, Spülrand: rimless, Spülprinzip: Verdrängung, Abgang waagerecht",Keramik
2577090000,"DU WWC 540mm D-Neo, weiß, Tiefspüler rimless, Durafix inkl.","Duravit D-Neo Wand WC, Weiß Hochglanz, Spülwassermenge: 4,5 / 3 l, Tiefspüler, Spülrand: rimless, Spülprinzip: Verdrängung, Abgang waagerecht, Inkl. verdeckte Befestigung",Keramik
25770900001,"DU WWC 540mm D-Neo, weiß, Tiefspüler rimless, Durafix inkl., WGL","Duravit D-Neo Wand WC, Weiß Hochglanz, Spülwassermenge: 4,5 l, Tiefspüler, Spülrand: rimless, Spülprinzip: Verdrängung, Abgang waagerecht, Inkl. verdeckte Befestigung, WonderGliss",Keramik
2577092000,"DU WWC 540mm D-Neo, weiß, Tiefspüler rimless, Durafix inkl., HYG","Duravit D-Neo Wand WC, Weiß Hochglanz, HygieneGlaze, Spülwassermenge: 4,5 l, Tiefspüler, Spülrand: rimless, Spülprinzip: Verdrängung, Abgang waagerecht, Inkl. verdeckte Befestigung",Keramik
2578090000,"DU WWC 540mm D-Neo, weiß, Tiefspüler rimless","Duravit D-Neo Wand WC, Weiß Hochglanz, Spülwassermenge: 4,5 l, Tiefspüler, Spülrand: rimless, Spülprinzip: Verdrängung, Abgang waagerecht",Keramik
25780900001,"DU WWC 540mm D-Neo, weiß, Tiefspüler rimless, WGL","Duravit D-Neo Wand WC, Weiß Hochglanz, Spülwassermenge: 4,5 l, Tiefspüler, Spülrand: rimless, Spülprinzip: Verdrängung, Abgang waagerecht, WonderGliss",Keramik
2578092000,"DU WWC 540mm D-Neo, weiß, Tiefspüler rimless, HYG","Duravit D-Neo Wand WC, Weiß Hochglanz, HygieneGlaze, Spülwassermenge: 4,5 l, Tiefspüler, Spülrand: rimless, Spülprinzip: Verdrängung, Abgang waagerecht",Keramik
2587090000,"DU Wand-WC compact 480 mm D-Neo, weiß rimless, Tiefspüler","Duravit D-Neo Wand WC, Weiß Hochglanz, Spülwassermenge: 4,5 l, Tiefspüler, Spülrand: rimless, Spülprinzip: Verdrängung, Abgang waagerecht",Keramik
25870900001,"DU Wand-WC compact 480 mm D-Neo, weiß rimless, Tiefspüler, WGL","Duravit D-Neo Wand WC, Weiß Hochglanz, Spülwassermenge: 4,5 l, Tiefspüler, Spülrand: rimless, Spülprinzip: Verdrängung, Abgang waagerecht, WonderGliss",Keramik
2587092000,"DU Wand-WC compact 480 mm D-Neo, weiß rimless, Tiefspüler, HYG","Duravit D-Neo Wand WC, Weiß Hochglanz, HygieneGlaze, Spülwassermenge: 4,5 l, Tiefspüler, Spülrand: rimless, Spülprinzip: Verdrängung, Abgang waagerecht",Keramik
2621550000,"DU Waschtisch Darling New 550 mm mit ÜL, mit HLB, 1 HL, weiß","Duravit Darling New Waschtisch, Weiß Hochglanz, Rund, Anzahl Waschplätze: 1 Mitte, Hahnlochbank: Ja, Anzahl Hahnlöcher pro Waschplatz: 1 Mitte, Überlauf: Ja, Von unten glasiert, Rückwand glasiert: Nein, 550 mm",Keramik
26215500001,"DU Waschtisch Darling New 550 mm mit ÜL, mit HLB, 1 HL, weiß WonderGliss","Duravit Darling New Waschtisch, Weiß Hochglanz, Halbrund, Anzahl Waschplätze: 1 Mitte, Hahnlochbank: Ja, Anzahl Hahnlöcher pro Waschplatz: 1 Mitte, Überlauf: Ja, WonderGliss, Von unten glasiert, Rückwand glasiert: Nein, 550 mm",Keramik
2621650000,"DU Waschtisch Darling New 650 mm mit ÜL, mit HLB, 1 HL, weiß","Duravit Darling New Waschtisch, Weiß Hochglanz, Halbrund, Anzahl Waschplätze: 1 Mitte, Hahnlochbank: Ja, Anzahl Hahnlöcher pro Waschplatz: 1 Mitte, Überlauf: Ja, Von unten glasiert, Rückwand glasiert: Nein, 650 mm",Keramik
26216500001,"DU Waschtisch Darling New 650 mm mit ÜL, mit HLB, 1 HL, weiß WonderGliss","Duravit Darling New Waschtisch, Weiß Hochglanz, Halbrund, Anzahl Waschplätze: 1 Mitte, Hahnlochbank: Ja, Anzahl Hahnlöcher pro Waschplatz: 1 Mitte, Überlauf: Ja, WonderGliss, Von unten glasiert, Rückwand glasiert: Nein, 650 mm",Keramik
2801320000,"DU Urinal Vero, Zulauf von hinten absaugend, f.Deckel, o.Fliege, weiß","Duravit Vero Urinal, Weiß Hochglanz, Spülrand: geschlossen, Spülform: Absauger, Position Zulauf: Hinten, Ausführung für Deckel, Verdeckter Zulauf, Inkl. Befestigungsmaterial, Abgang: waagerecht, Verdeckter Abgang, Anschlussmaß Wasseranschluss: 1/2""",Keramik
2804300000,"DU Urinal DuraStyle, Zulauf von hinten absaugend, ohne Fliege, weiß","Duravit DuraStyle Urinal, Weiß Hochglanz, Spülrand: geschlossen, Spülform: Absauger, Position Zulauf: Hinten, Inkl. Befestigungsmaterial, Abgang: senkrecht, waagerecht, Verdeckter Abgang, Anschlussmaß Wasseranschluss: 1/2""",Keramik
28043000001,"DU Urinal DuraStyle, Zulauf von hinten absaugend, ohne Fliege, weiß WG","Duravit DuraStyle Urinal, Weiß Hochglanz, Spülrand: geschlossen, Spülform: Absauger, Position Zulauf: Hinten, Inkl. Befestigungsmaterial, WonderGliss, Abgang: senkrecht, waagerecht, Verdeckter Abgang, Anschlussmaß Wasseranschluss: 1/2""",Keramik
2804300007,"DU Urinal DuraStyle, Zulauf von hinten absaugend, mit Fliege, weiß","Duravit DuraStyle Urinal, Weiß Hochglanz, Spülrand: geschlossen, Spülform: Absauger, Position Zulauf: Hinten, Zielfliege, Inkl. Befestigungsmaterial, Abgang: senkrecht, waagerecht, Verdeckter Abgang, Anschlussmaß Wasseranschluss: 1/2""",Keramik
28043000071,"DU Urinal DuraStyle, Zulauf von hinten absaugend, mit Fliege, weiß WG","Duravit DuraStyle Urinal, Weiß Hochglanz, Spülrand: geschlossen, Spülform: Absauger, Position Zulauf: Hinten, Zielfliege, Inkl. Befestigungsmaterial, WonderGliss, Abgang: senkrecht, waagerecht, Verdeckter Abgang, Anschlussmaß Wasseranschluss: 1/2""",Keramik
2804302000,"DU Urinal DuraStyle, Zulauf von hinten absaugend, ohne Fliege, weiß, HYG","Duravit DuraStyle Urinal, Weiß Hochglanz, HygieneGlaze, Spülrand: geschlossen, Spülform: Absauger, Position Zulauf: Hinten, Inkl. Befestigungsmaterial, Abgang: senkrecht, waagerecht, Verdeckter Abgang, Anschlussmaß Wasseranschluss: 1/2""",Keramik
2804302007,"DU Urinal DuraStyle, Zulauf von hinten absaugend, mit Fliege, weiß, HYG","Duravit DuraStyle Urinal, Weiß Hochglanz, HygieneGlaze, Spülrand: geschlossen, Spülform: Absauger, Position Zulauf: Hinten, Zielfliege, Inkl. Befestigungsmaterial, Abgang: senkrecht, waagerecht, Verdeckter Abgang, Anschlussmaß Wasseranschluss: 1/2""",Keramik
2804310000,"DU Urinal Durastyle, Zulauf von hinten f.Batterieanschluss, o.Fliege, weiß","Duravit DuraStyle Elektronisches Urinal, Weiß Hochglanz, Elektronische Steuerung: Batterieanschluss, Spülrand: offen, Spülform: Absauger, Position Zulauf: Hinten, Inkl. Befestigungsmaterial, Abgang: waagerecht, Verdeckter Abgang, Inkl. elektr. Steuerung",Keramik
28043100001,"DU Urinal Durastyle, Zulauf von hinten f.Batterieanschluss, o.Fliege, weiß WG","Duravit DuraStyle Elektronisches Urinal, Weiß Hochglanz, Elektronische Steuerung: Batterieanschluss, Spülrand: offen, Spülform: Absauger, Position Zulauf: Hinten, Inkl. Befestigungsmaterial, WonderGliss, Abgang: waagerecht, Verdeckter Abgang, Inkl. elektr. Steuerung",Keramik
2804310007,"DU Urinal Durastyle, Zulauf von hinten f.Batterieanschluss, m.Fliege, weiß","Duravit DuraStyle Elektronisches Urinal, Weiß Hochglanz, Elektronische Steuerung: Batterieanschluss, Spülrand: offen, Spülform: Absauger, Position Zulauf: Hinten, Zielfliege, Inkl. Befestigungsmaterial, Abgang: waagerecht, Verdeckter Abgang, Inkl. elektr. Steuerung",Keramik
2804310093,"DU Urinal Durastyle, Zulauf von hinten f.Netzanschluss, o.Fliege, weiß","Duravit DuraStyle Elektronisches Urinal, Weiß Hochglanz, Elektronische Steuerung: Netzanschluss, Spülrand: offen, Spülform: Absauger, Position Zulauf: Hinten, Inkl. Befestigungsmaterial, Abgang: waagerecht, Verdeckter Abgang, Inkl. elektr. Steuerung",Keramik
28043100931,"DU Urinal Durastyle, Zulauf von hinten f.Netzanschluss, o.Fliege, weiß WG","Duravit DuraStyle Elektronisches Urinal, Weiß Hochglanz, Elektronische Steuerung: Netzanschluss, Spülrand: offen, Spülform: Absauger, Position Zulauf: Hinten, Inkl. Befestigungsmaterial, WonderGliss, Abgang: waagerecht, Verdeckter Abgang, Inkl. elektr. Steuerung",Keramik
2804312000,"DU Urinal Durastyle, Zulauf von hinten f.Batterieanschluss,o.Fliege,weiß,HYG","Duravit DuraStyle Elektronisches Urinal, Weiß Hochglanz, HygieneGlaze, Elektronische Steuerung: Batterieanschluss, Spülrand: offen, Spülform: Absauger, Position Zulauf: Hinten, Inkl. Befestigungsmaterial, Abgang: waagerecht, Verdeckter Abgang, Inkl. elektr. Steuerung",Keramik
2804312007,"DU Urinal Durastyle, Zulauf von hinten f.Batterieanschluss,m.Fliege,weiß,HYG","Duravit DuraStyle Elektronisches Urinal, Weiß Hochglanz, HygieneGlaze, Elektronische Steuerung: Batterieanschluss, Spülrand: offen, Spülform: Absauger, Position Zulauf: Hinten, Zielfliege, Inkl. Befestigungsmaterial, Abgang: waagerecht, Verdeckter Abgang, Inkl. elektr. Steuerung",Keramik
2804312093,"DU Urinal Durastyle, Zulauf von hinten f.Netzanschluss, o.Fliege, weiß, HYG","Duravit DuraStyle Elektronisches Urinal, Weiß Hochglanz, HygieneGlaze, Elektronische Steuerung: Netzanschluss, Spülrand: offen, Spülform: Absauger, Position Zulauf: Hinten, Inkl. Befestigungsmaterial, Abgang: waagerecht, Verdeckter Abgang, Inkl. elektr. Steuerung",Keramik
2804312097,"DU Urinal Durastyle, Zulauf von hinten f.Netzanschluss, m.Fliege, weiß, HYG","Duravit DuraStyle Elektronisches Urinal, Weiß Hochglanz, HygieneGlaze, Elektronische Steuerung: Netzanschluss, Spülrand: offen, Spülform: Absauger, Position Zulauf: Hinten, Zielfliege, Inkl. Befestigungsmaterial, Abgang: waagerecht, Verdeckter Abgang, Inkl. elektr. Steuerung",Keramik
2806300000,"DU Urinal DuraStyle, Zulauf von hinten rimless, ohne Fliege, weiß","Duravit DuraStyle Urinal, Weiß Hochglanz, Spülrand: rimless, Spülprinzip: Spüldüse, Spülform: Verdrängung, Position Zulauf: Hinten, Verdeckter Zulauf, Inkl. Zulauf-Set, Inkl. Befestigungsmaterial, Abgang: waagerecht, Verdeckter Abgang, Inkl. Geruchsverschluss, Inkl. Spüldüse, Anschlussmaß Wasseranschluss: 1/2""",Keramik
28063000001,"DU Urinal DuraStyle, Zulauf von hinten rimless, ohne Fliege, weiß WG","Duravit DuraStyle Urinal, Weiß Hochglanz, Spülrand: rimless, Spülprinzip: Spüldüse, Spülform: Verdrängung, Position Zulauf: Hinten, Verdeckter Zulauf, Inkl. Zulauf-Set, Inkl. Befestigungsmaterial, WonderGliss, Abgang: waagerecht, Verdeckter Abgang, Inkl. Geruchsverschluss, Inkl. Spüldüse, Anschlussmaß Wasseranschluss: 1/2""",Keramik
2806300007,"DU Urinal DuraStyle, Zulauf von hinten rimless, mit Fliege, weiß","Duravit DuraStyle Urinal, Weiß Hochglanz, Spülrand: rimless, Spülprinzip: Spüldüse, Spülform: Verdrängung, Position Zulauf: Hinten, Zielfliege, Verdeckter Zulauf, Inkl. Zulauf-Set, Inkl. Befestigungsmaterial, Abgang: waagerecht, Verdeckter Abgang, Inkl. Geruchsverschluss, Inkl. Spüldüse, Anschlussmaß Wasseranschluss: 1/2""",Keramik
28063000071,"DU Urinal DuraStyle, Zulauf von hinten rimless, mit Fliege, weiß WG","Duravit DuraStyle Urinal, Weiß Hochglanz, Spülrand: rimless, Spülprinzip: Spüldüse, Spülform: Verdrängung, Position Zulauf: Hinten, Zielfliege, Verdeckter Zulauf, Inkl. Zulauf-Set, Inkl. Befestigungsmaterial, WonderGliss, Abgang: waagerecht, Verdeckter Abgang, Inkl. Geruchsverschluss, Inkl. Spüldüse, Anschlussmaß Wasseranschluss: 1/2""",Keramik
2806302000,"DU Urinal DuraStyle, Zulauf von hinten rimless, ohne Fliege, weiß, HYG","Duravit DuraStyle Urinal, Weiß Hochglanz, HygieneGlaze, Spülrand: rimless, Spülprinzip: Spüldüse, Spülform: Verdrängung, Position Zulauf: Hinten, Verdeckter Zulauf, Inkl. Zulauf-Set, Inkl. Befestigungsmaterial, Abgang: waagerecht, Verdeckter Abgang, Inkl. Geruchsverschluss, Inkl. Spüldüse, Anschlussmaß Wasseranschluss: 1/2""",Keramik
2806302007,"DU Urinal DuraStyle, Zulauf von hinten rimless, mit Fliege, weiß, HYG","Duravit DuraStyle Urinal, Weiß Hochglanz, HygieneGlaze, Spülrand: rimless, Spülprinzip: Spüldüse, Spülform: Verdrängung, Position Zulauf: Hinten, Zielfliege, Verdeckter Zulauf, Inkl. Zulauf-Set, Inkl. Befestigungsmaterial, Abgang: waagerecht, Verdeckter Abgang, Inkl. Geruchsverschluss, Inkl. Spüldüse, Anschlussmaß Wasseranschluss: 1/2""",Keramik
2806310000,"DU Urinal Durastyle, Zulauf von hinten rimless, f.Batt., o.Fliege, weiß","Duravit DuraStyle Elektronisches Urinal, Weiß Hochglanz, Elektronische Steuerung: Batterieanschluss, Spülrand: rimless, Spülprinzip: Spüldüse, Spülform: Verdrängung, Position Zulauf: Hinten, Verdeckter Zulauf, Inkl. Zulauf-Set, Inkl. Befestigungsmaterial, Abgang: waagerecht, Verdeckter Abgang, Inkl. elektr. Steuerung, Inkl. Geruchsverschluss, Inkl. Spüldüse",Keramik
28063100001,"DU Urinal Durastyle, Zulauf von hinten rimless, f.Batt., o.Fliege, weiß WG","Duravit DuraStyle Elektronisches Urinal, Weiß Hochglanz, Elektronische Steuerung: Batterieanschluss, Spülrand: rimless, Spülprinzip: Spüldüse, Spülform: Verdrängung, Position Zulauf: Hinten, Verdeckter Zulauf, Inkl. Zulauf-Set, Inkl. Befestigungsmaterial, WonderGliss, Abgang: waagerecht, Verdeckter Abgang, Inkl. elektr. Steuerung, Inkl. Geruchsverschluss, Inkl. Spüldüse",Keramik
2806310007,"DU Urinal Durastyle, Zulauf von hinten rimless, f.Batt., m.Fliege, weiß","Duravit DuraStyle Elektronisches Urinal, Weiß Hochglanz, Elektronische Steuerung: Batterieanschluss, Spülrand: rimless, Spülprinzip: Spüldüse, Spülform: Verdrängung, Position Zulauf: Hinten, Zielfliege, Verdeckter Zulauf, Inkl. Zulauf-Set, Inkl. Befestigungsmaterial, Abgang: waagerecht, Verdeckter Abgang, Inkl. elektr. Steuerung, Inkl. Geruchsverschluss, Inkl. Spüldüse",Keramik
28063100071,"DU Urinal Durastyle, Zulauf von hinten rimless, f.Batt., m.Fliege, weiß WG","Duravit DuraStyle Elektronisches Urinal, Weiß Hochglanz, Elektronische Steuerung: Batterieanschluss, Spülrand: rimless, Spülprinzip: Spüldüse, Spülform: Verdrängung, Position Zulauf: Hinten, Zielfliege, Verdeckter Zulauf, Inkl. Zulauf-Set, Inkl. Befestigungsmaterial, WonderGliss, Abgang: waagerecht, Verdeckter Abgang, Inkl. elektr. Steuerung, Inkl. Geruchsverschluss, Inkl. Spüldüse",Keramik
2806310093,"DU Urinal Durastyle, Zulauf von hinten rimless, f.Netz, o.Fliege, weiß","Duravit DuraStyle Elektronisches Urinal, Weiß Hochglanz, Elektronische Steuerung: Netzanschluss, Spülrand: rimless, Spülprinzip: Spüldüse, Spülform: Verdrängung, Position Zulauf: Hinten, Verdeckter Zulauf, Inkl. Zulauf-Set, Inkl. Befestigungsmaterial, Abgang: waagerecht, Verdeckter Abgang, Inkl. elektr. Steuerung, Inkl. Geruchsverschluss, Inkl. Spüldüse",Keramik
28063100931,"DU Urinal Durastyle, Zulauf von hinten rimless, f.Netz, o.Fliege, weiß WG","Duravit DuraStyle Elektronisches Urinal, Weiß Hochglanz, Elektronische Steuerung: Netzanschluss, Spülrand: rimless, Spülprinzip: Spüldüse, Spülform: Verdrängung, Position Zulauf: Hinten, Verdeckter Zulauf, Inkl. Zulauf-Set, Inkl. Befestigungsmaterial, WonderGliss, Abgang: waagerecht, Verdeckter Abgang, Inkl. elektr. Steuerung, Inkl. Geruchsverschluss, Inkl. Spüldüse",Keramik
2806310097,"DU Urinal Durastyle, Zulauf von hinten rimless, f.Netz, m.Fliege, weiß","Duravit DuraStyle Elektronisches Urinal, Weiß Hochglanz, Elektronische Steuerung: Netzanschluss, Spülrand: rimless, Spülprinzip: Spüldüse, Spülform: Verdrängung, Position Zulauf: Hinten, Zielfliege, Verdeckter Zulauf, Inkl. Zulauf-Set, Inkl. Befestigungsmaterial, Abgang: waagerecht, Verdeckter Abgang, Inkl. elektr. Steuerung, Inkl. Geruchsverschluss, Inkl. Spüldüse",Keramik
2806312000,"DU Urinal Durastyle, Zulauf von hinten rimless, f.Batt., o.Fliege, weiß, HYG","Duravit DuraStyle Elektronisches Urinal, Weiß Hochglanz, HygieneGlaze, Elektronische Steuerung: Batterieanschluss, Spülrand: rimless, Spülprinzip: Spüldüse, Verdrängung, Spülform: Verdrängung, Position Zulauf: Hinten, Verdeckter Zulauf, Inkl. Zulauf-Set, Inkl. Befestigungsmaterial, Abgang: waagerecht, Verdeckter Abgang, Inkl. elektr. Steuerung, Inkl. Geruchsverschluss, Inkl. Spüldüse",Keramik
2806312007,"DU Urinal Durastyle, Zulauf von hinten rimless, f.Batt., m.Fliege, weiß, HYG","Duravit DuraStyle Elektronisches Urinal, Weiß Hochglanz, HygieneGlaze, Elektronische Steuerung: Batterieanschluss, Spülrand: rimless, Spülprinzip: Spüldüse, Spülform: Verdrängung, Position Zulauf: Hinten, Zielfliege, Verdeckter Zulauf, Inkl. Zulauf-Set, Inkl. Befestigungsmaterial, Abgang: waagerecht, Verdeckter Abgang, Inkl. elektr. Steuerung, Inkl. Geruchsverschluss, Inkl. Spüldüse",Keramik
2806312093,"DU Urinal Durastyle, Zulauf von hinten rimless, f.Netz, o.Fliege, weiß, HYG","Duravit DuraStyle Elektronisches Urinal, Weiß Hochglanz, HygieneGlaze, Elektronische Steuerung: Netzanschluss, Spülrand: rimless, Spülprinzip: Spüldüse, Spülform: Verdrängung, Position Zulauf: Hinten, Verdeckter Zulauf, Inkl. Zulauf-Set, Inkl. Befestigungsmaterial, Abgang: waagerecht, Verdeckter Abgang, Inkl. elektr. Steuerung, Inkl. Geruchsverschluss, Inkl. Spüldüse",Keramik
2806312097,"DU Urinal Durastyle, Zulauf von hinten rimless, f.Netz, m.Fliege, weiß, HYG","Duravit DuraStyle Elektronisches Urinal, Weiß Hochglanz, HygieneGlaze, Elektronische Steuerung: Netzanschluss, Spülrand: rimless, Spülprinzip: Spüldüse, Spülform: Verdrängung, Position Zulauf: Hinten, Zielfliege, Verdeckter Zulauf, Inkl. Zulauf-Set, Inkl. Befestigungsmaterial, Abgang: waagerecht, Verdeckter Abgang, Inkl. elektr. Steuerung, Inkl. Geruchsverschluss, Inkl. Spüldüse",Keramik
2808300000,"DU Urinal DuraStyle Dry, wasserlos Abg.waagr., GV, ohne Fliege, weiß","Duravit DuraStyle Wasserloses Urinal, Weiß Hochglanz, Wasserlos, Inkl. Befestigungsmaterial",Keramik
2808300007,"DU Urinal DuraStyle Dry, wasserlos Abg.waagr., GV, mit Fliege, weiß","Duravit DuraStyle Wasserloses Urinal, Weiß Hochglanz, Wasserlos, Zielfliege, Inkl. Befestigungsmaterial",Keramik
2808302000,"DU Urinal DuraStyle Dry, wasserlos Abg.waagr.,GV,ohne Fliege,weiß,HYG","Duravit DuraStyle Wasserloses Urinal, Weiß Hochglanz, HygieneGlaze, Wasserlos, Inkl. Befestigungsmaterial",Keramik
2808302007,"DU Urinal DuraStyle Dry, wasserlos Abg.waagr.,GV,mit Fliege,weiß,HYG","Duravit DuraStyle Wasserloses Urinal, Weiß Hochglanz, HygieneGlaze, Wasserlos, Zielfliege, Inkl. Befestigungsmaterial",Keramik
2809300000,"DU Urinal ME by Starck, Zulauf v.hinten rimless, ohne Fliege, weiß","Duravit ME by Starck Urinal, Weiß Hochglanz, Spülrand: rimless, Spülform: Absauger, Position Zulauf: Hinten, Verdeckter Zulauf, Inkl. Befestigungsmaterial, Abgang: waagerecht, Verdeckter Abgang",Keramik
28093000001,"DU Urinal ME by Starck, Zulauf v.hinten rimless, ohne Fliege, weiß WonderGliss","Duravit ME by Starck Urinal, Weiß Hochglanz, Spülrand: rimless, Spülprinzip: Spüldüse, Spülform: Absauger, Position Zulauf: Hinten, Verdeckter Zulauf, Inkl. Befestigungsmaterial, WonderGliss, Abgang: waagerecht, Verdeckter Abgang",Keramik
2809300007,"DU Urinal ME by Starck, Zulauf v.hinten rimless, mit Fliege, weiß","Duravit ME by Starck Urinal, Weiß Hochglanz, Spülrand: rimless, Spülform: Absauger, Position Zulauf: Hinten, Zielfliege, Verdeckter Zulauf, Inkl. Befestigungsmaterial, Abgang: waagerecht, Verdeckter Abgang",Keramik
2809302000,"DU Urinal ME by Starck, Zulauf v.hinten rimless, ohne Fliege, weiß HygieneGlaze","Duravit ME by Starck Urinal, Weiß Hochglanz, HygieneGlaze, Spülrand: rimless, Spülform: Absauger, Position Zulauf: Hinten, Verdeckter Zulauf, Inkl. Befestigungsmaterial, Abgang: waagerecht, Verdeckter Abgang",Keramik
2809302007,"DU Urinal ME by Starck, Zulauf v.hinten rimless, mit Fliege, weiß HygieneGlaze","Duravit ME by Starck Urinal, Weiß Hochglanz, HygieneGlaze, Spülrand: rimless, Spülform: Absauger, Position Zulauf: Hinten, Zielfliege, Verdeckter Zulauf, Inkl. Befestigungsmaterial, Abgang: waagerecht, Verdeckter Abgang",Keramik
2809310000,"DU Urinal ME by Starck, Zulauf v.hinten rimless, f.Batt., o.Fliege, weiß","Duravit ME by Starck Elektronisches Urinal, Weiß Hochglanz, Elektronische Steuerung: Batterieanschluss, Spülrand: rimless, Spülform: Absauger, Position Zulauf: Hinten, Verdeckter Zulauf, Inkl. Befestigungsmaterial, Abgang: waagerecht, Verdeckter Abgang, Inkl. elektr. Steuerung",Keramik
28093100001,"DU Urinal ME by Starck, Zulauf v.hinten rimless, f.Batt., o.Fliege, weiß WG","Duravit ME by Starck Elektronisches Urinal, Weiß Hochglanz, Elektronische Steuerung: Batterieanschluss, Spülrand: rimless, Spülform: Absauger, Position Zulauf: Hinten, Verdeckter Zulauf, Inkl. Befestigungsmaterial, WonderGliss, Abgang: waagerecht, Verdeckter Abgang, Inkl. elektr. Steuerung",Keramik
2809310007,"DU Urinal ME by Starck, Zulauf v.hinten rimless, f.Batt., m.Fliege, weiß","Duravit ME by Starck Elektronisches Urinal, Weiß Hochglanz, Elektronische Steuerung: Batterieanschluss, Spülrand: rimless, Spülform: Absauger, Position Zulauf: Hinten, Zielfliege, Verdeckter Zulauf, Inkl. Befestigungsmaterial, Abgang: waagerecht, Verdeckter Abgang, Inkl. elektr. Steuerung",Keramik
2809310093,"DU Urinal ME by Starck, Zulauf v.hinten rimless, f.Netz, o.Fliege, weiß","Duravit ME by Starck Elektronisches Urinal, Weiß Hochglanz, Elektronische Steuerung: Netzanschluss, Spülrand: rimless, Spülform: Absauger, Position Zulauf: Hinten, Verdeckter Zulauf, Inkl. Befestigungsmaterial, Abgang: waagerecht, Verdeckter Abgang, Inkl. elektr. Steuerung",Keramik
28093100931,"DU Urinal ME by Starck, Zulauf v.hinten rimless, f.Netz, o.Fliege, weiß WG","Duravit ME by Starck Elektronisches Urinal, Weiß Hochglanz, Elektronische Steuerung: Netzanschluss, Spülrand: rimless, Spülform: Absauger, Position Zulauf: Hinten, Verdeckter Zulauf, Inkl. Befestigungsmaterial, WonderGliss, Abgang: waagerecht, Verdeckter Abgang, Inkl. elektr. Steuerung",Keramik
2809310097,"DU Urinal ME by Starck, Zulauf v.hinten rimless, f.Netz, m.Fliege, weiß","Duravit ME by Starck Elektronisches Urinal, Weiß Hochglanz, Elektronische Steuerung: Netzanschluss, Spülrand: rimless, Spülform: Absauger, Position Zulauf: Hinten, Zielfliege, Verdeckter Zulauf, Inkl. Befestigungsmaterial, Abgang: waagerecht, Verdeckter Abgang, Inkl. elektr. Steuerung",Keramik
28093100971,"DU Urinal ME by Starck, Zulauf v.hinten rimless, f.Netz, m.Fliege, weiß WG","Duravit ME by Starck Elektronisches Urinal, Weiß Hochglanz, Elektronische Steuerung: Netzanschluss, Spülrand: rimless, Spülform: Absauger, Position Zulauf: Hinten, Zielfliege, Verdeckter Zulauf, Inkl. Befestigungsmaterial, WonderGliss, Abgang: waagerecht, Verdeckter Abgang, Inkl. elektr. Steuerung",Keramik
2809312000,"DU Urinal ME by Starck, Zulauf v.hinten rimless, f.Batt., o.Fliege, weiß HyG","Duravit ME by Starck Elektronisches Urinal, Weiß Hochglanz, HygieneGlaze, Elektronische Steuerung: Batterieanschluss, Spülrand: rimless, Spülform: Absauger, Position Zulauf: Hinten, Verdeckter Zulauf, Inkl. Befestigungsmaterial, Abgang: waagerecht, Verdeckter Abgang, Inkl. elektr. Steuerung",Keramik
2809312007,"DU Urinal ME by Starck, Zulauf v.hinten rimless, f.Batt., m.Fliege, weiß HyG","Duravit ME by Starck Elektronisches Urinal, Weiß Hochglanz, HygieneGlaze, Elektronische Steuerung: Batterieanschluss, Spülrand: rimless, Spülform: Absauger, Position Zulauf: Hinten, Zielfliege, Verdeckter Zulauf, Inkl. Befestigungsmaterial, Abgang: waagerecht, Verdeckter Abgang, Inkl. elektr. Steuerung",Keramik
2809312093,"DU Urinal ME by Starck, Zulauf v.hinten rimless, f.Netz, o.Fliege, weiß HyG","Duravit ME by Starck Elektronisches Urinal, Weiß Hochglanz, HygieneGlaze, Elektronische Steuerung: Netzanschluss, Spülrand: rimless, Spülform: Absauger, Position Zulauf: Hinten, Verdeckter Zulauf, Inkl. Befestigungsmaterial, Abgang: waagerecht, Verdeckter Abgang, Inkl. elektr. Steuerung",Keramik
2809312097,"DU Urinal ME by Starck, Zulauf v.hinten rimless, f.Netz, m.Fliege, weiß HyG","Duravit ME by Starck Elektronisches Urinal, Weiß Hochglanz, HygieneGlaze, Elektronische Steuerung: Netzanschluss, Spülrand: rimless, Spülform: Absauger, Position Zulauf: Hinten, Zielfliege, Verdeckter Zulauf, Inkl. Befestigungsmaterial, Abgang: waagerecht, Verdeckter Abgang, Inkl. elektr. Steuerung",Keramik
2812300000,"DU Urinal Rimless ME by Starck, weiß Abgang waagrecht, Ausführung f. Deckel","Duravit ME by Starck Urinal, Weiß Hochglanz, Spülrand: rimless, Spülprinzip: Absauger/Siphon Jet, Spülform: Absauger, Position Zulauf: Hinten, Ausführung für Deckel, Verdeckter Zulauf, Inkl. Befestigungsmaterial, Abgang: waagerecht, Verdeckter Abgang",Keramik
28123000001,"DU Urinal Rimless ME by Starck, weiß Abgang waagrecht,Ausf. f. Deckel, WG","Duravit ME by Starck Urinal, Weiß Hochglanz, Spülrand: rimless, Spülprinzip: Absauger/Siphon Jet, Spülform: Absauger, Position Zulauf: Hinten, Ausführung für Deckel, Verdeckter Zulauf, Inkl. Befestigungsmaterial, WonderGliss, Abgang: waagerecht, Verdeckter Abgang",Keramik
2812300007,"DU Urinal Rimless ME by Starck, weiß Abgang waagr.,Ausf.f.Deckel,m.Fliege","Duravit ME by Starck Urinal, Weiß Hochglanz, Spülrand: rimless, Spülprinzip: Absauger/Siphon Jet, Spülform: Absauger, Position Zulauf: Hinten, Ausführung für Deckel, Zielfliege, Verdeckter Zulauf, Inkl. Befestigungsmaterial, Abgang: waagerecht, Verdeckter Abgang",Keramik
28123000071,"DU Urinal Rimless ME by Starck, weiß Abg.waagr.,Ausf.f.Deckel,m.Fliege,WG","Duravit ME by Starck Urinal, Weiß Hochglanz, Spülrand: rimless, Spülprinzip: Absauger/Siphon Jet, Spülform: Absauger, Position Zulauf: Hinten, Ausführung für Deckel, Zielfliege, Verdeckter Zulauf, Inkl. Befestigungsmaterial, WonderGliss, Abgang: waagerecht, Verdeckter Abgang",Keramik
2812302000,"DU Urinal Rimless ME by Starck, weiß Abgang waagrecht, Ausf.f.Deckel, HYG","Duravit ME by Starck Urinal, Weiß Hochglanz, HygieneGlaze, Spülrand: rimless, Spülprinzip: Absauger/Siphon Jet, Spülform: Absauger, Position Zulauf: Hinten, Ausführung für Deckel, Verdeckter Zulauf, Inkl. Befestigungsmaterial, Abgang: waagerecht, Verdeckter Abgang",Keramik
2812302007,"DU Urinal Rimless ME by Starck, weiß Abg.waagr.,Ausf.f.Deckel,HYG,m.Fliege","Duravit ME by Starck Urinal, Weiß Hochglanz, HygieneGlaze, Spülrand: rimless, Spülprinzip: Absauger/Siphon Jet, Spülform: Absauger, Position Zulauf: Hinten, Ausführung für Deckel, Zielfliege, Verdeckter Zulauf, Inkl. Befestigungsmaterial, Abgang: waagerecht, Verdeckter Abgang",Keramik
2814300000,"DU Urinal ME by Starck wasserlos, weiß Abgang horizontal, Geruchsverschluß","Duravit ME by Starck Wasserloses Urinal, Weiß Hochglanz, Wasserlos, Inkl. Befestigungsmaterial",Keramik
2814300007,"DU Urinal ME by Starck wasserlos, weiß Abg.horiz, Geruchsverschluß, m.Fliege","Duravit ME by Starck Wasserloses Urinal, Weiß Hochglanz, Wasserlos, Zielfliege, Inkl. Befestigungsmaterial",Keramik
2814302000,"DU Urinal ME by Starck wasserlos, weiß Abg.horiz, Geruchsverschluß, HyG","Duravit ME by Starck Wasserloses Urinal, Weiß Hochglanz, HygieneGlaze, Wasserlos, Inkl. Befestigungsmaterial",Keramik
2814302007,"DU Urinal ME by Starck wasserlos, weiß Abg.horiz,Geruchsverschluß,HyG,m.Fliege","Duravit ME by Starck Wasserloses Urinal, Weiß Hochglanz, HygieneGlaze, Wasserlos, Zielfliege, Inkl. Befestigungsmaterial",Keramik
2815300000,"DU Urinal ME by Starck rimless, weiß Zulauf von oben","Duravit ME by Starck Urinal, Weiß Hochglanz, Spülrand: rimless, Spülform: Absauger, Position Zulauf: Oben, Inkl. Befestigungsmaterial, Abgang: waagerecht, senkrecht, Verdeckter Abgang",Keramik
28153000001,"DU Urinal ME by Starck rimless, weiß Zulauf von oben, WG","Duravit ME by Starck Urinal, Weiß Hochglanz, Spülrand: rimless, Spülform: Absauger, Position Zulauf: Oben, Inkl. Befestigungsmaterial, WonderGliss, Abgang: waagerecht, Verdeckter Abgang",Keramik
28153000071,"DU Urinal ME by Starck rimless, weiß Zulauf von oben, mit Fliege, WG","Duravit ME by Starck Urinal, Weiß Hochglanz, Spülrand: rimless, Spülform: Absauger, Position Zulauf: Oben, Zielfliege, Inkl. Befestigungsmaterial, WonderGliss, Abgang: waagerecht, Verdeckter Abgang",Keramik
2815302000,"DU Urinal ME by Starck rimless, weiß Zulauf von oben, HyG","Duravit ME by Starck Urinal, Weiß Hochglanz, HygieneGlaze, Spülrand: rimless, Spülform: Absauger, Position Zulauf: Oben, Inkl. Befestigungsmaterial, Abgang: waagerecht, Verdeckter Abgang",Keramik
2815302007,"DU Urinal ME by Starck rimless, weiß Zulauf von oben, HyG, mit Fliege","Duravit ME by Starck Urinal, Weiß Hochglanz, HygieneGlaze, Spülrand: rimless, Spülform: Absauger, Position Zulauf: Oben, Zielfliege, Inkl. Befestigungsmaterial, Abgang: waagerecht, Verdeckter Abgang",Keramik
41840900A1,"DU Stand-WC Set Duravit No.1, Weiß Tiefspüler, inkl.WC-Sitz m.Absenkautom.","Duravit Duravit No.1 WC-Set bodenstehend, Stand WC: 2184090000, Farbe Weiß Hochglanz, Tiefspüler, Spülrand: rimless, Abgang waagerecht, Spülwassermenge: 4,5 l, WC-Sitz: 0020790000, Farbe Deckel: Weiß Hochglanz, Sitzgarnitur abnehmbar, Absenkautomatik",Keramik
42000900A1,"DU WWC-Set Starck 3, Tiefspüler weiß inkl. WC-Sitz mit Absenkautomatik","Duravit Starck 3 WC-Set wandhängend, Wand WC: 2200090000, Farbe Weiß Hochglanz, Tiefspüler, Spülrand: geschlossen, Abgang waagerecht, Spülwassermenge: 4,5 l, WC-Sitz: 0063890000, Farbe Deckel: Weiß Hochglanz, Sitzgarnitur abnehmbar, Absenkautomatik, Kartonabmessungen: 401 x 450 x 565 mm",Keramik
42250900A1,"DU WWC-Set Starck 3, Tiefspüler DuraFix weiß, inkl. WC-Sitz mit Absenkautomatik","Duravit Starck 3 WC-Set wandhängend, Wand WC: 2225090000, Farbe Weiß Hochglanz, Tiefspüler, Spülrand: geschlossen, Abgang waagerecht, Verdeckte Befestigung, Spülwassermenge: 4,5 l, WC-Sitz: 0063890000, Farbe Deckel: Weiß Hochglanz, Sitzgarnitur abnehmbar, Absenkautomatik, Kartonabmessungen: 401 x 450 x 565 mm",Keramik
45270900A1,"DU WWC-Set Starck 3, rimless, Durafix TS,weiß, inkl.WC-Sitz m.Absenkautomatik","Duravit Starck 3 WC-Set wandhängend, Wand WC: 2527090000, Farbe Weiß Hochglanz, Tiefspüler, Spülrand: rimless, Abgang waagerecht, Verdeckte Befestigung, Spülwassermenge: 4,5 l, WC-Sitz: 0063890000, Farbe Deckel: Weiß Hochglanz, Sitzgarnitur abnehmbar, Absenkautomatik, Kartonabmessungen: 401 x 450 x 565 mm",Keramik
45270900A11,"DU Wand-WC Set Starck 3, rimless, Weiß Tiefspüler, Durafix u.WC-Sitz m.Absenk.","Duravit Starck 3 WC-Set wandhängend, Wand WC: 25270900001, Farbe Weiß Hochglanz, Tiefspüler, Spülrand: rimless, Abgang waagerecht, Verdeckte Befestigung, WonderGliss, Spülwassermenge: 4,5 l, WC-Sitz: 0063890000, Farbe Deckel: Weiß Hochglanz, Sitzgarnitur abnehmbar, Absenkautomatik, Kartonabmessungen: 400 x 450 x 565 mm",Keramik
45290900A1,"DU WWC-Set ME by Starck,rimless,Durafix TS,weiß,inkl.WC-Sitz m.Absenkautomatik","Duravit ME by Starck WC-Set wandhängend, Wand WC: 2529090000, Farbe Weiß Hochglanz, Tiefspüler, Spülrand: rimless, Abgang waagerecht, Verdeckte Befestigung, Spülwassermenge: 4,5 l, WC-Sitz: 0020090000, Farbe Deckel: Weiß Hochglanz, Sitzgarnitur abnehmbar, Absenkautomatik, Kartonabmessungen: 400 x 455 x 590 mm",Keramik
45290900A11,"DU Wand-WC Set ME by Starck riml.,Weiß Tiefsp.,Durafix u. Sitz m.Absenk.,WGL","Duravit ME by Starck WC-Set wandhängend, Wand WC: 25290900001, Farbe Weiß Hochglanz, Tiefspüler, Spülrand: rimless, Abgang waagerecht, Verdeckte Befestigung, WonderGliss, Spülwassermenge: 4,5 l, WC-Sitz: 0020090000, Farbe Deckel: Weiß Hochglanz, Sitzgarnitur abnehmbar, Absenkautomatik, Kartonabmessungen: 400 x 455 x 590 mm",Keramik
45300900A1,"DU WWC-Set ME by Starck,rimless,Durafix TS, weiß, inkl. WC-Sitz mit Absenkautom.","Duravit ME by Starck WC-Set wandhängend, Wand WC: 2530090000, Farbe Weiß Hochglanz, Tiefspüler, Spülrand: rimless, Abgang waagerecht, Verdeckte Befestigung, Spülwassermenge: 4,5 l, WC-Sitz: 0020190000, Farbe Deckel: Weiß Hochglanz, Sitzgarnitur abnehmbar, Absenkautomatik, Kartonabmessungen: 400 x 445 x 520 mm",Keramik
45510900A1,"DU WWC-Set DuraStyle, rimless, Durafix TS,weiß, inkl.WC-Sitz m.Absenkautomatik","Duravit DuraStyle WC-Set wandhängend, Wand WC: 2551090000, Farbe Weiß Hochglanz, Tiefspüler, Spülrand: rimless, Abgang waagerecht, Verdeckte Befestigung, Spülwassermenge: 4,5 l, WC-Sitz: 0063790000, Farbe Deckel: Weiß Hochglanz, Sitzgarnitur abnehmbar, Absenkautomatik, Kartonabmessungen: 401 x 430 x 565 mm",Keramik
45510900A11,"DU Wand-WC Set DuraStyle Weiß, rimless Tiefspüler inkl.WC-Sitz m.Absenkautom.","Duravit DuraStyle WC-Set wandhängend, Wand WC: 25510900001, Farbe Weiß Hochglanz, Tiefspüler, Spülrand: rimless, Abgang waagerecht, Verdeckte Befestigung, WonderGliss, Spülwassermenge: 4,5 l, WC-Sitz: 0063790000, Farbe Deckel: Weiß Hochglanz, Sitzgarnitur abnehmbar, Absenkautomatik, Kartonabmessungen: 400 x 430 x 565 mm",Keramik
45520900A1,"DU WWC-Set DuraStyle, Tiefsp. Durafix weiß, inkl.WC-Sitz m.Absenkautomatik","Duravit DuraStyle WC-Set wandhängend, Wand WC: 2552090000, Farbe Weiß Hochglanz, Tiefspüler, Spülrand: geschlossen, Abgang waagerecht, Verdeckte Befestigung, Spülwassermenge: 4,5 l, WC-Sitz: 0063790000, Farbe Deckel: Weiß Hochglanz, Sitzgarnitur abnehmbar, Absenkautomatik, Kartonabmessungen: 401 x 430 x 565 mm",Keramik
45620900A1,"DU WWC-Set Duravit No.1, TS rimless weiß, inkl.WC-Sitz m.Absenkautomatik","Duravit Duravit No.1 WC-Set wandhängend, Wand WC: 2562090000, Farbe Weiß Hochglanz, Tiefspüler, Spülrand: rimless, Abgang waagerecht, Spülwassermenge: 4,5 l, WC-Sitz: 0020790000, Farbe Deckel: Weiß Hochglanz, Sitzgarnitur abnehmbar, Absenkautomatik, Kartonabmessungen: 401 x 430 x 565 mm",Keramik
45700900A1,"DU WWC-Set D-Code, rimless, TS,weiß, inkl.WC-Sitz m.Absenkautomatik","Duravit D-Code WC-Set wandhängend, Wand WC: 2570090000, Farbe Weiß Hochglanz, Tiefspüler, Spülrand: rimless, Abgang waagerecht, Spülwassermenge: 4,5 l, WC-Sitz: 0067390000, Farbe Deckel: Weiß Hochglanz, Absenkautomatik, Kartonabmessungen: 401 x 450 x 565 mm",Keramik
45710900A1,"DU WWC-Set DuraStyle Compact,rimless, Durafix,TS,weiß,inkl.WC-Sitz m.Absenka.","Duravit DuraStyle WC-Set wandhängend, Wand WC: 2571090000, Farbe Weiß Hochglanz, Tiefspüler, Spülrand: rimless, Abgang waagerecht, Spülwassermenge: 4,5 l, WC-Sitz: 0063790000, Farbe Deckel: Weiß Hochglanz, Sitzgarnitur abnehmbar, Absenkautomatik, Kartonabmessungen: 401 x 430 x 525 mm",Keramik
45720900A1,"DU Wand-WC Set Architec, Weiß, rimless Tiefspüler inkl.WC-Sitz 0069690000","Duravit Architec WC-Set wandhängend, Wand WC: 2572090000, Farbe Weiß Hochglanz, Tiefspüler, Spülrand: rimless, Abgang waagerecht, Verdeckte Befestigung, Spülwassermenge: 4,5 l, WC-Sitz: 0069690000, Farbe Deckel: Weiß Hochglanz, Sitzgarnitur abnehmbar, Absenkautomatik, Kartonabmessungen: 400 x 400 x 600 mm",Keramik
45750900A1,"DU WWC Set Duravit No.1 Compact TS, rimless, inkl.WC-Sitz 0069690000","Duravit Duravit No.1 WC-Set wandhängend, Wand WC: 2575090000, Farbe Weiß Hochglanz, Tiefspüler, Spülrand: rimless, Abgang waagerecht, Spülwassermenge: 4,5 l, WC-Sitz: 0026190000, Farbe Deckel: Weiß Hochglanz, Sitzgarnitur abnehmbar, Absenkautomatik, Kartonabmessungen: 400 x 445 x 520 mm",Keramik
45770900A1,"DU Wand-WC Set 540 mm D-Neo Weiß,TS rim.,WC-Sitz m.Absenkaut.,inkl.Durafix","Duravit D-Neo WC-Set wandhängend, Wand WC: 2577090000, Farbe Weiß Hochglanz, Tiefspüler, Spülrand: rimless, Abgang waagerecht, Verdeckte Befestigung, Spülwassermenge: 4,5 l, WC-Sitz: 0021690000, Farbe Deckel: Weiß Hochglanz, Sitzgarnitur abnehmbar, Absenkautomatik, Kartonabmessungen: 396 x 450 x 560 mm",Keramik
45780900A1,"DU Wand-WC Set 540 mm D-Neo Weiß,TS rimless,WC-Sitz m.Absenkautomatik","Duravit D-Neo WC-Set wandhängend, Wand WC: 2578090000, Farbe Weiß Hochglanz, Tiefspüler, Spülrand: rimless, Abgang waagerecht, Spülwassermenge: 4,5 l, WC-Sitz: 0021690000, Farbe Deckel: Weiß Hochglanz, Sitzgarnitur abnehmbar, Absenkautomatik, Kartonabmessungen: 396 x 450 x 560 mm",Keramik
45870900A1,"DU WWC-Set compact 480 mm D-Neo, Weiß rimless, TS, WC-Sitz m.Absenkautom.","Duravit D-Neo WC-Set wandhängend, Wand WC: 2587090000, Farbe Weiß Hochglanz, Tiefspüler, Spülrand: rimless, Abgang waagerecht, Spülwassermenge: 4,5 l, WC-Sitz: 0021690000, Farbe Deckel: Weiß Hochglanz, Sitzgarnitur abnehmbar, Absenkautomatik, Kartonabmessungen: 400 x 445 x 520 mm",Keramik
5220480000,"DU EBWT Design Classics Manua 480 mm EB m.ÜL, m.HLB, 1 HL, weiß","Duravit Design Classics Einbauwaschtisch, Ausführung Waschtisch: Einbau, 480x480 mm, Weiß Hochglanz, Hahnlochbank: Ja, Anzahl Hahnlöcher pro Waschplatz: 1, Überlauf: Ja, Montageart: Einbau von oben",Keramik
611000002304300,DU SEWA Slim DuWC Sitz Starck 2 Starck 3 DuraStyle Bento Starck Box Wß Askauto,"Duravit SensoWash Slim Dusch-WC Sitz, Passend zu Serie ME by Starck, Starck 2, Starck 3, Weiß, Absenkautomatik, Materialart Sitz: Duroplast, Materialart Deckel: Duroplast, Einstellbare Duschstabposition: 5 Stufen, Einstellbare Duschstrahlintensität: 3 Stufen, Einstellbare Duschstrahltemperatur: 4 Stufen, Einstellbare Duschstabposition: 5 Stufen, Gesäßdusche, Ladydusche, Komfortdusche: Oszillierend, Fernbedienung, Bedienelement, Selbstreinigung Duschstab/Duschkopf, Entkalkungsfunktion, Ferienmodus, Nachtlicht",Sensowash
611200002304300,"DU SensoWash Slim Dusch WC-Sitz für DuraStyle, 220-240VAC, EN1717","Duravit SensoWash Slim Dusch-WC Sitz, Passend zu Serie DuraStyle, Weiß, Absenkautomatik, Materialart Sitz: Duroplast, Materialart Deckel: Duroplast, Einstellbare Duschstabposition: 5 Stufen, Einstellbare Duschstrahlintensität: 3 Stufen, Einstellbare Duschstrahltemperatur: 4 Stufen, Einstellbare Duschstabposition: 5 Stufen, Gesäßdusche, Ladydusche, Komfortdusche: Oszillierend, Fernbedienung, Bedienelement, Selbstreinigung Duschstab/Duschkopf, Entkalkungsfunktion, Ferienmodus, Nachtlicht",Sensowash
611300002304300,"DU SensoWash Slim Dusch WC-Sitz für Happy D.2, 220-240VAC, EN1717","Duravit SensoWash Slim Dusch-WC Sitz, Passend zu Serie Happy D.2, Weiß, Absenkautomatik, Materialart Sitz: Duroplast, Materialart Deckel: Duroplast, Einstellbare Duschstabposition: stufenlos einstellbar, Einstellbare Duschstrahlintensität: stufenlos einstellbar, Einstellbare Duschstrahltemperatur: stufenlos einstellbar, Einstellbare Duschstabposition: stufenlos einstellbar, Gesäßdusche, Ladydusche, Komfortdusche: Oszillierend, Fernbedienung, Bedienelement, Selbstreinigung Duschstab/Duschkopf, Entkalkungsfunktion, Ferienmodus, Nachtlicht",Sensowash
631000002004300,"DU Set: SensoWash Slim Sitz, EU inkl. ME WWC Tiefspüler rimless 570","Duravit SensoWash Slim WC-Set wandhängend, Dusch-WC Sitz: 611000002304300, Kartonabmessungen: 490 x 670 x 595 mm",SensoWash-Set
631001002004300,"DU SEWA Slim WC-Set Wandh.,DuraStyle WWC TS,Rimless,Weiß","Duravit SensoWash Slim WC-Set wandhängend, Dusch-WC Sitz: 611200002304300, Kartonabmessungen: 490 x 680 x 645 mm",SensoWash-Set
650000012004320,"DU SEWA Starck f Plus WWC TS, Rimless Fön,Sitzh.,Fernbed.,Weiß,HYG","Duravit SensoWash Starck f Plus Kompakt Dusch-WC, Wandhängend, 575 mm, Spülform: Tiefspüler, Spülrand: rimless, Weiß, HygieneGlaze, Materialart Sitz: Duroplast, Materialart Deckel: Duroplast, Gesäßdusche, Ladydusche, Komfortdusche: Oszillierend, Warmluftföhn, Sitzheizung, Bedienungsart: Fernbedienung, App, Anzahl programmierbarer Benutzerprofile: 2, Einstellbare Duschstabposition: stufenlos einstellbar, Einstellbare Warmluftföhntemperatur: stufenlos einstellbar, Einstellbare Sitzheizungstemperatur: stufenlos einstellbar, Einstellbare Duschstrahltemperatur: stufenlos einstellbar, Selbstreinigung Duschstab/Duschkopf, Entkalkungsfunktion, Energiesparmodus: Einstellbar, Ferienmodus, Nachtlicht, Kartonabmessungen: 378 x 575 x 405 mm",Sensowash
650001012004310,"DU SEWA Starck f Lite WWC TS, Rimless Fön,Sitzh.,Fernbed.,Weiß,HYG","Duravit SensoWash Starck f Lite Kompakt Dusch-WC, Wandhängend, 575 mm, Spülform: Tiefspüler, Spülrand: rimless, Weiß, HygieneGlaze, Materialart Sitz: Thermoplast, Materialart Deckel: Thermoplast, Gesäßdusche, Ladydusche, Komfortdusche: Oszillierend, Warmluftföhn, Sitzheizung, Bedienungsart: Fernbedienung, App, Einstellbare Duschstabposition: stufenlos einstellbar, Einstellbare Warmluftföhntemperatur: stufenlos einstellbar, Einstellbare Sitzheizungstemperatur: stufenlos einstellbar, Einstellbare Duschstrahltemperatur: stufenlos einstellbar, Selbstreinigung Duschstab/Duschkopf, Entkalkungsfunktion, Energiesparmodus: Einstellbar, Ferienmodus, Nachtlicht, Kartonabmessungen: 378 x 575 x 405 mm",Sensowash
6951000000,DU Befestigung für Waschtische,Duravit Standardartikel Waschtische Befestigung,Badzubehör & Accessoires
6958000000,DU Zulaufgarnitur für Urinale mit Wasseranschluss hinten,"Duravit Zulauf-Set, Material: Edelstahl, Urinal",Badzubehör & Accessoires
700009000000000,"DU Starck BW Oval 1800x800 Einbau Rückenschr.2 L/R, Weiß","Duravit Starck Badewanne, Oval, Einbauart: Einbau, Weiß, Sanitäracryl, Anzahl Rückenschrägen: 2, Überlauf: Ja, Position Ablauf: Mitte, Position Überlauf: Mitte, Nutzinhalt: 170 l, Innentiefe: 460 mm",Wannen und Zubehör
700010000000000,"DU Starck BW Oval 1800x800 Freistehend Acrylverkl.,Rückenschr.2 L/R, Weiß","Duravit Starck Badewanne, Oval, Einbauart: Freistehend, Acrylverkleidung, Weiß, Sanitäracryl, Anzahl Rückenschrägen: 2, Inkl. Fußgestell, Überlauf: Ja, Position Ablauf: Mitte, Position Überlauf: Mitte, Nutzinhalt: 170 l, Innentiefe: 460 mm",Wannen und Zubehör
700012000000000,DU Starck BW Ov 1900x900 Fs Acrylverk Wß Sacr Rks 2 Fg Üb J Ab M Üb M Ninh,"Duravit Starck Badewanne, Oval, Einbauart: Freistehend, Acrylverkleidung, Weiß, Sanitäracryl, Anzahl Rückenschrägen: 2, Inkl. Fußgestell, Überlauf: Ja, Position Ablauf: Mitte, Position Überlauf: Mitte, Nutzinhalt: 225 l, Innentiefe: 460 mm",Wannen und Zubehör
700050000000000,"DU Starck Badewanne 1800x900 Einbau Rückenschr.1 Variabel, Weiß","Duravit Starck Badewanne, Rechteckig, Einbauart: Einbau, Weiß, Sanitäracryl, Anzahl Rückenschrägen: 1 Variabel, Überlauf: Ja, Position Ablauf: Fußende, Position Überlauf: Fußende, Nutzinhalt: 301 l, Innentiefe: 460 mm, Höhe mit Wannenverkleidung: 625 mm",Wannen und Zubehör
700052000000000,"DU Starck Badewanne 1800x900 Einbau Rückenschr.2 L/R, Weiß","Duravit Starck Badewanne, Rechteckig, Einbauart: Einbau, Weiß, Sanitäracryl, Anzahl Rückenschrägen: 2, Überlauf: Ja, Position Ablauf: Mitte, Position Überlauf: Mitte, Nutzinhalt: 252 l, Innentiefe: 460 mm, Höhe mit Wannenverkleidung: 625 mm",Wannen und Zubehör
700096000000000,"DU D-Code Badewanne 1600x700 Einbau Rückenschr.1 Variabel, Weiß","Duravit D-Code Badewanne, Rechteckig, Einbauart: Einbau, Weiß, Sanitäracryl, Anzahl Rückenschrägen: 1 Variabel, Überlauf: Ja, Position Ablauf: Fußende, Position Überlauf: Fußende, Nutzinhalt: 100 l, Innentiefe: 400 mm, Höhe mit Wannenverkleidung: 550 mm",Wannen und Zubehör
700097000000000,"DU D-Code Badewanne 1700x700 Einbau Mittelabl.,Rückenschr.1 Variabel, Weiß","Duravit D-Code Badewanne, Rechteckig, Einbauart: Einbau, Weiß, Sanitäracryl, Anzahl Rückenschrägen: 1 Variabel, Überlauf: Ja, Position Ablauf: Mitte, Position Überlauf: Fußende, Nutzinhalt: 110 l, Innentiefe: 400 mm, Höhe mit Wannenverkleidung: 550 mm",Wannen und Zubehör
700098000000000,"DU D-Code Badewanne 1700x700 Einbau Rückenschr.1 Variabel, Weiß","Duravit D-Code Badewanne, Rechteckig, Einbauart: Einbau, Weiß, Sanitäracryl, Anzahl Rückenschrägen: 1 Variabel, Überlauf: Ja, Position Ablauf: Fußende, Position Überlauf: Fußende, Nutzinhalt: 110 l, Innentiefe: 400 mm, Höhe mit Wannenverkleidung: 550 mm",Wannen und Zubehör
700099000000000,"DU D-Code Badewanne 1700x750 Einbau Mittelabl.,Rückenschr.1 Variabel, Weiß","Duravit D-Code Badewanne, Rechteckig, Einbauart: Einbau, Weiß, Sanitäracryl, Anzahl Rückenschrägen: 1 Variabel, Überlauf: Ja, Position Ablauf: Mitte, Position Überlauf: Fußende, Nutzinhalt: 120 l, Innentiefe: 400 mm, Höhe mit Wannenverkleidung: 550 mm",Wannen und Zubehör
700100000000000,"DU D-Code Badewanne 1700x750 Einbau Rückenschr.1 Variabel, Weiß","Duravit D-Code Badewanne, Rechteckig, Einbauart: Einbau, Weiß, Sanitäracryl, Anzahl Rückenschrägen: 1 Variabel, Überlauf: Ja, Position Ablauf: Fußende, Position Überlauf: Fußende, Nutzinhalt: 120 l, Innentiefe: 400 mm, Höhe mit Wannenverkleidung: 550 mm",Wannen und Zubehör
700101000000000,"DU D-Code Badewanne 1800x800 Einbau Mittelabl.,Rückenschr.2 L/R, Weiß","Duravit D-Code Badewanne, Rechteckig, Einbauart: Einbau, Weiß, Sanitäracryl, Anzahl Rückenschrägen: 2, Überlauf: Ja, Position Ablauf: Mitte, Position Überlauf: Mitte, Nutzinhalt: 150 l, Innentiefe: 400 mm, Höhe mit Wannenverkleidung: 550 mm",Wannen und Zubehör
700131000000000,DU Vero BW Rk 1700x700 Eb Wß Sacr Rks 1 L Üb J Ab M Üb M Ninh 145 l Inti: 4,"Duravit Vero Badewanne, Rechteckig, Einbauart: Einbau, Weiß, Sanitäracryl, Anzahl Rückenschrägen: 1 Links, Überlauf: Ja, Position Ablauf: Mitte, Position Überlauf: Mitte, Nutzinhalt: 145 l, Innentiefe: 460 mm, Höhe mit Wannenverkleidung: 615 mm",Wannen und Zubehör
700133000000000,DU Vero BW Rk 1700x750 Eb Wß Sacr Rks 1 L Üb J Ab M Üb M Ninh 160 l Inti: 4,"Duravit Vero Badewanne, Rechteckig, Einbauart: Einbau, Weiß, Sanitäracryl, Anzahl Rückenschrägen: 1 Links, Überlauf: Ja, Position Ablauf: Mitte, Position Überlauf: Mitte, Nutzinhalt: 160 l, Innentiefe: 460 mm, Höhe mit Wannenverkleidung: 615 mm",Wannen und Zubehör
700134000000000,DU Vero BW Rk 1700x750 Eb Wß Sacr Rks 1 R Üb J Ab M Üb M Ninh 160 l Inti: 4,"Duravit Vero Badewanne, Rechteckig, Einbauart: Einbau, Weiß, Sanitäracryl, Anzahl Rückenschrägen: 1 Rechts, Überlauf: Ja, Position Ablauf: Mitte, Position Überlauf: Mitte, Nutzinhalt: 160 l, Innentiefe: 460 mm, Höhe mit Wannenverkleidung: 615 mm",Wannen und Zubehör
700135000000000,DU Vero BW Rk 1800x800 Eb Wß Sacr Rks 2 Üb J Ab M Üb M Ninh 165 l Inti: 460,"Duravit Vero Badewanne, Rechteckig, Einbauart: Einbau, Weiß, Sanitäracryl, Anzahl Rückenschrägen: 2, Überlauf: Ja, Position Ablauf: Mitte, Position Überlauf: Mitte, Nutzinhalt: 165 l, Innentiefe: 460 mm, Höhe mit Wannenverkleidung: 615 mm",Wannen und Zubehör
700136000000000,DU Vero BW Rk 1900x900 Eb Wß Sacr Rks 2 Üb J Ab M Üb M Ninh 225 l Inti: 460,"Duravit Vero Badewanne, Rechteckig, Einbauart: Einbau, Weiß, Sanitäracryl, Anzahl Rückenschrägen: 2, Überlauf: Ja, Position Ablauf: Mitte, Position Überlauf: Mitte, Nutzinhalt: 225 l, Innentiefe: 460 mm, Höhe mit Wannenverkleidung: 615 mm",Wannen und Zubehör
700137000000000,"DU D-Code Badew. 5Eck 1400x1400 Einbau Rückenschr.2 L/R, Weiß","Duravit D-Code Badewanne, Fünfeck, Einbauart: Einbau, Weiß, Sanitäracryl, Anzahl Rückenschrägen: 2, Überlauf: Ja, Position Ablauf: Mitte, Position Überlauf: Mitte, Nutzinhalt: 140 l, Innentiefe: 400 mm",Wannen und Zubehör
700138000000000,"DU D-Code Badew. 6Eck 1900x900 Einbau Rückenschr.2 L/R, Weiß","Duravit D-Code Badewanne, Sechseckig, Einbauart: Einbau, Weiß, Sanitäracryl, Anzahl Rückenschrägen: 2, Überlauf: Ja, Position Ablauf: Mitte, Position Überlauf: Mitte, Nutzinhalt: 140 l, Innentiefe: 400 mm",Wannen und Zubehör
700143000000000,DU Blue Moon BW Quadr 1400x1400 Eb Wß Sacr Rks 1 umlaufend Fg Üb J Ab M Üb,"Duravit Blue Moon Badewanne, Quadratisch, Einbauart: Einbau, Weiß, Sanitäracryl, Anzahl Rückenschrägen: 1 umlaufend, Inkl. Fußgestell, Überlauf: Ja, Position Ablauf: Mitte, Position Überlauf: Seitlich, Nutzinhalt: 520 l, Innentiefe: 560 mm, Höhe mit Wannenverkleidung: 705 mm",Wannen und Zubehör
700212000000000,"DU Paiova Badewanne Tpz 1700x1000 Einbau Rückenschr.1 Links, Weiß","Duravit Paiova Badewanne, Trapezförmig, Einbauart: Einbau, Weiß, Sanitäracryl, Anzahl Rückenschrägen: 1 Links, Überlauf: Ja, Position Ablauf: Mitte, Position Überlauf: Mitte, Nutzinhalt: 180 l, Innentiefe: 460 mm",Wannen und Zubehör
700213000000000,"DU Paiova Badewanne Tpz 1700x1000 Einbau Rückenschr.1 Rechts, Weiß","Duravit Paiova Badewanne, Trapezförmig, Einbauart: Einbau, Weiß, Sanitäracryl, Anzahl Rückenschrägen: 1 Rechts, Überlauf: Ja, Position Ablauf: Mitte, Position Überlauf: Mitte, Nutzinhalt: 180 l, Innentiefe: 460 mm",Wannen und Zubehör
700214000000000,"DU Paiova Badewanne Tpz 1700x1300 Einbau Rückenschr.1 Links, Weiß","Duravit Paiova Badewanne, Trapezförmig, Einbauart: Einbau, Weiß, Sanitäracryl, Anzahl Rückenschrägen: 1 Links, Überlauf: Ja, Position Ablauf: Mitte, Position Überlauf: Mitte, Nutzinhalt: 235 l, Innentiefe: 460 mm",Wannen und Zubehör
700215000000000,"DU Paiova Badewanne Tpz 1700x1300 Einbau Rückenschr.1 Rechts, Weiß","Duravit Paiova Badewanne, Trapezförmig, Einbauart: Einbau, Weiß, Sanitäracryl, Anzahl Rückenschrägen: 1 Rechts, Überlauf: Ja, Position Ablauf: Mitte, Position Überlauf: Mitte, Nutzinhalt: 235 l, Innentiefe: 460 mm",Wannen und Zubehör
700216000000000,"DU Paiova Badewanne Tpz 1800x1400 Einbau Rückenschr.1 Links, Weiß","Duravit Paiova Badewanne, Trapezförmig, Einbauart: Einbau, Weiß, Sanitäracryl, Anzahl Rückenschrägen: 1 Links, Überlauf: Ja, Position Ablauf: Mitte, Position Überlauf: Mitte, Nutzinhalt: 315 l, Innentiefe: 460 mm",Wannen und Zubehör
700217000000000,"DU Paiova Badewanne Tpz 1800x1400 Einbau Rückenschr.1 Rechts, Weiß","Duravit Paiova Badewanne, Trapezförmig, Einbauart: Einbau, Weiß, Sanitäracryl, Anzahl Rückenschrägen: 1 Rechts, Überlauf: Ja, Position Ablauf: Mitte, Position Überlauf: Mitte, Nutzinhalt: 315 l, Innentiefe: 460 mm",Wannen und Zubehör
700231000000000,DU DuraStyle BW Rk 1700x750 Eb Wß Sacr Rks 1 Var Üb J Ab M Üb Fße Ninh 110,"Duravit DuraStyle Badewanne, Rechteckig, Einbauart: Einbau, Weiß, Sanitäracryl, Anzahl Rückenschrägen: 1 Variabel, Überlauf: Ja, Position Ablauf: Mitte, Position Überlauf: Fußende, Nutzinhalt: 110 l, Innentiefe: 340 mm, Höhe mit Wannenverkleidung: 490 mm",Wannen und Zubehör
700242000000000,DU Darling New BW Rk 1700x750 Eb Wß Sacr Rks 1 L Üb J Ab M Üb M Ninh 160,"Duravit Darling New Badewanne, Rechteckig, Einbauart: Einbau, Weiß, Sanitäracryl, Anzahl Rückenschrägen: 1 Links, Überlauf: Ja, Position Ablauf: Mitte, Position Überlauf: Mitte, Nutzinhalt: 160 l, Innentiefe: 460 mm, Höhe mit Wannenverkleidung: 600 mm",Wannen und Zubehör
700243000000000,DU Darling New BW Rk 1700x750 Eb Wß Sacr Rks 1 R Üb J Ab M Üb M Ninh 160,"Duravit Darling New Badewanne, Rechteckig, Einbauart: Einbau, Weiß, Sanitäracryl, Anzahl Rückenschrägen: 1 Rechts, Überlauf: Ja, Position Ablauf: Mitte, Position Überlauf: Mitte, Nutzinhalt: 160 l, Innentiefe: 460 mm, Höhe mit Wannenverkleidung: 600 mm",Wannen und Zubehör
700244000000000,DU Darling New BW Rk 1800x800 Eb Wß Sacr Rks 2 Üb J Ab M Üb M Ninh 165 l In,"Duravit Darling New Badewanne, Rechteckig, Einbauart: Einbau, Weiß, Sanitäracryl, Anzahl Rückenschrägen: 2, Überlauf: Ja, Position Ablauf: Mitte, Position Überlauf: Mitte, Nutzinhalt: 165 l, Innentiefe: 460 mm, Höhe mit Wannenverkleidung: 600 mm",Wannen und Zubehör
700245000000000,DU Darling New BW Rk 1900x900 Eb Wß Sacr Rks 2 Üb J Ab M Üb M Ninh 170 l In,"Duravit Darling New Badewanne, Rechteckig, Einbauart: Einbau, Weiß, Sanitäracryl, Anzahl Rückenschrägen: 2, Überlauf: Ja, Position Ablauf: Mitte, Position Überlauf: Mitte, Nutzinhalt: 170 l, Innentiefe: 460 mm, Höhe mit Wannenverkleidung: 600 mm",Wannen und Zubehör
700246000000000,DU Darling New BW Rk 1900x900 Ek l Acrylverk Wß Sacr Rks 2 Fg Üb J Ab M Üb,"Duravit Darling New Badewanne, Rechteckig, Einbauart: Ecke links, Acrylverkleidung, Weiß, Sanitäracryl, Anzahl Rückenschrägen: 2, Inkl. Fußgestell, Überlauf: Ja, Position Ablauf: Mitte, Position Überlauf: Mitte, Nutzinhalt: 185 l, Innentiefe: 460 mm, Höhe mit Wannenverkleidung: 600 mm",Wannen und Zubehör
700247000000000,DU Darling New BW Rk 1900x900 Ek r Acrylverk Wß Sacr Rks 2 Fg Üb J Ab M Üb,"Duravit Darling New Badewanne, Rechteckig, Einbauart: Ecke rechts, Acrylverkleidung, Weiß, Sanitäracryl, Anzahl Rückenschrägen: 2, Inkl. Fußgestell, Überlauf: Ja, Position Ablauf: Mitte, Position Überlauf: Mitte, Nutzinhalt: 185 l, Innentiefe: 460 mm, Höhe mit Wannenverkleidung: 600 mm",Wannen und Zubehör
700248000000000,DU Darling New BW Halbru 1900x900 Vrw Acrylverk Wß Sacr Rks 2 Fg Üb J Ab M,"Duravit Darling New Badewanne, Halbrund, Einbauart: Vorwand, Acrylverkleidung, Weiß, Sanitäracryl, Anzahl Rückenschrägen: 2, Inkl. Fußgestell, Überlauf: Ja, Position Ablauf: Mitte, Position Überlauf: Mitte, Nutzinhalt: 170 l, Innentiefe: 460 mm, Höhe mit Wannenverkleidung: 600 mm",Wannen und Zubehör
700264000000000,"DU Paiova Badewanne Tpz 1700x1000 Einbau Angef.Acrylverkl.,Rückens.1 Links, Weiß","Duravit Paiova Badewanne, Trapezförmig, Einbauart: Einbau, Angeformte Acrylverkleidung, Weiß, Sanitäracryl, Anzahl Rückenschrägen: 1 Links, Abnehmbare Verkleidung: Rechts, Inkl. Fußgestell, Überlauf: Ja, Position Ablauf: Mitte, Position Überlauf: Mitte, Nutzinhalt: 170 l, Innentiefe: 460 mm, Höhe mit Wannenverkleidung: 600 mm",Wannen und Zubehör
700265000000000,DU Paiova Badewanne Tpz 1700x1000 Einbau Angef.Acrylverkl. Rückens.1 Rechts Weiß,"Duravit Paiova Badewanne, Trapezförmig, Einbauart: Einbau, Angeformte Acrylverkleidung, Weiß, Sanitäracryl, Anzahl Rückenschrägen: 1 Rechts, Abnehmbare Verkleidung: Links, Inkl. Fußgestell, Überlauf: Ja, Position Ablauf: Mitte, Position Überlauf: Mitte, Nutzinhalt: 170 l, Innentiefe: 460 mm, Höhe mit Wannenverkleidung: 600 mm",Wannen und Zubehör
700266000000000,"DU Paiova Badewanne Tpz 1700x1300 Einbau Angef.Acrylverkl.,Rückens.1 Links, Weiß","Duravit Paiova Badewanne, Trapezförmig, Einbauart: Einbau, Angeformte Acrylverkleidung, Weiß, Sanitäracryl, Anzahl Rückenschrägen: 1 Links, Abnehmbare Verkleidung: Rechts, Inkl. Fußgestell, Überlauf: Ja, Position Ablauf: Mitte, Position Überlauf: Mitte, Nutzinhalt: 225 l, Innentiefe: 460 mm, Höhe mit Wannenverkleidung: 600 mm",Wannen und Zubehör
700268000000000,"DU Paiova Badewanne Tpz 1800x1400 Einbau Angef.Acrylverkl.,Rückens.1 Links, Weiß","Duravit Paiova Badewanne, Trapezförmig, Einbauart: Einbau, Angeformte Acrylverkleidung, Weiß, Sanitäracryl, Anzahl Rückenschrägen: 1 Links, Abnehmbare Verkleidung: Rechts, Inkl. Fußgestell, Überlauf: Ja, Position Ablauf: Mitte, Position Überlauf: Mitte, Nutzinhalt: 295 l, Innentiefe: 460 mm, Höhe mit Wannenverkleidung: 600 mm",Wannen und Zubehör
700269000000000,DU Paiova Badewanne Tpz 1800x1400 Einbau Angef.Acrylverkl. Rückens.1 Rechts Weiß,"Duravit Paiova Badewanne, Trapezförmig, Einbauart: Einbau, Angeformte Acrylverkleidung, Weiß, Sanitäracryl, Anzahl Rückenschrägen: 1 Rechts, Abnehmbare Verkleidung: Links, Inkl. Fußgestell, Überlauf: Ja, Position Ablauf: Mitte, Position Überlauf: Mitte, Nutzinhalt: 295 l, Innentiefe: 460 mm, Höhe mit Wannenverkleidung: 600 mm",Wannen und Zubehör
700292000000000,DU DuraStyle BW Rk 1600x700 Eb Wß Sacr Rks 1 L Üb J Ab M Üb M Ninh 130 l In,"Duravit DuraStyle Badewanne, Rechteckig, Einbauart: Einbau, Weiß, Sanitäracryl, Anzahl Rückenschrägen: 1 Links, Überlauf: Ja, Position Ablauf: Mitte, Position Überlauf: Mitte, Nutzinhalt: 130 l, Innentiefe: 460 mm, Höhe mit Wannenverkleidung: 600 mm",Wannen und Zubehör
700293000000000,DU DuraStyle BW Rk 1600x700 Eb Wß Sacr Rks 1 R Üb J Ab M Üb M Ninh 130 l In,"Duravit DuraStyle Badewanne, Rechteckig, Einbauart: Einbau, Weiß, Sanitäracryl, Anzahl Rückenschrägen: 1 Rechts, Überlauf: Ja, Position Ablauf: Mitte, Position Überlauf: Mitte, Nutzinhalt: 130 l, Innentiefe: 460 mm, Höhe mit Wannenverkleidung: 600 mm",Wannen und Zubehör
700296000000000,DU DuraStyle BW Rk 1700x750 Eb Wß Sacr Rks 1 L Üb J Ab M Üb M Ninh 170 l In,"Duravit DuraStyle Badewanne, Rechteckig, Einbauart: Einbau, Weiß, Sanitäracryl, Anzahl Rückenschrägen: 1 Links, Überlauf: Ja, Position Ablauf: Mitte, Position Überlauf: Mitte, Nutzinhalt: 170 l, Innentiefe: 460 mm, Höhe mit Wannenverkleidung: 600 mm",Wannen und Zubehör
700308000000000,"DU Happy D.2 BW 1600x700 Einbauversion Rückenschr.1 Pos.L, Weiß","Duravit Happy D.2 Badewanne, Rechteckig, Einbauart: Einbau, Weiß, Sanitäracryl, Anzahl Rückenschrägen: 1 Links, Überlauf: Ja, Position Ablauf: Mitte, Position Überlauf: Mitte, Nutzinhalt: 145 l, Innentiefe: 460 mm",Wannen und Zubehör
700309000000000,"DU Happy D.2 BW 1600x700 Einbauversion Rückenschr.1 Pos.R, Weiß","Duravit Happy D.2 Badewanne, Rechteckig, Einbauart: Einbau, Weiß, Sanitäracryl, Anzahl Rückenschrägen: 1 Rechts, Überlauf: Ja, Position Ablauf: Mitte, Position Überlauf: Mitte, Nutzinhalt: 145 l, Innentiefe: 460 mm",Wannen und Zubehör
700310000000000,"DU Happy D.2 BW 1700x700 Einbauversion Rückenschr.1 Pos.L, Weiß","Duravit Happy D.2 Badewanne, Rechteckig, Einbauart: Einbau, Weiß, Sanitäracryl, Anzahl Rückenschrägen: 1 Links, Überlauf: Ja, Position Ablauf: Mitte, Position Überlauf: Mitte, Nutzinhalt: 150 l, Innentiefe: 460 mm",Wannen und Zubehör
700311000000000,"DU Happy D.2 BW 1700x700 Einbauversion Rückenschr.1 Pos.R, Weiß","Duravit Happy D.2 Badewanne, Rechteckig, Einbauart: Einbau, Weiß, Sanitäracryl, Anzahl Rückenschrägen: 1 Rechts, Überlauf: Ja, Position Ablauf: Mitte, Position Überlauf: Mitte, Nutzinhalt: 150 l, Innentiefe: 460 mm",Wannen und Zubehör
700312000000000,"DU Happy D.2 BW 1700x750 Einbauversion Rückenschr.1 Pos.L, Weiß","Duravit Happy D.2 Badewanne, Rechteckig, Einbauart: Einbau, Weiß, Sanitäracryl, Anzahl Rückenschrägen: 1 Links, Überlauf: Ja, Position Ablauf: Mitte, Position Überlauf: Mitte, Nutzinhalt: 180 l, Innentiefe: 460 mm",Wannen und Zubehör
700313000000000,"DU Happy D.2 BW 1700x750 Einbauversion Rückenschr.1 Pos.R, Weiß","Duravit Happy D.2 Badewanne, Rechteckig, Einbauart: Einbau, Weiß, Sanitäracryl, Anzahl Rückenschrägen: 1 Rechts, Überlauf: Ja, Position Ablauf: Mitte, Position Überlauf: Mitte, Nutzinhalt: 180 l, Innentiefe: 460 mm",Wannen und Zubehör
700314000000000,DU Happy D.2 BW 1800x800 Einbauversion Rückenschr. 2 Pos. L/R Weiß,"Duravit Happy D.2 Badewanne, Rechteckig, Einbauart: Einbau, Weiß, Sanitäracryl, Anzahl Rückenschrägen: 2, Überlauf: Ja, Position Ablauf: Mitte, Position Überlauf: Mitte, Nutzinhalt: 180 l, Innentiefe: 460 mm",Wannen und Zubehör
700315000000000,DU Happy D.2 BW 1900x900 Einbauversion Rückenschr. 2 Pos. L/R Weiß,"Duravit Happy D.2 Badewanne, Rechteckig, Einbauart: Einbau, Weiß, Sanitäracryl, Anzahl Rückenschrägen: 2, Überlauf: Ja, Position Ablauf: Mitte, Position Überlauf: Mitte, Nutzinhalt: 260 l, Innentiefe: 460 mm",Wannen und Zubehör
700316000000000,"DU Happy D.2 BW 1800x800,Ecke L Angef.Acrylver.,Rückens. 2 Pos.L/R,Weiß","Duravit Happy D.2 Badewanne, Rechteckig, Einbauart: Ecke links, Angeformte Acrylverkleidung, Weiß, Sanitäracryl, Anzahl Rückenschrägen: 2, Inkl. Fußgestell, Überlauf: Ja, Position Ablauf: Mitte, Position Überlauf: Mitte, Nutzinhalt: 180 l, Innentiefe: 460 mm, Höhe mit Wannenverkleidung: 600 mm",Wannen und Zubehör
700317000000000,"DU Happy D.2 BW 1800x800,Ecke R Angef.Acrylver.,Rückens. 2 Pos.L/R,Weiß","Duravit Happy D.2 Badewanne, Rechteckig, Einbauart: Ecke rechts, Angeformte Acrylverkleidung, Weiß, Sanitäracryl, Anzahl Rückenschrägen: 2, Inkl. Fußgestell, Überlauf: Ja, Position Ablauf: Mitte, Position Überlauf: Mitte, Nutzinhalt: 180 l, Innentiefe: 460 mm, Höhe mit Wannenverkleidung: 600 mm",Wannen und Zubehör
700318000000000,"DU Happy D.2 BW 1800x800 Vorwand Angef.Acrylver.,Rückens. 2 Pos.L/R,Weiß","Duravit Happy D.2 Badewanne, Rechteckig, Einbauart: Vorwand, Angeformte Acrylverkleidung, Weiß, Sanitäracryl, Anzahl Rückenschrägen: 2, Inkl. Fußgestell, Überlauf: Ja, Position Ablauf: Mitte, Position Überlauf: Mitte, Nutzinhalt: 180 l, Innentiefe: 460 mm, Höhe mit Wannenverkleidung: 600 mm",Wannen und Zubehör
700330000000000,"DU Cape Cod BW Oval 1855x885,Freist., Nahtl.Verkl.,inkl.FG/Ab-Ü.Gar.,Weiß Matt","Duravit Cape Cod Badewanne, Oval, Einbauart: Freistehend, Nahtlose Verkleidung, Weiß Matt, Mineralguss, DuroCast Plus, Anzahl Rückenschrägen: 2, Inkl. Fußgestell, Inkl. Ab- / Überlaufgarnitur, Überlauf: Ja, Position Ablauf: Mitte, Position Überlauf: Mitte, Nutzinhalt: 205 l, Innentiefe: 485 mm",Wannen und Zubehör
700333000000000,"DU Starck BW Rk, 1600x700mm, Einau, Weiß","Duravit Starck Badewanne, Rechteckig, Einbauart: Einbau, Weiß, Sanitäracryl, Anzahl Rückenschrägen: 1 Variabel, Überlauf: Ja, Position Ablauf: Fußende, Position Überlauf: Fußende, Nutzinhalt: 135 l, Innentiefe: 460 mm, Höhe mit Wannenverkleidung: 600 mm",Wannen und Zubehör
700334000000000,"DU Starck Badewanne 1700x700 Einbau Rückenschr.1 Variabel, Weiß","Duravit Starck Badewanne, Rechteckig, Einbauart: Einbau, Weiß, Sanitäracryl, Anzahl Rückenschrägen: 1 Variabel, Überlauf: Ja, Position Ablauf: Fußende, Position Überlauf: Fußende, Nutzinhalt: 155 l, Innentiefe: 460 mm, Höhe mit Wannenverkleidung: 600 mm",Wannen und Zubehör
700335000000000,"DU Starck Badewanne 1700x750 Einbau Rückenschr.1 Variabel, Weiß","Duravit Starck Badewanne, Rechteckig, Einbauart: Einbau, Weiß, Sanitäracryl, Anzahl Rückenschrägen: 1 Variabel, Überlauf: Ja, Position Ablauf: Fußende, Position Überlauf: Fußende, Nutzinhalt: 165 l, Innentiefe: 460 mm, Höhe mit Wannenverkleidung: 600 mm",Wannen und Zubehör
700336000000000,"DU Starck Badewanne 1700x800 Einbau Rückenschr.1 Variabel, Weiß","Duravit Starck Badewanne, Rechteckig, Einbauart: Einbau, Weiß, Sanitäracryl, Anzahl Rückenschrägen: 1 Variabel, Überlauf: Ja, Position Ablauf: Fußende, Position Überlauf: Fußende, Nutzinhalt: 186 l, Innentiefe: 460 mm, Höhe mit Wannenverkleidung: 600 mm",Wannen und Zubehör
700337000000000,"DU Starck Badewanne 1700x900 Einbau Rückenschr.1 Variabel, Weiß","Duravit Starck Badewanne, Rechteckig, Einbauart: Einbau, Weiß, Sanitäracryl, Anzahl Rückenschrägen: 1 Variabel, Überlauf: Ja, Position Ablauf: Fußende, Position Überlauf: Fußende, Nutzinhalt: 221 l, Innentiefe: 460 mm, Höhe mit Wannenverkleidung: 600 mm",Wannen und Zubehör
700338000000000,"DU Starck Badewanne 1800x800 Einbau Mittelabl.,Rückenschr. 2 L/R, Weiß","Duravit Starck Badewanne, Rechteckig, Einbauart: Einbau, Weiß, Sanitäracryl, Anzahl Rückenschrägen: 2, Überlauf: Ja, Position Ablauf: Mitte, Position Überlauf: Mitte, Nutzinhalt: 174 l, Innentiefe: 460 mm, Höhe mit Wannenverkleidung: 600 mm",Wannen und Zubehör
700339000000000,"DU Starck Badewanne 1800x900 Einbau Mittelabl.,Rückenschr. 2 L/R, Weiß","Duravit Starck Badewanne, Rechteckig, Einbauart: Einbau, Weiß, Sanitäracryl, Anzahl Rückenschrägen: 2, Überlauf: Ja, Position Ablauf: Mitte, Position Überlauf: Mitte, Nutzinhalt: 212 l, Innentiefe: 460 mm, Höhe mit Wannenverkleidung: 600 mm",Wannen und Zubehör
700340000000000,"DU Starck Badewanne 1900x900 Einbau Mittelabl.,Rückenschr. 2 L/R, Weiß","Duravit Starck Badewanne, Rechteckig, Einbauart: Einbau, Weiß, Sanitäracryl, Anzahl Rückenschrägen: 2, Überlauf: Ja, Position Ablauf: Mitte, Position Überlauf: Mitte, Nutzinhalt: 241 l, Innentiefe: 460 mm, Höhe mit Wannenverkleidung: 600 mm",Wannen und Zubehör
700341000000000,"DU Starck Badewanne 2000x1000 Einbau Mittelabl.,Rückenschr. 2 L/R, Weiß","Duravit Starck Badewanne, Rechteckig, Einbauart: Einbau, Weiß, Sanitäracryl, Anzahl Rückenschrägen: 2, Inkl. Fußgestell, Überlauf: Ja, Position Ablauf: Mitte, Position Überlauf: Mitte, Nutzinhalt: 309 l, Innentiefe: 460 mm, Höhe mit Wannenverkleidung: 600 mm",Wannen und Zubehör
700362000000000,"DU Cape Cod BW Halbru.1900x900 Ecke L Nahtl.Verkl.,inkl.Fußg.,Weiß Matt","Duravit Cape Cod Badewanne, Halbrund, Einbauart: Ecke links, Nahtlose Verkleidung, Weiß Matt, Mineralguss, DuroCast Plus, Anzahl Rückenschrägen: 1 Links, Rechts, Inkl. Fußgestell, Überlauf: Ja, Position Ablauf: Mitte, Position Überlauf: Mitte, Nutzinhalt: 205 l, Innentiefe: 485 mm, Höhe mit Wannenverkleidung: 645 mm",Wannen und Zubehör
700363000000000,"DU Cape Cod BW Halbru.1900x900 Ecke R Nahtl.Verkl.,inkl.Fußg.,Weiß Matt","Duravit Cape Cod Badewanne, Halbrund, Einbauart: Ecke rechts, Nahtlose Verkleidung, Weiß Matt, Mineralguss, DuroCast Plus, Anzahl Rückenschrägen: 1 Links, Rechts, Inkl. Fußgestell, Überlauf: Ja, Position Ablauf: Mitte, Position Überlauf: Mitte, Nutzinhalt: 205 l, Innentiefe: 485 mm, Höhe mit Wannenverkleidung: 645 mm",Wannen und Zubehör
700364000000000,"DU Cape Cod BW Halbru. 1900x900 Vorwand Nahtl.Verkl.,inkl.Fußg.,Weiß Matt","Duravit Cape Cod Badewanne, Halbrund, Einbauart: Vorwand, Nahtlose Verkleidung, Weiß Matt, Mineralguss, DuroCast Plus, Anzahl Rückenschrägen: 1 Links, Rechts, Inkl. Fußgestell, Überlauf: Ja, Position Ablauf: Mitte, Position Überlauf: Mitte, Nutzinhalt: 205 l, Innentiefe: 485 mm, Höhe mit Wannenverkleidung: 645 mm",Wannen und Zubehör
700372000000000,"DU P3 Comf BW, 1600x700mm, Weiß , Einbauv.o.f.Verkl.,Ecke rechts","Duravit P3 Comforts Badewanne, Rechteckig, Einbauart: Einbau, Weiß, Sanitäracryl, Anzahl Rückenschrägen: 1 Rechts, Überlauf: Ja, Position Ablauf: Mitte, Position Überlauf: Mitte, Nutzinhalt: 133 l, Innentiefe: 460 mm, Höhe mit Wannenverkleidung: 625 mm",Wannen und Zubehör
700376000000000,"DU P3 Comf BW 1700x750mm, Weiß , Einbauv.o.f.Verkl.,Ecke rechts","Duravit P3 Comforts Badewanne, Rechteckig, Einbauart: Einbau, Weiß, Sanitäracryl, Anzahl Rückenschrägen: 1 Rechts, Überlauf: Ja, Position Ablauf: Mitte, Position Überlauf: Mitte, Nutzinhalt: 165 l, Innentiefe: 460 mm, Höhe mit Wannenverkleidung: 625 mm",Wannen und Zubehör
700378000000000,DU P3 Comf BW Rk 1900x900 Eb Wß Sacr Rks 2 Üb J Ab M Üb M Ninh 250 l Inti:,"Duravit P3 Comforts Badewanne, Rechteckig, Einbauart: Einbau, Weiß, Sanitäracryl, Anzahl Rückenschrägen: 2, Überlauf: Ja, Position Ablauf: Mitte, Position Überlauf: Mitte, Nutzinhalt: 250 l, Innentiefe: 460 mm, Höhe mit Wannenverkleidung: 610 mm",Wannen und Zubehör
700390000000000,"DU Paiova 5 Badew. 1770x1300 Einbau Ecke L,Rückenschr. 2 Links, Weiß","Duravit Paiova 5 Badewanne, Fünfeck, Einbauart: Ecke links, Einbau, Weiß, Sanitäracryl, Anzahl Rückenschrägen: 2, Überlauf: Ja, Position Ablauf: Mitte, Position Überlauf: Mitte, Nutzinhalt: 205 l, Innentiefe: 440 mm",Wannen und Zubehör
700391000000000,"DU Paiova 5 Badew. 1770x1300 Einbau Ecke R,Rückenschr. 2 Rechts, Weiß","Duravit Paiova 5 Badewanne, Fünfeck, Einbauart: Ecke rechts, Einbau, Weiß, Sanitäracryl, Anzahl Rückenschrägen: 2, Überlauf: Ja, Position Ablauf: Mitte, Position Überlauf: Mitte, Nutzinhalt: 205 l, Innentiefe: 440 mm",Wannen und Zubehör
700392000000000,"DU Paiova 5 Badew. 1900x1400 Einbau Ecke L,Rückenschr. 2 Links, Weiß","Duravit Paiova 5 Badewanne, Fünfeck, Einbauart: Ecke links, Einbau, Weiß, Sanitäracryl, Anzahl Rückenschrägen: 2, Überlauf: Ja, Position Ablauf: Mitte, Position Überlauf: Mitte, Nutzinhalt: 267 l, Innentiefe: 440 mm",Wannen und Zubehör
700393000000000,"DU Paiova 5 Badew. 1900x1400 Einbau Ecke R,Rückenschr. 2 Rechts, Weiß","Duravit Paiova 5 Badewanne, Fünfeck, Einbauart: Ecke rechts, Einbau, Weiß, Sanitäracryl, Anzahl Rückenschrägen: 2, Überlauf: Ja, Position Ablauf: Mitte, Position Überlauf: Mitte, Nutzinhalt: 267 l, Innentiefe: 440 mm",Wannen und Zubehör
700394000000000,"DU Paiova 5 Badew. 1770x1300 Einb.Ecke L Nahtl.Acryl-VK,Rückenschr. 2 Links,Weiß","Duravit Paiova 5 Badewanne, Fünfeck, Einbauart: Ecke links, Nahtlose Acrylverkleidung, Weiß, Sanitäracryl, Anzahl Rückenschrägen: 2, Inkl. Fußgestell, Überlauf: Ja, Position Ablauf: Mitte, Position Überlauf: Mitte, Nutzinhalt: 205 l, Innentiefe: 440 mm, Höhe mit Wannenverkleidung: 580 mm",Wannen und Zubehör
700395000000000,DU Paiova 5 Badew. 1770x1300 Einb.Ecke R Nahtl.Acryl-VK Rückenschr. 2 Rechts We,"Duravit Paiova 5 Badewanne, Fünfeck, Einbauart: Ecke rechts, Nahtlose Acrylverkleidung, Weiß, Sanitäracryl, Anzahl Rückenschrägen: 2, Inkl. Fußgestell, Überlauf: Ja, Position Ablauf: Mitte, Position Überlauf: Mitte, Nutzinhalt: 205 l, Innentiefe: 440 mm, Höhe mit Wannenverkleidung: 580 mm",Wannen und Zubehör
700396000000000,"DU Paiova 5 Badew. 1900x1400 Einb.Ecke L Nahtl.Acryl-VK,Rückenschr. 2 Links,Weiß","Duravit Paiova 5 Badewanne, Fünfeck, Einbauart: Ecke links, Nahtlose Acrylverkleidung, Weiß, Sanitäracryl, Anzahl Rückenschrägen: 2, Inkl. Fußgestell, Überlauf: Ja, Position Ablauf: Mitte, Position Überlauf: Mitte, Nutzinhalt: 267 l, Innentiefe: 440 mm, Höhe mit Wannenverkleidung: 580 mm",Wannen und Zubehör
700397000000000,DU Paiova 5 Badew. 1900x1400 Einb.Ecke R Nahtl.Acryl-VK Rückenschr. 2 Rechts We,"Duravit Paiova 5 Badewanne, Fünfeck, Einbauart: Ecke rechts, Nahtlose Acrylverkleidung, Weiß, Sanitäracryl, Anzahl Rückenschrägen: 2, Inkl. Fußgestell, Überlauf: Ja, Position Ablauf: Mitte, Position Überlauf: Mitte, Nutzinhalt: 267 l, Innentiefe: 440 mm, Höhe mit Wannenverkleidung: 580 mm",Wannen und Zubehör
700403000000000,"DU Shower+Bath Badewanne 1700x750 Ecke L Rückenschr.1 Rechts, Mineralg.Weiß","Duravit Shower + Bath Badewanne mit Tür, Rechteckig, Einbauart: Ecke links, Mineralgussverkleidung, Weiß Matt, Mineralguss, DuroCast Plus, Position Duschabtrennung: Links, Klarglas, Anzahl Rückenschrägen: 1 Rechts, Abnehmbare Verkleidung: , Inkl. Fußgestell, Überlauf: Ja, Position Ablauf: Mitte, Vorne, Position Überlauf: Mitte, Nutzinhalt: 285 l, Innentiefe: 495 mm, Höhe mit Wannenverkleidung: 660 mm, Höhe Duschabtrennung: 2105 mm",Duschabtrennungen
700404000000000,"DU Shower+Bath Badewanne 1700x750 Ecke R Rückenschr.1 Links, Mineralg.Weiß","Duravit Shower + Bath Badewanne mit Tür, Rechteckig, Einbauart: Ecke rechts, Mineralgussverkleidung, Weiß Matt, Mineralguss, DuroCast Plus, Position Duschabtrennung: Rechts, Klarglas, Anzahl Rückenschrägen: 1 Links, Abnehmbare Verkleidung: , Inkl. Fußgestell, Überlauf: Ja, Position Ablauf: Mitte, Vorne, Position Überlauf: Mitte, Nutzinhalt: 285 l, Innentiefe: 495 mm, Höhe mit Wannenverkleidung: 660 mm, Höhe Duschabtrennung: 2105 mm",Duschabtrennungen
700409000000000,"DU Starck Badewanne oval 1600x800 Freist Acrylverkl.,Rückenschr.2 L/R, Weiß","Duravit Starck Badewanne, Oval, Einbauart: Freistehend, Acrylverkleidung, Weiß, Sanitäracryl, Anzahl Rückenschrägen: 2, Inkl. Fußgestell, Überlauf: Ja, Position Ablauf: Mitte, Position Überlauf: Mitte, Nutzinhalt: 140 l, Innentiefe: 460 mm",Wannen und Zubehör
700411000000000,DU Vero Air BW Rk 1700x700 Eb Wß Sacr Rks 1 Var Üb J Ab Fße Üb Fße Ninh 115,"Duravit Vero Air Badewanne, Rechteckig, Einbauart: Einbau, Weiß, Sanitäracryl, Anzahl Rückenschrägen: 1 Variabel, Überlauf: Ja, Position Ablauf: Fußende, Position Überlauf: Fußende, Nutzinhalt: 115 l, Innentiefe: 460 mm",Wannen und Zubehör
700412000000000,DU Vero Air BW Rk 1700x750 Eb Wß Sacr Rks 1 Var Üb J Ab Fße Üb Fße Ninh 135,"Duravit Vero Air Badewanne, Rechteckig, Einbauart: Einbau, Weiß, Sanitäracryl, Anzahl Rückenschrägen: 1 Variabel, Überlauf: Ja, Position Ablauf: Fußende, Position Überlauf: Fußende, Nutzinhalt: 135 l, Innentiefe: 460 mm",Wannen und Zubehör
700413000000000,DU Vero Air BW Rk 1800x800 Eb Wß Sacr Rks 2 Üb J Ab M Üb M Ninh 217 l Inti:,"Duravit Vero Air Badewanne, Rechteckig, Einbauart: Einbau, Weiß, Sanitäracryl, Anzahl Rückenschrägen: 2, Überlauf: Ja, Position Ablauf: Mitte, Position Überlauf: Mitte, Nutzinhalt: 217 l, Innentiefe: 460 mm",Wannen und Zubehör
700414000000000,DU Vero Air BW Rk 1900x900 Eb Wß Sacr Rks 2 Üb J Ab M Üb M Ninh 306 l Inti:,"Duravit Vero Air Badewanne, Rechteckig, Einbauart: Einbau, Weiß, Sanitäracryl, Anzahl Rückenschrägen: 2, Überlauf: Ja, Position Ablauf: Mitte, Position Überlauf: Mitte, Nutzinhalt: 306 l, Innentiefe: 460 mm",Wannen und Zubehör
700415000000000,DU Vero Air BW Rk 1800x800 Ek l Nl Acrylverk Wß Sacr Rks 2 Fg Üb J Ab M Üb,"Duravit Vero Air Badewanne, Rechteckig, Einbauart: Ecke links, Nahtlose Acrylverkleidung, Weiß, Sanitäracryl, Anzahl Rückenschrägen: 2, Inkl. Fußgestell, Überlauf: Ja, Position Ablauf: Mitte, Position Überlauf: Mitte, Nutzinhalt: 217 l, Innentiefe: 460 mm, Höhe mit Wannenverkleidung: 600 mm",Wannen und Zubehör
700416000000000,DU Vero Air BW Rk 1800x800 Ek r Nl Acrylverk Wß Sacr Rks 2 Fg Üb J Ab M Üb,"Duravit Vero Air Badewanne, Rechteckig, Einbauart: Ecke rechts, Nahtlose Acrylverkleidung, Weiß, Sanitäracryl, Anzahl Rückenschrägen: 2, Inkl. Fußgestell, Überlauf: Ja, Position Ablauf: Mitte, Position Überlauf: Mitte, Nutzinhalt: 217 l, Innentiefe: 460 mm, Höhe mit Wannenverkleidung: 600 mm",Wannen und Zubehör
700418000000000,DU Vero Air BW Rk 1800x800 Fs Nl Acrylverk Wß Sacr Rks 2 Fg Üb J Ab M Üb,"Duravit Vero Air Badewanne, Rechteckig, Einbauart: Freistehend, Nahtlose Acrylverkleidung, Weiß, Sanitäracryl, Anzahl Rückenschrägen: 2, Inkl. Fußgestell, Überlauf: Ja, Position Ablauf: Mitte, Position Überlauf: Mitte, Nutzinhalt: 217 l, Innentiefe: 460 mm",Wannen und Zubehör
700444000B20000,DU XViu BW Mtg Rk 1600x800 Fs Nl Acrylverk Wß Sacr Mtg Swa Mt Alu Rks 2 F,"Duravit XViu Badewanne mit Metallgestell, Rechteckig, Einbauart: Freistehend, Nahtlose Acrylverkleidung, Weiß, Sanitäracryl, Farbe Metallgestell Schwarz Matt Aluminium, Anzahl Rückenschrägen: 2, Abnehmbare Verkleidung: , Inkl. Fußgestell, Inkl. Ab- / Überlaufgarnitur, Überlauf: Ja, Position Ablauf: Mitte, Position Überlauf: Mitte, Nutzinhalt: 140 l, Innentiefe: 460 mm",Wannen und Zubehör
700449800000000,"DU Happy D.2 Plus BW 1800x800 Ecke L, Ang.Acrylver.,RS 2 Pos.L/R,Weiß/Graph.SM","Duravit Happy D.2 Plus Badewanne, Rechteckig, Einbauart: Ecke links, Angeformte Acrylverkleidung, Innenfarbe Weiß, Aussenfarbe Graphit Supermatt, Sanitäracryl, Anzahl Rückenschrägen: 2, Inkl. Fußgestell, Überlauf: Ja, Position Ablauf: Mitte, Position Überlauf: Mitte, Nutzinhalt: 180 l, Innentiefe: 460 mm, Höhe mit Wannenverkleidung: 600 mm",Wannen und Zubehör
700450800000000,"DU Happy D.2 Plus BW 1800x800 Ecke R, Ang.Acrylver.,RS 2 Pos.L/R,Weiß/Graph.SM","Duravit Happy D.2 Plus Badewanne, Rechteckig, Einbauart: Ecke rechts, Angeformte Acrylverkleidung, Innenfarbe Weiß, Aussenfarbe Graphit Supermatt, Sanitäracryl, Anzahl Rückenschrägen: 2, Inkl. Fußgestell, Überlauf: Ja, Position Ablauf: Mitte, Position Überlauf: Mitte, Nutzinhalt: 180 l, Innentiefe: 460 mm, Höhe mit Wannenverkleidung: 600 mm",Wannen und Zubehör
700451800000000,"DU Happy D.2 Plus BW 1800x800 Vorwand Ang.Acrylver.,RS 2 Pos.L/R,Weiß/Graph.SM","Duravit Happy D.2 Plus Badewanne, Rechteckig, Einbauart: Vorwand, Angeformte Acrylverkleidung, Innenfarbe Weiß, Aussenfarbe Graphit Supermatt, Sanitäracryl, Anzahl Rückenschrägen: 2, Inkl. Fußgestell, Überlauf: Ja, Position Ablauf: Mitte, Position Überlauf: Mitte, Nutzinhalt: 180 l, Innentiefe: 460 mm, Höhe mit Wannenverkleidung: 600 mm",Wannen und Zubehör
700453000000000,"DU Happy D.2 Plus BW 1800x800 Freist. Nahtl.Acrylverkl.,Rückens.2 Pos.L/R,Weiß","Duravit Happy D.2 Plus Badewanne, Rechteckig, Einbauart: Freistehend, Nahtlose Acrylverkleidung, Weiß, Sanitäracryl, Anzahl Rückenschrägen: 2, Inkl. Fußgestell, Überlauf: Ja, Position Ablauf: Mitte, Position Überlauf: Mitte, Nutzinhalt: 170 l, Innentiefe: 460 mm",Wannen und Zubehör
700453800000000,"DU Happy D.2 Plus BW 1800x800 Freist. Naht.Acrylv.,RS 2 Pos.L/R,Weiß/Graph.SM","Duravit Happy D.2 Plus Badewanne, Rechteckig, Einbauart: Freistehend, Nahtlose Acrylverkleidung, Innenfarbe Weiß, Aussenfarbe Graphit Supermatt, Sanitäracryl, Anzahl Rückenschrägen: 2, Inkl. Fußgestell, Überlauf: Ja, Position Ablauf: Mitte, Position Überlauf: Mitte, Nutzinhalt: 170 l, Innentiefe: 460 mm",Wannen und Zubehör
700454000000000,"DU Shower+Bath Badewanne 1700x750 Nische Rückenschr.1 Rechts, Mineralg.Weiß","Duravit Shower + Bath Badewanne mit Tür, Rechteckig, Einbauart: Nische, Mineralgussverkleidung, Weiß Matt, Mineralguss, DuroCast Plus, Position Duschabtrennung: Links, Klarglas, Anzahl Rückenschrägen: 1 Rechts, Abnehmbare Verkleidung: , Inkl. Fußgestell, Überlauf: Ja, Position Ablauf: Mitte, Vorne, Position Überlauf: Mitte, Nutzinhalt: 285 l, Innentiefe: 495 mm, Höhe mit Wannenverkleidung: 660 mm, Höhe Duschabtrennung: 2105 mm",Duschabtrennungen
700455000000000,"DU Shower+Bath Badewanne 1700x750 Nische Rückenschr.1 Links, Mineralg.Weiß","Duravit Shower + Bath Badewanne mit Tür, Rechteckig, Einbauart: Nische, Mineralgussverkleidung, Weiß Matt, Mineralguss, DuroCast Plus, Position Duschabtrennung: Rechts, Klarglas, Anzahl Rückenschrägen: 1 Links, Abnehmbare Verkleidung: , Inkl. Fußgestell, Überlauf: Ja, Position Ablauf: Mitte, Vorne, Position Überlauf: Mitte, Nutzinhalt: 285 l, Innentiefe: 495 mm, Höhe mit Wannenverkleidung: 660 mm, Höhe Duschabtrennung: 2105 mm",Duschabtrennungen
700471000000000,"DU D-Neo BW 1500x750,Einbauversion Rückenschr.1 Pos.Variabel, Weiß","Duravit D-Neo Badewanne, Rechteckig, Einbauart: Einbau, Weiß, Sanitäracryl, Anzahl Rückenschrägen: 1 Variabel, Überlauf: Ja, Position Ablauf: Fußende, Position Überlauf: Fußende, Nutzinhalt: 202 l, Innentiefe: 465 mm",Wannen und Zubehör
700472000000000,"DU D-Neo BW 1600x700,Einbauversion Rückenschr. 1 Pos.Variabel, Weiß","Duravit D-Neo Badewanne, Rechteckig, Einbauart: Einbau, Weiß, Sanitäracryl, Anzahl Rückenschrägen: 1 Variabel, Überlauf: Ja, Position Ablauf: Fußende, Position Überlauf: Fußende, Nutzinhalt: 200 l, Innentiefe: 465 mm",Wannen und Zubehör
700475000000000,"DU D-Neo BW 1800x800,Einbauversion Rückenschr. 1 Pos.Variabel, Weiß","Duravit D-Neo Badewanne, Rechteckig, Einbauart: Einbau, Weiß, Sanitäracryl, Anzahl Rückenschrägen: 1 Variabel, Überlauf: Ja, Position Ablauf: Fußende, Position Überlauf: Fußende, Nutzinhalt: 265 l, Innentiefe: 465 mm",Wannen und Zubehör
700476000000000,"DU D-Neo BW 1800x800,Einbauversion Rückenschr. 2 Pos. L/R Weiß","Duravit D-Neo Badewanne, Rechteckig, Einbauart: Einbau, Weiß, Sanitäracryl, Anzahl Rückenschrägen: 2, Überlauf: Ja, Position Ablauf: Mitte, Position Überlauf: Mitte, Nutzinhalt: 230 l, Innentiefe: 465 mm",Wannen und Zubehör
700477000000000,"DU D-Neo BW 1600x750,Freisteh.,Nahtl.VK Rückens.2 L/R,inkl.FG/Ab-Üb.G.,Weiß","Duravit D-Neo Badewanne, Oval, Einbauart: Freistehend, Nahtlose Verkleidung, Weiß Matt, Mineralguss, DuroCast UltraResist, Anzahl Rückenschrägen: 2, Inkl. Fußgestell, Inkl. Ab- / Überlaufgarnitur, Überlauf: Ja, Position Ablauf: Mitte, Position Überlauf: Mitte, Nutzinhalt: 220 l, Innentiefe: 450 mm",Wannen und Zubehör
700478000000000,"DU D-Neo BW 1700x700,Einbauversion Rückenschr.1 Pos.Variabel, Weiß","Duravit D-Neo Badewanne, Rechteckig, Einbauart: Einbau, Weiß, Sanitäracryl, Anzahl Rückenschrägen: 1 Variabel, Überlauf: Ja, Position Ablauf: Fußende, Position Überlauf: Fußende, Nutzinhalt: 140 l, Innentiefe: 465 mm",Wannen und Zubehör
700479000000000,"DU D-Neo BW 1700x750,Einbauversion Rückenschr. 1 Pos.Variabel, Weiß","Duravit D-Neo Badewanne, Rechteckig, Einbauart: Einbau, Weiß, Sanitäracryl, Anzahl Rückenschrägen: 1 Variabel, Überlauf: Ja, Position Ablauf: Fußende, Position Überlauf: Fußende, Nutzinhalt: 234 l, Innentiefe: 465 mm",Wannen und Zubehör
700486000000000,"DU D-Neo BW 1600x750,Freisteh.,Nahtl.VK Rückenschr. 2 Pos. L/R,inkl.Fußg.,Weiß","Duravit D-Neo Badewanne, Oval, Einbauart: Freistehend, Nahtlose Verkleidung, Weiß Matt, Mineralguss, DuroCast UltraResist, Anzahl Rückenschrägen: 2, Inkl. Fußgestell, Position Ablauf: Mitte, Nutzinhalt: 295 l, Innentiefe: 450 mm",Wannen und Zubehör
701022000000000,DU Blue Moon Wan.verkl. für Ek 1400x1400x600 mm AnwBer. Innen Revf Wß S,"Duravit Blue Moon Wannenverkleidung für Ecke, Anwendungsbereich: Innen, Inkl. Fußgestell: Nein, Weiß, Sanitäracryl",W&W Zubehör
701023000000000,DU Blue Moon Wan.verkl. für Vrw 1400x1400x600 mm AnwBer. Innen Revf Wß S,"Duravit Blue Moon Wannenverkleidung für Vorwand, Anwendungsbereich: Innen, Inkl. Fußgestell: Nein, Weiß, Sanitäracryl",W&W Zubehör
720093000000000,"DU D-Code Duschwanne, Rechteckig, 1000x700x85 mm, Weiß, Sanitäracryl","Duravit D-Code Duschwanne, Rechteckig, Weiß, Sanitäracryl, Position Ablauf: Ecke, Höhe: 85 mm",Wannen und Zubehör
720093000000001,"DU D-Code Duschwanne, Rechteckig, 1000x700x85 mm, Weiß, Sanitäracryl, Anti","Duravit D-Code Duschwanne, Rechteckig, Weiß, Sanitäracryl, Antislip, Position Ablauf: Ecke, Höhe: 85 mm",Wannen und Zubehör
720094000000000,"DU D-Code Duschwanne, Rechteckig, 1200x700x85 mm, Weiß, Sanitäracryl","Duravit D-Code Duschwanne, Rechteckig, Weiß, Sanitäracryl, Position Ablauf: Ecke, Höhe: 85 mm",Wannen und Zubehör
720094000000001,"DU D-Code Duschwanne, Rechteckig, 1200x700x85 mm, Weiß, Sanitäracryl, Anti","Duravit D-Code Duschwanne, Rechteckig, Weiß, Sanitäracryl, Antislip, Position Ablauf: Ecke, Höhe: 85 mm",Wannen und Zubehör
720095000000000,"DU D-Code Duschwanne, Rechteckig, 1400x700x85 mm, Weiß, Sanitäracryl","Duravit D-Code Duschwanne, Rechteckig, Weiß, Sanitäracryl, Position Ablauf: Ecke, Höhe: 85 mm",Wannen und Zubehör
720095000000001,"DU D-Code Duschwanne, Rechteckig, 1400x700x85 mm, Weiß, Sanitäracryl, Anti","Duravit D-Code Duschwanne, Rechteckig, Weiß, Sanitäracryl, Antislip, Position Ablauf: Ecke, Höhe: 85 mm",Wannen und Zubehör
720096000000000,"DU D-Code Duschwanne, Rechteckig, 1700x700x85 mm, Weiß, Sanitäracryl","Duravit D-Code Duschwanne, Rechteckig, Weiß, Sanitäracryl, Position Ablauf: Ecke, Höhe: 85 mm",Wannen und Zubehör
720096000000001,"DU D-Code Duschwanne, Rechteckig, 1700x700x85 mm, Weiß, Sanitäracryl, Anti","Duravit D-Code Duschwanne, Rechteckig, Weiß, Sanitäracryl, Antislip, Position Ablauf: Ecke, Höhe: 85 mm",Wannen und Zubehör
720097000000000,"DU D-Code Duschwanne, Rechteckig, 1100x750x85 mm, Weiß, Sanitäracryl","Duravit D-Code Duschwanne, Rechteckig, Weiß, Sanitäracryl, Position Ablauf: Ecke, Höhe: 85 mm",Wannen und Zubehör
720097000000001,"DU D-Code Duschwanne, Rechteckig, 1100x750x85 mm, Weiß, Sanitäracryl, Anti","Duravit D-Code Duschwanne, Rechteckig, Weiß, Sanitäracryl, Antislip, Position Ablauf: Ecke, Höhe: 85 mm",Wannen und Zubehör
720098000000000,"DU D-Code Duschwanne, Rechteckig, 1300x750x85 mm, Weiß, Sanitäracryl","Duravit D-Code Duschwanne, Rechteckig, Weiß, Sanitäracryl, Position Ablauf: Ecke, Höhe: 85 mm",Wannen und Zubehör
720098000000001,"DU D-Code Duschwanne, Rechteckig, 1300x750x85 mm, Weiß, Sanitäracryl, Anti","Duravit D-Code Duschwanne, Rechteckig, Weiß, Sanitäracryl, Antislip, Position Ablauf: Ecke, Höhe: 85 mm",Wannen und Zubehör
720099000000000,"DU D-Code Duschwanne, Rechteckig, 1500x750x85 mm, Weiß, Sanitäracryl","Duravit D-Code Duschwanne, Rechteckig, Weiß, Sanitäracryl, Position Ablauf: Ecke, Höhe: 85 mm",Wannen und Zubehör
720099000000001,"DU D-Code Duschwanne, Rechteckig, 1500x750x85 mm, Weiß, Sanitäracryl, Anti","Duravit D-Code Duschwanne, Rechteckig, Weiß, Sanitäracryl, Antislip, Position Ablauf: Ecke, Höhe: 85 mm",Wannen und Zubehör
720100000000000,"DU D-Code Duschwanne, Rechteckig, 1700x750x85 mm, Weiß, Sanitäracryl","Duravit D-Code Duschwanne, Rechteckig, Weiß, Sanitäracryl, Position Ablauf: Ecke, Höhe: 85 mm",Wannen und Zubehör
720100000000001,"DU D-Code Duschwanne, Rechteckig, 1700x750x85 mm, Weiß, Sanitäracryl, Anti","Duravit D-Code Duschwanne, Rechteckig, Weiß, Sanitäracryl, Antislip, Position Ablauf: Ecke, Höhe: 85 mm",Wannen und Zubehör
720101000000000,"DU D-Code Duschwanne, Quadratisch, 800x800x85 mm, Weiß, Sanitäracryl","Duravit D-Code Duschwanne, Quadratisch, Weiß, Sanitäracryl, Position Ablauf: Ecke, Höhe: 85 mm",Wannen und Zubehör
720101000000001,"DU D-Code Duschwanne, Quadratisch, 800x800x85 mm, Weiß, Sanitäracryl, Antis","Duravit D-Code Duschwanne, Quadratisch, Weiß, Sanitäracryl, Antislip, Position Ablauf: Ecke, Höhe: 85 mm",Wannen und Zubehör
720102000000000,"DU D-Code Duschwanne, Quadratisch, 900x900x85 mm, Weiß, Sanitäracryl","Duravit D-Code Duschwanne, Quadratisch, Weiß, Sanitäracryl, Position Ablauf: Ecke, Höhe: 85 mm",Wannen und Zubehör
720102000000001,"DU D-Code Duschwanne, Quadratisch, 900x900x85 mm, Weiß, Sanitäracryl, Antis","Duravit D-Code Duschwanne, Quadratisch, Weiß, Sanitäracryl, Antislip, Position Ablauf: Ecke, Höhe: 85 mm",Wannen und Zubehör
720103000000000,"DU D-Code Duschwanne, Quadratisch, 1000x1000x85 mm, Weiß, Sanitäracryl","Duravit D-Code Duschwanne, Quadratisch, Weiß, Sanitäracryl, Position Ablauf: Ecke, Höhe: 85 mm",Wannen und Zubehör
720103000000001,DU D-Code Duschwanne Quadratisch 1000x1000x85 mm Weiß Sanitäracryl Antisl,"Duravit D-Code Duschwanne, Quadratisch, Weiß, Sanitäracryl, Antislip, Position Ablauf: Ecke, Höhe: 85 mm",Wannen und Zubehör
720104000000000,"DU D-Code Duschwanne, Rechteckig, 900x750x85 mm, Weiß, Sanitäracryl","Duravit D-Code Duschwanne, Rechteckig, Weiß, Sanitäracryl, Position Ablauf: Ecke, Höhe: 85 mm",Wannen und Zubehör
720104000000001,"DU D-Code Duschwanne, Rechteckig, 900x750x85 mm, Weiß, Sanitäracryl, Antis","Duravit D-Code Duschwanne, Rechteckig, Weiß, Sanitäracryl, Antislip, Position Ablauf: Ecke, Höhe: 85 mm",Wannen und Zubehör
720105000000000,"DU D-Code Duschwanne, Rechteckig, 900x800x85 mm, Weiß, Sanitäracryl","Duravit D-Code Duschwanne, Rechteckig, Weiß, Sanitäracryl, Position Ablauf: Ecke, Höhe: 85 mm",Wannen und Zubehör
720105000000001,"DU D-Code Duschwanne, Rechteckig, 900x800x85 mm, Weiß, Sanitäracryl, Antis","Duravit D-Code Duschwanne, Rechteckig, Weiß, Sanitäracryl, Antislip, Position Ablauf: Ecke, Höhe: 85 mm",Wannen und Zubehör
720106000000000,"DU D-Code Duschwanne, Rechteckig, 1000x800x85 mm, Weiß, Sanitäracryl","Duravit D-Code Duschwanne, Rechteckig, Weiß, Sanitäracryl, Position Ablauf: Ecke, Höhe: 85 mm",Wannen und Zubehör
720106000000001,"DU D-Code Duschwanne, Rechteckig, 1000x800x85 mm, Weiß, Sanitäracryl, Anti","Duravit D-Code Duschwanne, Rechteckig, Weiß, Sanitäracryl, Antislip, Position Ablauf: Ecke, Höhe: 85 mm",Wannen und Zubehör
720107000000000,"DU D-Code Duschwanne, Rechteckig, 1000x900x85 mm, Weiß, Sanitäracryl","Duravit D-Code Duschwanne, Rechteckig, Weiß, Sanitäracryl, Position Ablauf: Ecke, Höhe: 85 mm",Wannen und Zubehör
720107000000001,"DU D-Code Duschwanne, Rechteckig, 1000x900x85 mm, Weiß, Sanitäracryl, Anti","Duravit D-Code Duschwanne, Rechteckig, Weiß, Sanitäracryl, Antislip, Position Ablauf: Ecke, Höhe: 85 mm",Wannen und Zubehör
720108000000000,"DU D-Code Duschwanne, Viertelkreis, 900x900x85 mm, Weiß, Sanitäracryl","Duravit D-Code Duschwanne, Viertelkreis, Weiß, Sanitäracryl, Position Ablauf: Ecke, Höhe: 85 mm",Wannen und Zubehör
720108000000001,DU D-Code Duschwanne Viertelkreis 900x900x85 mm Weiß Sanitäracryl Antislip,"Duravit D-Code Duschwanne, Viertelkreis, Weiß, Sanitäracryl, Antislip, Position Ablauf: Ecke, Höhe: 85 mm",Wannen und Zubehör
720113000000000,"DU D-Code Duschwanne, Rechteckig, 1200x800x85 mm, Weiß, Sanitäracryl","Duravit D-Code Duschwanne, Rechteckig, Weiß, Sanitäracryl, Position Ablauf: Ecke, Höhe: 85 mm",Wannen und Zubehör
720113000000001,"DU D-Code Duschwanne, Rechteckig, 1200x800x85 mm, Weiß, Sanitäracryl, Anti","Duravit D-Code Duschwanne, Rechteckig, Weiß, Sanitäracryl, Antislip, Position Ablauf: Ecke, Höhe: 85 mm",Wannen und Zubehör
720114000000000,"DU Starck Slimline Duschwanne, Quadratisch, 800x800x45 mm, Weiß, Sanitä","Duravit Starck Slimline Duschwanne, Quadratisch, Weiß, Sanitäracryl, Position Ablauf: Ecke, Höhe: 45 mm",Wannen und Zubehör
720114000000001,DU Starck Slimline Duschwanne Quadr. 800x800x45 mm Wß S.acr. Antislip,"Duravit Starck Slimline Duschwanne, Quadratisch, Weiß, Sanitäracryl, Antislip, Position Ablauf: Ecke, Höhe: 45 mm",Wannen und Zubehör
720115000000000,"DU Starck Slimline Duschwanne, Quadratisch, 900x900x45 mm, Weiß, Sanitä","Duravit Starck Slimline Duschwanne, Quadratisch, Weiß, Sanitäracryl, Position Ablauf: Ecke, Höhe: 45 mm",Wannen und Zubehör
720115000000001,DU Starck Slimline Duschwanne Quadr. 900x900x45 mm Wß S.acr. Antislip,"Duravit Starck Slimline Duschwanne, Quadratisch, Weiß, Sanitäracryl, Antislip, Position Ablauf: Ecke, Höhe: 45 mm",Wannen und Zubehör
720116000000000,DU Starck Slimline Duschwanne Quadratisch 1000x1000x50 mm Weiß Sanitär,"Duravit Starck Slimline Duschwanne, Quadratisch, Weiß, Sanitäracryl, Position Ablauf: Ecke, Höhe: 50 mm",Wannen und Zubehör
720116000000001,DU Starck Slimline Duschwanne Quadr. 1000x1000x50 mm Wß S.acr. Antislip,"Duravit Starck Slimline Duschwanne, Quadratisch, Weiß, Sanitäracryl, Antislip, Position Ablauf: Ecke, Höhe: 50 mm",Wannen und Zubehör
720117000000000,"DU Starck Slimline Duschwanne, Rechteckig, 900x750x45 mm, Weiß, Sanitär","Duravit Starck Slimline Duschwanne, Rechteckig, Weiß, Sanitäracryl, Position Ablauf: Ecke, Höhe: 45 mm",Wannen und Zubehör
720117000000001,DU Starck Slimline Duschwanne R.Ek 900x750x45 mm Wß S.acr. Antislip,"Duravit Starck Slimline Duschwanne, Rechteckig, Weiß, Sanitäracryl, Antislip, Position Ablauf: Ecke, Höhe: 45 mm",Wannen und Zubehör
720118000000000,"DU Starck Slimline Duschwanne, Rechteckig, 900x800x45 mm, Weiß, Sanitär","Duravit Starck Slimline Duschwanne, Rechteckig, Weiß, Sanitäracryl, Position Ablauf: Ecke, Höhe: 45 mm",Wannen und Zubehör
720118000000001,DU Starck Slimline Duschwanne R.Ek 900x800x45 mm Wß S.acr. Antislip,"Duravit Starck Slimline Duschwanne, Rechteckig, Weiß, Sanitäracryl, Antislip, Position Ablauf: Ecke, Höhe: 45 mm",Wannen und Zubehör
720119000000000,"DU Starck Slimline Duschwanne, Rechteckig, 1000x800x50 mm, Weiß, Sanitä","Duravit Starck Slimline Duschwanne, Rechteckig, Weiß, Sanitäracryl, Position Ablauf: Ecke, Höhe: 50 mm",Wannen und Zubehör
720119000000001,DU Starck Slimline Duschwanne R.Ek 1000x800x50 mm Wß S.acr. Antislip,"Duravit Starck Slimline Duschwanne, Rechteckig, Weiß, Sanitäracryl, Antislip, Position Ablauf: Ecke, Höhe: 50 mm",Wannen und Zubehör
720120000000000,"DU Starck Slimline Duschwanne, Rechteckig, 1000x900x50 mm, Weiß, Sanitä","Duravit Starck Slimline Duschwanne, Rechteckig, Weiß, Sanitäracryl, Position Ablauf: Ecke, Höhe: 50 mm",Wannen und Zubehör
720120000000001,DU Starck Slimline Duschwanne R.Ek 1000x900x50 mm Wß S.acr. Antislip,"Duravit Starck Slimline Duschwanne, Rechteckig, Weiß, Sanitäracryl, Antislip, Position Ablauf: Ecke, Höhe: 50 mm",Wannen und Zubehör
720121000000000,"DU Starck Slimline Duschwanne, Rechteckig, 1200x800x55 mm, Weiß, Sanitä","Duravit Starck Slimline Duschwanne, Rechteckig, Weiß, Sanitäracryl, Position Ablauf: Ecke, Höhe: 55 mm",Wannen und Zubehör
720121000000001,DU Starck Slimline Duschwanne R.Ek 1200x800x55 mm Wß S.acr. Antislip,"Duravit Starck Slimline Duschwanne, Rechteckig, Weiß, Sanitäracryl, Antislip, Position Ablauf: Ecke, Höhe: 55 mm",Wannen und Zubehör
720122000000000,"DU Starck Slimline Duschwanne, Rechteckig, 1200x900x55 mm, Weiß, Sanitä","Duravit Starck Slimline Duschwanne, Rechteckig, Weiß, Sanitäracryl, Position Ablauf: Ecke, Höhe: 55 mm",Wannen und Zubehör
720122000000001,DU Starck Slimline Duschwanne R.Ek 1200x900x55 mm Wß S.acr. Antislip,"Duravit Starck Slimline Duschwanne, Rechteckig, Weiß, Sanitäracryl, Antislip, Position Ablauf: Ecke, Höhe: 55 mm",Wannen und Zubehör
720123000000000,"DU Starck Slimline Duschwanne, Rechteckig, 1200x1000x55 mm, Weiß, Sanit","Duravit Starck Slimline Duschwanne, Rechteckig, Weiß, Sanitäracryl, Position Ablauf: Ecke, Höhe: 55 mm",Wannen und Zubehör
720123000000001,DU Starck Slimline Duschwanne R.Ek 1200x1000x55 mm Wß S.acr. Antislip,"Duravit Starck Slimline Duschwanne, Rechteckig, Weiß, Sanitäracryl, Antislip, Position Ablauf: Ecke, Höhe: 55 mm",Wannen und Zubehör
720124000000000,"DU Starck Slimline Duschwanne, Rechteckig, 1400x700x55 mm, Weiß, Sanitä","Duravit Starck Slimline Duschwanne, Rechteckig, Weiß, Sanitäracryl, Position Ablauf: Ecke, Höhe: 55 mm",Wannen und Zubehör
720124000000001,DU Starck Slimline Duschwanne R.Ek 1400x700x55 mm Wß S.acr. Antislip,"Duravit Starck Slimline Duschwanne, Rechteckig, Weiß, Sanitäracryl, Antislip, Position Ablauf: Ecke, Höhe: 55 mm",Wannen und Zubehör
720125000000000,"DU Starck Slimline Duschwanne, Rechteckig, 1400x750x55 mm, Weiß, Sanitä","Duravit Starck Slimline Duschwanne, Rechteckig, Weiß, Sanitäracryl, Position Ablauf: Ecke, Höhe: 55 mm",Wannen und Zubehör
720125000000001,DU Starck Slimline Duschwanne R.Ek 1400x750x55 mm Wß S.acr. Antislip,"Duravit Starck Slimline Duschwanne, Rechteckig, Weiß, Sanitäracryl, Antislip, Position Ablauf: Ecke, Höhe: 55 mm",Wannen und Zubehör
720126000000000,"DU Starck Slimline Duschwanne, Rechteckig, 1400x900x55 mm, Weiß, Sanitä","Duravit Starck Slimline Duschwanne, Rechteckig, Weiß, Sanitäracryl, Position Ablauf: Ecke, Höhe: 55 mm",Wannen und Zubehör
720126000000001,DU Starck Slimline Duschwanne R.Ek 1400x900x55 mm Wß S.acr. Antislip,"Duravit Starck Slimline Duschwanne, Rechteckig, Weiß, Sanitäracryl, Antislip, Position Ablauf: Ecke, Höhe: 55 mm",Wannen und Zubehör
720127000000000,"DU Starck Slimline Duschwanne, Rechteckig, 1500x700x55 mm, Weiß, Sanitä","Duravit Starck Slimline Duschwanne, Rechteckig, Weiß, Sanitäracryl, Position Ablauf: Ecke, Höhe: 55 mm",Wannen und Zubehör
720127000000001,DU Starck Slimline Duschwanne R.Ek 1500x700x55 mm Wß S.acr. Antislip,"Duravit Starck Slimline Duschwanne, Rechteckig, Weiß, Sanitäracryl, Antislip, Position Ablauf: Ecke, Höhe: 55 mm",Wannen und Zubehör
720128000000000,"DU Starck Slimline Duschwanne, Rechteckig, 1500x750x60 mm, Weiß, Sanitä","Duravit Starck Slimline Duschwanne, Rechteckig, Weiß, Sanitäracryl, Position Ablauf: Ecke, Höhe: 60 mm",Wannen und Zubehör
720128000000001,DU Starck Slimline Duschwanne R.Ek 1500x750x60 mm Wß S.acr. Antislip,"Duravit Starck Slimline Duschwanne, Rechteckig, Weiß, Sanitäracryl, Antislip, Position Ablauf: Ecke, Höhe: 60 mm",Wannen und Zubehör
720129000000000,"DU Starck Slimline Duschwanne, Rechteckig, 1600x700x60 mm, Weiß, Sanitä","Duravit Starck Slimline Duschwanne, Rechteckig, Weiß, Sanitäracryl, Position Ablauf: Ecke, Höhe: 60 mm",Wannen und Zubehör
720129000000001,DU Starck Slimline Duschwanne R.Ek 1600x700x60 mm Wß S.acr. Antislip,"Duravit Starck Slimline Duschwanne, Rechteckig, Weiß, Sanitäracryl, Antislip, Position Ablauf: Ecke, Höhe: 60 mm",Wannen und Zubehör
720130000000000,"DU Starck Slimline Duschwanne, Rechteckig, 1600x750x60 mm, Weiß, Sanitä","Duravit Starck Slimline Duschwanne, Rechteckig, Weiß, Sanitäracryl, Position Ablauf: Ecke, Höhe: 60 mm",Wannen und Zubehör
720130000000001,DU Starck Slimline Duschwanne R.Ek 1600x750x60 mm Wß S.acr. Antislip,"Duravit Starck Slimline Duschwanne, Rechteckig, Weiß, Sanitäracryl, Antislip, Position Ablauf: Ecke, Höhe: 60 mm",Wannen und Zubehör
720131000000000,"DU Starck Slimline Duschwanne, Rechteckig, 1600x900x60 mm, Weiß, Sanitä","Duravit Starck Slimline Duschwanne, Rechteckig, Weiß, Sanitäracryl, Position Ablauf: Ecke, Höhe: 60 mm",Wannen und Zubehör
720131000000001,DU Starck Slimline Duschwanne R.Ek 1600x900x60 mm Wß S.acr. Antislip,"Duravit Starck Slimline Duschwanne, Rechteckig, Weiß, Sanitäracryl, Antislip, Position Ablauf: Ecke, Höhe: 60 mm",Wannen und Zubehör
720132000000000,"DU Starck Slimline Duschwanne, Rechteckig, 1700x750x60 mm, Weiß, Sanitä","Duravit Starck Slimline Duschwanne, Rechteckig, Weiß, Sanitäracryl, Position Ablauf: Ecke, Höhe: 60 mm",Wannen und Zubehör
720132000000001,DU Starck Slimline Duschwanne R.Ek 1700x750x60 mm Wß S.acr. Antislip,"Duravit Starck Slimline Duschwanne, Rechteckig, Weiß, Sanitäracryl, Antislip, Position Ablauf: Ecke, Höhe: 60 mm",Wannen und Zubehör
720133000000000,"DU Starck Slimline Duschwanne, Rechteckig, 1700x900x60 mm, Weiß, Sanitä","Duravit Starck Slimline Duschwanne, Rechteckig, Weiß, Sanitäracryl, Position Ablauf: Ecke, Höhe: 60 mm",Wannen und Zubehör
720133000000001,DU Starck Slimline Duschwanne R.Ek 1700x900x60 mm Wß S.acr. Antislip,"Duravit Starck Slimline Duschwanne, Rechteckig, Weiß, Sanitäracryl, Antislip, Position Ablauf: Ecke, Höhe: 60 mm",Wannen und Zubehör
720134000000000,"DU Starck Slimline Duschwanne, Rechteckig, 1800x900x65 mm, Weiß, Sanitä","Duravit Starck Slimline Duschwanne, Rechteckig, Weiß, Sanitäracryl, Position Ablauf: Ecke, Höhe: 65 mm",Wannen und Zubehör
720134000000001,DU Starck Slimline Duschwanne R.Ek 1800x900x65 mm Wß S.acr. Antislip,"Duravit Starck Slimline Duschwanne, Rechteckig, Weiß, Sanitäracryl, Antislip, Position Ablauf: Ecke, Höhe: 65 mm",Wannen und Zubehör
720145380000000,"DU Stonetto Duschw. R.Ek 900x800x50mm, Mineralguss, Weiß Matt","Duravit Stonetto Duschwanne, Rechteckig, Weiß Matt, Mineralguss, DuroCast UltraResist, Position Ablauf: Seitlich, Höhe: 50 mm",Wannen und Zubehör
720145480000000,DU Stonetto Duschwanne R.Ek 900x800x50 mm Sd Mt. Min.g DuroCast UltraResist,"Duravit Stonetto Duschwanne, Rechteckig, Sand Matt, Mineralguss, DuroCast UltraResist, Position Ablauf: Seitlich, Höhe: 50 mm",Wannen und Zubehör
720145680000000,"DU Stonetto Duschw. R.Ek 900x800x50mm, Mineralguss, Anthrazit Matt","Duravit Stonetto Duschwanne, Rechteckig, Anthrazit Matt, Mineralguss, DuroCast UltraResist, Position Ablauf: Seitlich, Höhe: 50 mm",Wannen und Zubehör
720146380000000,"DU Stonetto Duschw. Quadr. 900x900x50mm, Mineralguss, Weiß Matt","Duravit Stonetto Duschwanne, Quadratisch, Weiß Matt, Mineralguss, DuroCast UltraResist, Position Ablauf: Seitlich, Höhe: 50 mm",Wannen und Zubehör
720146480000000,DU Stonetto Duschwanne Quadr. 900x900x50 mm Sd Mt. Min.g DuroCast UltraResist,"Duravit Stonetto Duschwanne, Quadratisch, Sand Matt, Mineralguss, DuroCast UltraResist, Position Ablauf: Seitlich, Höhe: 50 mm",Wannen und Zubehör
720146680000000,"DU Stonetto Duschw. Quadr. 900x900x50mm, Mineralguss, Anthrazit Matt","Duravit Stonetto Duschwanne, Quadratisch, Anthrazit Matt, Mineralguss, DuroCast UltraResist, Position Ablauf: Seitlich, Höhe: 50 mm",Wannen und Zubehör
720147380000000,"DU Stonetto Duschw. R.Ek 1000x800x50mm, Mineralguss, Weiß Matt","Duravit Stonetto Duschwanne, Rechteckig, Weiß Matt, Mineralguss, DuroCast UltraResist, Position Ablauf: Seitlich, Höhe: 50 mm",Wannen und Zubehör
720147480000000,DU Stonetto Duschwanne R.Ek 1000x800x50 mm Sd Mt. Min.g DuroCast UltraResist,"Duravit Stonetto Duschwanne, Rechteckig, Sand Matt, Mineralguss, DuroCast UltraResist, Position Ablauf: Seitlich, Höhe: 50 mm",Wannen und Zubehör
720147680000000,"DU Stonetto Duschw. R.Ek 1000x800x50mm, Mineralguss, Anthrazit Matt","Duravit Stonetto Duschwanne, Rechteckig, Anthrazit Matt, Mineralguss, DuroCast UltraResist, Position Ablauf: Seitlich, Höhe: 50 mm",Wannen und Zubehör
720148380000000,"DU Stonetto Duschw. R.Ek 1200x800x50mm, Mineralguss, Weiß Matt","Duravit Stonetto Duschwanne, Rechteckig, Weiß Matt, Mineralguss, DuroCast UltraResist, Position Ablauf: Seitlich, Höhe: 50 mm",Wannen und Zubehör
720148480000000,DU Stonetto Duschwanne R.Ek 1200x800x50 mm Sd Mt. Min.g DuroCast UltraResist,"Duravit Stonetto Duschwanne, Rechteckig, Sand Matt, Mineralguss, DuroCast UltraResist, Position Ablauf: Seitlich, Höhe: 50 mm",Wannen und Zubehör
720148680000000,"DU Stonetto Duschw. R.Ek 1200x800x50mm, Mineralguss, Anthrazit Matt","Duravit Stonetto Duschwanne, Rechteckig, Anthrazit Matt, Mineralguss, DuroCast UltraResist, Position Ablauf: Seitlich, Höhe: 50 mm",Wannen und Zubehör
720149380000000,"DU Stonetto Duschw. R.Ek 1200x900x50mm, Mineralguss, Weiß Matt","Duravit Stonetto Duschwanne, Rechteckig, Weiß Matt, Mineralguss, DuroCast UltraResist, Position Ablauf: Seitlich, Höhe: 50 mm",Wannen und Zubehör
720149480000000,DU Stonetto Duschwanne R.Ek 1200x900x50 mm Sd Mt. Min.g DuroCast UltraResist,"Duravit Stonetto Duschwanne, Rechteckig, Sand Matt, Mineralguss, DuroCast UltraResist, Position Ablauf: Seitlich, Höhe: 50 mm",Wannen und Zubehör
720149680000000,"DU Stonetto Duschw. R.Ek 1200x900x50mm, Mineralguss, Anthrazit Matt","Duravit Stonetto Duschwanne, Rechteckig, Anthrazit Matt, Mineralguss, DuroCast UltraResist, Position Ablauf: Seitlich, Höhe: 50 mm",Wannen und Zubehör
720150380000000,"DU Stonetto Duschw. R.Ek 1400x900x50mm, Mineralguss, Weiß Matt","Duravit Stonetto Duschwanne, Rechteckig, Weiß Matt, Mineralguss, DuroCast UltraResist, Position Ablauf: Seitlich, Höhe: 50 mm",Wannen und Zubehör
720150480000000,DU Stonetto Duschwanne R.Ek 1400x900x50 mm Sd Mt. Min.g DuroCast UltraResist,"Duravit Stonetto Duschwanne, Rechteckig, Sand Matt, Mineralguss, DuroCast UltraResist, Position Ablauf: Seitlich, Höhe: 50 mm",Wannen und Zubehör
720150680000000,"DU Stonetto Duschw. R.Ek 1400x900x50mm, Mineralguss, Anthrazit Matt","Duravit Stonetto Duschwanne, Rechteckig, Anthrazit Matt, Mineralguss, DuroCast UltraResist, Position Ablauf: Seitlich, Höhe: 50 mm",Wannen und Zubehör
720163000000000,"DU D-Code Duschwanne, Rechteckig, 1600x700x85 mm, Weiß, Sanitäracryl","Duravit D-Code Duschwanne, Rechteckig, Weiß, Sanitäracryl, Position Ablauf: Ecke, Höhe: 85 mm",Wannen und Zubehör
720163000000001,"DU D-Code Duschwanne, Rechteckig, 1600x700x85 mm, Weiß, Sanitäracryl, Anti","Duravit D-Code Duschwanne, Rechteckig, Weiß, Sanitäracryl, Antislip, Position Ablauf: Ecke, Höhe: 85 mm",Wannen und Zubehör
720164000000000,"DU D-Code Duschwanne, Rechteckig, 1600x750x85 mm, Weiß, Sanitäracryl","Duravit D-Code Duschwanne, Rechteckig, Weiß, Sanitäracryl, Position Ablauf: Ecke, Höhe: 85 mm",Wannen und Zubehör
720164000000001,"DU D-Code Duschwanne, Rechteckig, 1600x750x85 mm, Weiß, Sanitäracryl, Anti","Duravit D-Code Duschwanne, Rechteckig, Weiß, Sanitäracryl, Antislip, Position Ablauf: Ecke, Höhe: 85 mm",Wannen und Zubehör
720165000000000,"DU D-Code Duschwanne, Rechteckig, 1800x900x85 mm, Weiß, Sanitäracryl","Duravit D-Code Duschwanne, Rechteckig, Weiß, Sanitäracryl, Position Ablauf: Ecke, Höhe: 85 mm",Wannen und Zubehör
720165000000001,"DU D-Code Duschwanne, Rechteckig, 1800x900x85 mm, Weiß, Sanitäracryl, Anti","Duravit D-Code Duschwanne, Rechteckig, Weiß, Sanitäracryl, Antislip, Position Ablauf: Ecke, Höhe: 85 mm",Wannen und Zubehör
720166380000000,"DU Stonetto Duschwanne 1000x900x50mm Mineralguss, Weiß Matt","Duravit Stonetto Duschwanne, Rechteckig, Weiß Matt, Mineralguss, DuroCast UltraResist, Position Ablauf: Seitlich, Höhe: 50 mm",Wannen und Zubehör
720167380000000,"DU Stonetto Duschwanne 1000x1000x50mm Mineralguss, Weiß Matt","Duravit Stonetto Duschwanne, Rechteckig, Weiß Matt, Mineralguss, DuroCast UltraResist, Position Ablauf: Seitlich, Höhe: 50 mm",Wannen und Zubehör
720168380000000,"DU Stonetto Duschwanne 1200x1000x50mm Mineralguss, Weiß Matt","Duravit Stonetto Duschwanne, Rechteckig, Weiß Matt, Mineralguss, DuroCast UltraResist, Position Ablauf: Seitlich, Höhe: 50 mm",Wannen und Zubehör
720169380000000,"DU Stonetto Duschwanne 1200x1200x50mm Mineralguss, Weiß Matt","Duravit Stonetto Duschwanne, Rechteckig, Weiß Matt, Mineralguss, DuroCast UltraResist, Position Ablauf: Seitlich, Höhe: 50 mm",Wannen und Zubehör
720170380000000,"DU Stonetto Duschwanne 1400x1000x50mm Mineralguss, Weiß Matt","Duravit Stonetto Duschwanne, Rechteckig, Weiß Matt, Mineralguss, DuroCast UltraResist, Position Ablauf: Seitlich, Höhe: 50 mm",Wannen und Zubehör
720171380000000,"DU Stonetto Duschwanne 1600x1000x50mm Mineralguss, Weiß Matt","Duravit Stonetto Duschwanne, Rechteckig, Weiß Matt, Mineralguss, DuroCast UltraResist, Position Ablauf: Seitlich, Höhe: 50 mm",Wannen und Zubehör
720218380000000,"DU Stonetto Duschwanne 1600x900x50mm Mineralguss, Weiß Matt","Duravit Stonetto Duschwanne, Rechteckig, Weiß Matt, Mineralguss, DuroCast UltraResist, Position Ablauf: Seitlich, Höhe: 50 mm",Wannen und Zubehör
720235000000000,DU Starck Slimline Duschw. 1300x800x60mm Weiß,"Duravit Starck Slimline Duschwanne, Rechteckig, Weiß, Sanitäracryl, Position Ablauf: Ecke, Höhe: 60 mm",Wannen und Zubehör
720235000000001,"DU Starck Slimline Duschw. 1300x800x60mm Weiß, Antislip","Duravit Starck Slimline Duschwanne, Rechteckig, Weiß, Sanitäracryl, Antislip, Position Ablauf: Ecke, Höhe: 60 mm",Wannen und Zubehör
720236000000000,DU Starck Slimline Duschw. 1400x800x60mm Weiß,"Duravit Starck Slimline Duschwanne, Rechteckig, Weiß, Sanitäracryl, Position Ablauf: Ecke, Höhe: 60 mm",Wannen und Zubehör
720236000000001,"DU Starck Slimline Duschw. 1400x800x60mm Weiß, Antislip","Duravit Starck Slimline Duschwanne, Rechteckig, Weiß, Sanitäracryl, Antislip, Position Ablauf: Ecke, Höhe: 60 mm",Wannen und Zubehör
720237000000000,DU Starck Slimline Duschw. 1500x800x60mm Weiß,"Duravit Starck Slimline Duschwanne, Rechteckig, Weiß, Sanitäracryl, Position Ablauf: Ecke, Höhe: 60 mm",Wannen und Zubehör
720237000000001,"DU Starck Slimline Duschw. 1500x800x60mm Weiß, Antislip","Duravit Starck Slimline Duschwanne, Rechteckig, Weiß, Sanitäracryl, Antislip, Position Ablauf: Ecke, Höhe: 60 mm",Wannen und Zubehör
720238000000000,DU Starck Slimline Duschw. 1600x800x60mm Weiß,"Duravit Starck Slimline Duschwanne, Rechteckig, Weiß, Sanitäracryl, Position Ablauf: Ecke, Höhe: 60 mm",Wannen und Zubehör
720238000000001,"DU Starck Slimline Duschw. 1600x800x60mm Weiß, Antislip","Duravit Starck Slimline Duschwanne, Rechteckig, Weiß, Sanitäracryl, Antislip, Position Ablauf: Ecke, Höhe: 60 mm",Wannen und Zubehör
720239000000000,DU Starck Slimline Duschw. 1700x800x60mm Weiß,"Duravit Starck Slimline Duschwanne, Rechteckig, Weiß, Sanitäracryl, Position Ablauf: Ecke, Höhe: 60 mm",Wannen und Zubehör
720239000000001,"DU Starck Slimline Duschw. 1700x800x60mm Weiß, Antislip","Duravit Starck Slimline Duschwanne, Rechteckig, Weiß, Sanitäracryl, Antislip, Position Ablauf: Ecke, Höhe: 60 mm",Wannen und Zubehör
720240000000000,DU Starck Slimline Duschw. 1800x800x65mm Weiß,"Duravit Starck Slimline Duschwanne, Rechteckig, Weiß, Sanitäracryl, Position Ablauf: Ecke, Höhe: 65 mm",Wannen und Zubehör
720240000000001,"DU Starck Slimline Duschw. 1800x800x65mm Weiß, Antislip","Duravit Starck Slimline Duschwanne, Rechteckig, Weiß, Sanitäracryl, Antislip, Position Ablauf: Ecke, Höhe: 65 mm",Wannen und Zubehör
720242000000000,DU Starck Slimline Duschw. 1300x900x60mm Weiß,"Duravit Starck Slimline Duschwanne, Rechteckig, Weiß, Sanitäracryl, Position Ablauf: Ecke, Höhe: 60 mm",Wannen und Zubehör
720242000000001,"DU Starck Slimline Duschw. 1300x900x60mm Weiß, Antislip","Duravit Starck Slimline Duschwanne, Rechteckig, Weiß, Sanitäracryl, Antislip, Position Ablauf: Ecke, Höhe: 60 mm",Wannen und Zubehör
720243000000000,DU Starck Slimline Duschw. 1500x900x60mm Weiß,"Duravit Starck Slimline Duschwanne, Rechteckig, Weiß, Sanitäracryl, Position Ablauf: Ecke, Höhe: 60 mm",Wannen und Zubehör
720243000000001,"DU Starck Slimline Duschw. 1500x900x60mm Weiß, Antislip","Duravit Starck Slimline Duschwanne, Rechteckig, Weiß, Sanitäracryl, Antislip, Position Ablauf: Ecke, Höhe: 60 mm",Wannen und Zubehör
790001000000000,"DU Nackenkissen Paiova, weiß","Duravit Paiova Nackenkissen, Weiß",W&W Zubehör
790007000000000,"DU Nackenkissen Darling New, gerade weiß","Duravit Darling New Nackenkissen, Weiß",W&W Zubehör
790009000000000,DU Nackenkissen Happy D.2 und Paiova 5 weiß,"Duravit Happy D.2 Nackenkissen, Weiß",W&W Zubehör
790010000000000,"DU Nackenkissen Starck, weiß","Duravit Starck Nackenkissen, Weiß",W&W Zubehör
790100000000000,"DU Fußgestell für Bade- und Duschwannen mit Seitenlänge > 1000 mm, 2 Stück","Duravit Fußgestell, Höhe: 130-210 mm",W&W Zubehör
790101000000000,DU Duschwannenfuß höhenverstellbar 85 - 105 mm,"Duravit Duschwannenfuß, Höhe: 85-105 mm",W&W Zubehör
790102000000000,DU Duschwannenfuß höhenverstellbar 100 - 185 mm,"Duravit Duschwannenfuß, Höhe: 100-185 mm",W&W Zubehör
790103000000000,DU Wannenanker zur Befestigung und Unterstützung von Bade- und Duschwannen,Duravit Wannenanker,W&W Zubehör
790105000000000,"DU Fußgestell für Bade- und Duschwannen mit Seitenlänge > 1500 mm, 3 Stück","Duravit Fußgestell, Höhe: 130-210 mm",W&W Zubehör
790123000000000,DU Wannenanker (4 Stück),"Duravit  Wannenanker, Passend zu Serie Blue Moon",W&W Zubehör
790125000000000,DU Wannenanker D-Code (3 Stück),Duravit Wannenanker,W&W Zubehör
790126000000000,"DU Wandprofil D-Code zur Schalldämpfung und Abdichtung, 1 Rolle, Länge 3300mm",Duravit Wandprofil,W&W Zubehör
790127000000000,"DU Fußgestell für D-Code Bade- und Duschwannen, mit Seitenlänge > 1000mm","Duravit Fußgestell, Passend zu Serie D-Code, Höhe: 115-180 mm",W&W Zubehör
790128000000000,DU Fußgestell für D-Code Eckbadewanne 700137,"Duravit D-Code Fußgestell, Passend zu Serie D-Code, Höhe: 115-180 mm",W&W Zubehör
790129000000000,"DU Duschwannenfuß für D-Code Duschwannen, mit Seitenlänge < 1000mm","Duravit D-Code Duschwannenfuß, Passend zu Serie D-Code, Höhe: 125-185 mm",W&W Zubehör
790158000000000,DU Fußgestell für D-Code Duschwannen mit Seitenlänge > 1500mm,"Duravit Fußgestell, Passend zu Serie D-Code, Höhe: 115-180 mm",W&W Zubehör
790159000000000,DU Anschlussschlauch für Wanneneinlauf 3/4 Zoll AG x 3/4 Zoll Überwurfmutter,"Duravit Anschlussschlauch, Ab- und Überlaufgarnitur mit Zulauf, Breite / Länge: 900 mm, Anschlussmaß Schlauchanschluss: DN 15",W&W Zubehör
790166000000000,DU Anschlussschlauch für Ab- und Überlaufgarnituren mit Bodenzulauf,"Duravit Anschlussschlauch, Ab- und Überlaufgarnitur mit Zulauf, Breite / Länge: 1500 mm, Anschlussmaß Schlauchanschluss: 3/4""",W&W Zubehör
790173000000000,"DU Duschwannenfuß für Duschwannen aus DuraSolid, höhenverstellbar 150 - 200 mm","Duravit Duschwannenfuß, Passend zu Serie Stonetto, Tempano, Höhe: 100-150 mm",W&W Zubehör
790225000001000,"DU Ab- und Überlaufgarnitur für seitlichen Ablauf, chrom","Duravit Ab- und Überlaufgarnitur, Chrom, Rund mit Griffmulden, Länge Bowdenzug: 530 mm, Durchmesser Ablaufstopfen: 52 mm",W&W Zubehör
790226000001000,"DU Ab- und Überlaufgarnitur für zentralen Ablauf, chrom","Duravit D-Code Ab- und Überlaufgarnitur, Chrom, Rund mit Griffmulden, Länge Bowdenzug: 1000 mm, Durchmesser Ablaufstopfen: 52 mm",W&W Zubehör
790227000001000,"DU Ab- und Überlaufgarnitur für zentralen Abl.m.verläng.Bowdenzug,chrom","Duravit D-Code Ab- und Überlaufgarnitur, Chrom, Rund mit Griffmulden, Länge Bowdenzug: 1100 mm, Durchmesser Ablaufstopfen: 52 mm",W&W Zubehör
790236000001000,"DU Spezial Ab- und Überlaufgarnitur für Blue Moon 1400x1400mm, chrom","Duravit Blue Moon Ab- und Überlaufgarnitur, Chrom, Rund, Länge Bowdenzug: 1100 mm, Durchmesser Ablaufstopfen: 52 mm, Inkl. flexibler Ablaufschlauch",W&W Zubehör
790263000000000,"DU Duschwannenablauf, Abgang waagrecht Ablaufdurchmesser 90mm, weiß","Duravit Duschwannenablauf, Weiß, Abgang: waagerecht, Sperrwasserhöhe: 50 mm, Ablaufleistung nach DIN EN 274: 42 l/min, Durchmesser Ablaufloch: 90 mm",W&W Zubehör
790263000001000,"DU Duschwannenablauf, Abgang waagrecht Ablaufdurchmesser 90mm, chrom","Duravit Duschwannenablauf, Chrom, Abgang: waagerecht, Sperrwasserhöhe: 50 mm, Ablaufleistung nach DIN EN 274: 42 l/min, Durchmesser Ablaufloch: 90 mm",W&W Zubehör
790269000000000,"DU Duschwannenablauf, Abgang senkrecht Ablaufdurchmesser 90mm, weiß","Duravit Duschwannenablauf, Weiß, Abgang: senkrecht, Sperrwasserhöhe: 50 mm, Ablaufleistung nach DIN EN 274: 66 l/min, Durchmesser Ablaufloch: 90 mm",W&W Zubehör
790269000001000,"DU Duschwannenablauf, Abgang senkrecht Ablaufdurchmesser 90mm, chrom","Duravit Duschwannenablauf, Chrom, Abgang: senkrecht, Sperrwasserhöhe: 50 mm, Ablaufleistung nach DIN EN 274: 66 l/min, Durchmesser Ablaufloch: 90 mm",W&W Zubehör
790301000000000,DU Pflegeset für Acryloberflächen,Duravit Pflegeset,W&W Zubehör
790340000000000,"DU Wannenträger-Montageschaum, 400 ml",Duravit Montageschaum,W&W Zubehör
790414000000000,DU Wannenträger für 700009,"Duravit Starck Badewannenträger, Oval, Seitenwand: Gerade",W&W Zubehör
790420000000000,DU Wannenträger für 700027,"Duravit Daro Badewannenträger, Rechteckig, Seitenwand: Gerade",W&W Zubehör
790450000000000,DU Wannenträger für 700050,"Duravit Starck Badewannenträger, Rechteckig, Seitenwand: Gerade",W&W Zubehör
790468000000000,DU Wannenträger für 700141,"Duravit Daro Badewannenträger, Rechteckig, Seitenwand: Gerade",W&W Zubehör
790470000000000,DU Wannenträger für 700096,"Duravit D-Code Badewannenträger, Rechteckig, Seitenwand: Gerade",W&W Zubehör
790471000000000,DU Wannenträger für 700097,"Duravit D-Code Badewannenträger, Rechteckig, Seitenwand: Gerade",W&W Zubehör
790472000000000,DU Wannenträger für 700098,"Duravit D-Code Badewannenträger, Rechteckig, Seitenwand: Gerade",W&W Zubehör
790473000000000,DU Wannenträger für 700099,"Duravit D-Code Badewannenträger, Rechteckig, Seitenwand: Gerade",W&W Zubehör
790474000000000,DU Wannenträger für 700100,"Duravit D-Code Badewannenträger, Rechteckig, Seitenwand: Gerade",W&W Zubehör
790475000000000,DU Wannenträger für 700101,"Duravit D-Code Badewannenträger, Rechteckig, Seitenwand: Gerade",W&W Zubehör
790476000000000,DU Wannenträger für 700137,"Duravit D-Code Badewannenträger, Rechteckig, Seitenwand: Gerade",W&W Zubehör
790477000000000,DU Wannenträger für 700138,"Duravit D-Code Badewannenträger, Rechteckig, Seitenwand: Gerade",W&W Zubehör
790479000000000,DU Wannenträger für 720102,Duravit D-Code Duschwannenträger,W&W Zubehör
790480000000000,DU Wannenträger für 720103,Duravit D-Code Duschwannenträger,W&W Zubehör
790482000000000,DU Wannenträger für 720105,Duravit D-Code Duschwannenträger,W&W Zubehör
790483000000000,DU Wannenträger für 720106,Duravit D-Code Duschwannenträger,W&W Zubehör
790491000000000,DU Wannenträger für 700133,"Duravit Vero Badewannenträger, Rechteckig, Seitenwand: Gerade",W&W Zubehör
790492000000000,DU Wannenträger für 700134,"Duravit Vero Badewannenträger, Rechteckig, Seitenwand: Gerade",W&W Zubehör
790493000000000,DU Wannenträger für 700135,"Duravit Vero Badewannenträger, Rechteckig, Seitenwand: Gerade",W&W Zubehör
790592000000000,DU Ersatz-Kalkfilter für Dampfdusche St.Trop,"Duravit Kalkfilter, Passend zu Serie St. Trop",W&W Zubehör
790598000000000,DU Austauschkartusche für Pools für Filter,Duravit Austauschkartusche,W&W Zubehör
790650000000000,DU Mehrpreis für Wannenrandbohrung für Armatur,Duravit Wannenrandbohrung,W&W Zubehör
790850000000000,DU Installationsset für freistehende Whirlwannen,"Duravit Montage-Set, Freistehende Badewanne, Duschwanne",W&W Zubehör
790851000000000,"DU Holzeinleger Blue Moon für 1400x1400mm, teak","Duravit Blue Moon Holzeinleger, Echtholz, Teak",W&W Zubehör
790851000020000,"DU Holzeinleger Blue Moon mit Bedienklappe für 1400x1400mm, teak","Duravit Blue Moon Holzeinleger, Echtholz, Teak, Bedienklappe",W&W Zubehör
790852000000000,DU Acryleinleger Blue Moon für 1400x1400mm,"Duravit Blue Moon Acryleinleger, Sanitäracryl, Weiß",W&W Zubehör
790852000020000,DU Acryleinleger Blue Moon mit Bedienklappe für 1400x1400mm,"Duravit Blue Moon Acryleinleger, Sanitäracryl, Weiß, Bedienklappe",W&W Zubehör
790883000000000,DU Wannenauflage Blue Moon 1400x1400mm,"Duravit Blue Moon Wannenauflage, Weiß",W&W Zubehör
791100000000000,DU Fußgestell für Stonetto Duschwanne 900x800mm,"Duravit Stonetto Fußgestell, Passend zu Serie Stonetto, Höhe: 80-100 mm",W&W Zubehör
791101000000000,DU Fußgestell für Stonetto Duschwanne 900x900mm,"Duravit Stonetto Fußgestell, Passend zu Serie Stonetto, Höhe: 80-100 mm",W&W Zubehör
791102000000000,DU Fußgestell für Stonetto Duschwanne 1000x800mm,"Duravit Stonetto Fußgestell, Passend zu Serie Stonetto, Höhe: 80-100 mm",W&W Zubehör
791103000000000,DU Fußgestell für Stonetto Duschwanne 1000x900mm,"Duravit Stonetto Fußgestell, Passend zu Serie Stonetto, Höhe: 80-100 mm",W&W Zubehör
791104000000000,DU Fußgestell für Stonetto Duschwanne 1000x1000mm,"Duravit Stonetto Fußgestell, Passend zu Serie Stonetto, Höhe: 80-100 mm",W&W Zubehör
791105000000000,DU Fußgestell für Stonetto Duschwanne 1200x800mm,"Duravit Stonetto Fußgestell, Passend zu Serie Stonetto, Höhe: 80-100 mm",W&W Zubehör
791106000000000,DU Fußgestell für Stonetto Duschwanne 1200x900mm,"Duravit Stonetto Fußgestell, Passend zu Serie Stonetto, Höhe: 80-100 mm",W&W Zubehör
791107000000000,DU Fußgestell für Stonetto Duschwanne 1200x1000mm,"Duravit Stonetto Fußgestell, Passend zu Serie Stonetto, Höhe: 80-100 mm",W&W Zubehör
791108000000000,DU Fußgestell für Stonetto Duschwanne 1200x1200mm,"Duravit Stonetto Fußgestell, Passend zu Serie Stonetto, Höhe: 80-100 mm",W&W Zubehör
791109000000000,DU Fußgestell für Stonetto Duschwanne 1400x800mm,"Duravit Stonetto Fußgestell, Passend zu Serie Stonetto, Höhe: 80-100 mm",W&W Zubehör
791110000000000,DU Fußgestell für Stonetto Duschwanne 1400x900mm,"Duravit Stonetto Fußgestell, Passend zu Serie Stonetto, Höhe: 80-100 mm",W&W Zubehör
791113000000000,DU Fußgestell für Stonetto Duschwanne 1600x1000mm,"Duravit Stonetto Fußgestell, Passend zu Serie Stonetto, Höhe: 80-100 mm",W&W Zubehör
791205000001000,"DU Mehrpreis f. Ab- und Überlaufgarnitur Quadroval m.Wanneneinlauf, 550mm, chrom","Duravit Ab- und Überlaufgarnitur mit Zulauf, Wanneneinlauf, Chrom, Quadroval, Länge Bowdenzug: 550 mm, Durchmesser Ablaufstopfen: 52 mm",W&W Zubehör
791206000001000,"DU Mehrpreis f. Ab- und Überlaufgarnitur Quadroval m.Wanneneinlauf, lang, chrom","Duravit Ab- und Überlaufgarnitur mit Zulauf, Wanneneinlauf, Chrom, Quadroval, Länge Bowdenzug: 750 mm, Durchmesser Ablaufstopfen: 52 mm",W&W Zubehör
791207000001000,"DU Mehrpreis f. Ab- und Überlaufgarnitur Quadroval m.Wanneneinlauf, 1100mm, chrom","Duravit Ab- und Überlaufgarnitur mit Zulauf, Wanneneinlauf, Chrom, Quadroval, Länge Bowdenzug: 1100 mm, Durchmesser Ablaufstopfen: 52 mm",W&W Zubehör
791226000001000,"DU Ab- u.Überlaufgarnitur m.Bodenzulauf für Badewannen, chrom","Duravit Ab- und Überlaufgarnitur mit Zulauf, Bodenzulauf, Chrom, Quadroval, Länge Bowdenzug: 1070 mm, Durchmesser Ablaufstopfen: 52 mm",W&W Zubehör
791227000001000,"DU Mehrpreis f. Ab- und Überlaufgarnitur m.Bodenzulauf, f.Whirlwannen, chrom","Duravit Ab- und Überlaufgarnitur mit Zulauf, Bodenzulauf, Chrom, Quadroval, Länge Bowdenzug: 940 mm, Durchmesser Ablaufstopfen: 52 mm",W&W Zubehör
791228000001000,"DU Ab- u.Überlaufgarnitur m.Bodenzulauf für freist.Wannen, chrom","Duravit Ab- und Überlaufgarnitur mit Zulauf, Bodenzulauf, Chrom, Quadroval, Länge Bowdenzug: 725 mm, Durchmesser Ablaufstopfen: 52 mm, Inkl. flexibler Ablaufschlauch",W&W Zubehör
791229000001000,"DU Mehrpreis f.Ab- und Überlaufgarnitur m.Bodenzulauf,f.freist.Whirlwannen,chrom","Duravit Ab- und Überlaufgarnitur mit Zulauf, Bodenzulauf, Chrom, Quadroval, Länge Bowdenzug: 940 mm, Durchmesser Ablaufstopfen: 52 mm",W&W Zubehör
791230000001000,"DU Ab- u.Überlaufgarnitur m.Bodenzulauf für Badewannen, lang, chrom","Duravit Ab- und Überlaufgarnitur mit Zulauf, Bodenzulauf, Chrom, Quadroval, Länge Bowdenzug: 1070 mm, Durchmesser Ablaufstopfen: 52 mm",W&W Zubehör
791231000001000,"DU Mehrpreis f. Ab- und Überlaufgarnitur m.Bodenzulauf,f.Whirlwannen,lang,chrom","Duravit Ab- und Überlaufgarnitur mit Zulauf, Bodenzulauf, Chrom, Quadroval, Länge Bowdenzug: 940 mm, Durchmesser Ablaufstopfen: 52 mm",W&W Zubehör
791235000001000,"DU Ab- u.Überlaufgarnitur m.Bodenzulauf für freist.Wannen, lang, chrom","Duravit Ab- und Überlaufgarnitur mit Zulauf, Bodenzulauf, Chrom, Quadroval, Länge Bowdenzug: 1070 mm, Durchmesser Ablaufstopfen: 52 mm, Inkl. flexibler Ablaufschlauch",W&W Zubehör
791243000000000,"DU Duschwannenablauf für Duschwannen aus DuraSolid, Abgang waagrecht","Duravit Duschwannenablauf, Weiß, Abgang: waagerecht, Sperrwasserhöhe: 50 mm, Ablaufleistung nach DIN EN 274: 36 l/min, Durchmesser Ablaufloch: 90 mm",W&W Zubehör
791246000001000,"DU Ab-u.Überlaufgarn. Quadroval Dreh- griff Bowdenz.700mm,chrom,f.Shower+Bath","Duravit Ab- und Überlaufgarnitur, Chrom, Quadroval, Länge Bowdenzug: 700 mm, Durchmesser Ablaufstopfen: 90 mm",W&W Zubehör
791249000001000,"DU Ab-u.Überlaufgarn. Quadroval Dreh- griff m.integr.Wanneneinlauf,BZL 700mm","Duravit Ab- und Überlaufgarnitur mit Zulauf, Wanneneinlauf, Chrom, Quadroval, Länge Bowdenzug: 700 mm, Durchmesser Ablaufstopfen: 90 mm",W&W Zubehör
791251000001000,"DU Mehrpreis f. Ab- und Überlaufgarnitur Quadroval m.Wanneneinlauf, 725mm, chrom","Duravit Ab- und Überlaufgarnitur mit Zulauf, Wanneneinlauf, Chrom, Quadroval, Länge Bowdenzug: 960 mm, Durchmesser Ablaufstopfen: 52 mm, Inkl. flexibler Ablaufschlauch",W&W Zubehör
791252000001000,"DU Mehrpreis f. Ab- und Überlaufgarnitur Quadroval m.Wanneneinlauf,Cape Cod,chrom","Duravit Ab- und Überlaufgarnitur mit Zulauf, Wanneneinlauf, Chrom, Quadroval, Länge Bowdenzug: 850 mm, Durchmesser Ablaufstopfen: 52 mm, Inkl. flexibler Ablaufschlauch",W&W Zubehör
791368000000000,DU Schallschutzset für Badewannen,"Duravit Schallschutz-Set, Material: Bitumen, PE-Schaum",W&W Zubehör
791369000000000,DU Schallschutzset für Duschwannen,"Duravit Schallschutz-Set, Material: Bitumen, PE-Schaum",W&W Zubehör
791418000000000,DU Wannenträger für 700212,"Duravit Paiova Badewannenträger, Trapezförmig, Seitenwand: Gerade",W&W Zubehör
791419000000000,DU Wannenträger für 700213,"Duravit Paiova Badewannenträger, Trapezförmig, Seitenwand: Gerade",W&W Zubehör
791420000000000,DU Wannenträger für 700214,"Duravit Paiova Badewannenträger, Trapezförmig, Seitenwand: Gerade",W&W Zubehör
791421000000000,DU Wannenträger für 700215,"Duravit Paiova Badewannenträger, Trapezförmig, Seitenwand: Gerade",W&W Zubehör
791422000000000,DU Wannenträger für 700216,"Duravit Paiova Badewannenträger, Trapezförmig, Seitenwand: Gerade",W&W Zubehör
791423000000000,DU Wannenträger für 700217,"Duravit Paiova Badewannenträger, Trapezförmig, Seitenwand: Gerade",W&W Zubehör
791425000000000,DU Wannenträger für 700231,"Duravit DuraStyle Badewannenträger, Rechteckig, Seitenwand: Gerade",W&W Zubehör
791427000000000,DU Wannenträger für 700233,"Duravit DuraStyle Badewannenträger, Rechteckig, Seitenwand: Gerade",W&W Zubehör
791430000000000,DU Wannenträger konisch für 700233,"Duravit DuraStyle Badewannenträger, Rechteckig, Seitenwand: Konisch",W&W Zubehör
791435000000000,DU Wannenträger für 700242/700243,"Duravit Darling New Badewannenträger, Rechteckig, Seitenwand: Gerade",W&W Zubehör
791437000000000,DU Wannenträger für 700244,"Duravit Darling New Badewannenträger, Rechteckig, Seitenwand: Gerade",W&W Zubehör
791441000000000,DU Wannenträger für 700333,"Duravit Starck Badewannenträger, Rechteckig, Seitenwand: Gerade",W&W Zubehör
791442000000000,DU Wannenträger für 700334,"Duravit Starck Badewannenträger, Rechteckig, Seitenwand: Gerade",W&W Zubehör
791443000000000,DU Wannenträger für 700335,"Duravit Starck Badewannenträger, Rechteckig, Seitenwand: Gerade",W&W Zubehör
791444000000000,DU Wannenträger für 700336,"Duravit Starck Badewannenträger, Rechteckig, Seitenwand: Gerade",W&W Zubehör
791445000000000,DU Wannenträger für 700337,"Duravit Starck Badewannenträger, Rechteckig, Seitenwand: Gerade",W&W Zubehör
791446000000000,DU Wannenträger für 700338,"Duravit Starck Badewannenträger, Rechteckig, Seitenwand: Gerade",W&W Zubehör
791447000000000,DU Wannenträger für 700339,"Duravit Starck Badewannenträger, Rechteckig, Seitenwand: Gerade",W&W Zubehör
791448000000000,DU Wannenträger für 700340,"Duravit Starck Badewannenträger, Rechteckig, Seitenwand: Gerade",W&W Zubehör
791449000000000,DU Wannenträger für 700341,"Duravit Starck Badewannenträger, Rechteckig, Seitenwand: Gerade",W&W Zubehör
791453000000000,DU Wannenträger für 720095,Duravit D-Code Duschwannenträger,W&W Zubehör
791456000000000,DU Wannenträger für 720098,Duravit D-Code Duschwannenträger,W&W Zubehör
791462000000000,DU Wannenträger für 700294/700295,"Duravit DuraStyle Badewannenträger, Rechteckig, Seitenwand: Gerade",W&W Zubehör
791466000000000,DU Wannenträger für 700298,"Duravit DuraStyle Badewannenträger, Rechteckig, Seitenwand: Gerade",W&W Zubehör
791467000000000,DU Wannenträger für 700299,"Duravit DuraStyle Badewannenträger, Rechteckig, Seitenwand: Gerade",W&W Zubehör
791468000000000,DU Wannenträger für 700308/700309,"Duravit Happy D.2 Badewannenträger, Rechteckig, Seitenwand: Gerade",W&W Zubehör
791470000000000,DU Wannenträger für 700310/700311,"Duravit Happy D.2 Badewannenträger, Rechteckig, Seitenwand: Gerade",W&W Zubehör
791472000000000,DU Wannenträger für 700312/700313,"Duravit Happy D.2 Badewannenträger, Rechteckig, Seitenwand: Gerade",W&W Zubehör
791474000000000,DU Wannenträger für 700314,"Duravit Happy D.2 Badewannenträger, Rechteckig, Seitenwand: Gerade",W&W Zubehör
791475000000000,DU Wannenträger für 700315,"Duravit Happy D.2 Badewannenträger, Rechteckig, Seitenwand: Gerade",W&W Zubehör
791477000000000,DU Wannenträger für 720114,Duravit Starck Slimline Duschwannenträger,W&W Zubehör
791478000000000,DU Wannenträger für 720115,Duravit Starck Slimline Duschwannenträger,W&W Zubehör
791480000000000,DU Wannenträger für 720117,Duravit Starck Slimline Duschwannenträger,W&W Zubehör
791482000000000,DU Wannenträger für 720119,Duravit Starck Slimline Duschwannenträger,W&W Zubehör
791490000000000,DU Wannenträger für 720127,Duravit Starck Slimline Duschwannenträger,W&W Zubehör
791494000000000,DU Wannenträger für 720131,Duravit Starck Slimline Duschwannenträger,W&W Zubehör
792206000001000,"DU Ab- und Überlaufgarnitur Quadroval Drehgriff,Bowdenzugl.850mm, chrom","Duravit Ab- und Überlaufgarnitur, Chrom, Quadroval, Länge Bowdenzug: 850 mm, Durchmesser Ablaufstopfen: 52 mm",W&W Zubehör
792207000001000,"DU Ab- und Überlaufgarnitur Quadroval Drehgriff,Wanneneinlauf,BZL 850mm,chrom","Duravit Ab- und Überlaufgarnitur mit Zulauf, Wanneneinlauf, Chrom, Quadroval, Länge Bowdenzug: 850 mm, Durchmesser Ablaufstopfen: 52 mm",W&W Zubehör
792400000000000,DU Wannenträger für 700048,"Duravit Starck Badewannenträger, Rechteckig, Seitenwand: Gerade",W&W Zubehör
792405000000000,DU Wannenträger für 700377,"Duravit P3 Comforts Badewannenträger, Rechteckig, Seitenwand: Gerade",W&W Zubehör
792408000000000,DU Wannenträger für 720163 Duschwanne D-Code 1600x700mm,Duravit D-Code Duschwannenträger,W&W Zubehör
792415000000000,DU Wannenträger für 700412 Badewanne Vero Air 1700x750mm,"Duravit Vero Air Badewannenträger, Rechteckig, Seitenwand: Gerade",W&W Zubehör
792416000000000,DU Wannenträger für 700413 Badewanne Vero Air 1800x800mm,"Duravit Vero Air Badewannenträger, Rechteckig, Seitenwand: Gerade",W&W Zubehör
8500000000,"DU Urinal-Trennwand Starck 3 400 x 705 mm, weiß","Duravit Starck 3 Urinal Trennwand, Weiß, Inkl. Befestigungsmaterial",Keramik
85000000001,"DU Urinal-Trennwand Starck 3 400 x 705 mm, weiß WonderGliss","Duravit Starck 3 Urinal Trennwand, Weiß, Inkl. Befestigungsmaterial",Keramik
8727100005,"DU Spülkasten Starck 1, mit IG Stop & Go chrom,Anschl.li.,verd,PURO,weiß","Duravit Starck 1 Spülkasten, Weiß, Spülwassermenge: 6 l, Inkl. Innengarnitur, Stop & Go, Position Wasseranschluss: Links 3/8"", Oberfläche Spülbedienung: Chrom, Verdeckter Anschluss",Keramik
8990250000,DU Vario-Ablaufbogen für Abgang senkrecht,"Duravit Ablaufbogen, Durchmesser Zulauf: 75 mm, Durchmesser Ablauf: 90 mm",Badzubehör & Accessoires
C11010001010,"DU C.1 Einhebel-Waschtischmischer S m.Zugstange,","Duravit C.1 Einhebel-Waschtischmischer S, Chrom, Keramikmischsystem, Höhe: 155 mm, Ausladung: 91 mm, Anschlussart Wasseranschluss: Flexible Anschlussschläuche, Anschlussmaß Schlauchanschluss: 3/8"", Strahlart: Normalstrahl, Strahlformer mit Kippfunktion, Durchflussmenge (3 bar): 5 l/min, empfohlener Betriebsdruck: 1 - 5 bar, mit Zugstange Ablaufgarnitur, Geräuschklasse: I",Armaturen
C11010001046,"DU C.1 Einhebel-Waschtischmischer S m.Zugstange, Schwarz Matt","Duravit C.1 Einhebel-Waschtischmischer S, Schwarz Matt, Keramikmischsystem, Höhe: 155 mm, Ausladung: 91 mm, Anschlussart Wasseranschluss: Flexible Anschlussschläuche, Anschlussmaß Schlauchanschluss: 3/8"", Strahlart: Normalstrahl, Strahlformer mit Kippfunktion, Durchflussmenge (3 bar): 5 l/min, empfohlener Betriebsdruck: 1 - 5 bar, mit Zugstange Ablaufgarnitur, Geräuschklasse: I",Armaturen
C11010002010,"DU C.1 Einhebel-Waschtischmischer S ohne Zugstange, Chrom HG","Duravit C.1 Einhebel-Waschtischmischer S, Chrom, Keramikmischsystem, Höhe: 155 mm, Ausladung: 91 mm, Anschlussart Wasseranschluss: Flexible Anschlussschläuche, Anschlussmaß Schlauchanschluss: 3/8"", Strahlart: Normalstrahl, Strahlformer mit Kippfunktion, Durchflussmenge (3 bar): 5 l/min, empfohlener Betriebsdruck: 1 - 5 bar, Geräuschklasse: I",Armaturen
C11010002046,"DU C.1 Einhebel-Waschtischmischer S ohne Zugstange, Schwarz Matt","Duravit C.1 Einhebel-Waschtischmischer S, Schwarz Matt, Keramikmischsystem, Höhe: 155 mm, Ausladung: 91 mm, Anschlussart Wasseranschluss: Flexible Anschlussschläuche, Anschlussmaß Schlauchanschluss: 3/8"", Strahlart: Normalstrahl, Strahlformer mit Kippfunktion, Durchflussmenge (3 bar): 5 l/min, empfohlener Betriebsdruck: 1 - 5 bar, Geräuschklasse: I",Armaturen
C11020001010,"DU C.1 Einhebel-Waschtischmischer M m.Zugstange,","Duravit C.1 Einhebel-Waschtischmischer M, Chrom, Keramikmischsystem, Höhe: 175 mm, Ausladung: 113 mm, Anschlussart Wasseranschluss: Flexible Anschlussschläuche, Anschlussmaß Schlauchanschluss: 3/8"", Strahlart: Normalstrahl, Strahlformer mit Kippfunktion, Durchflussmenge (3 bar): 5 l/min, empfohlener Betriebsdruck: 1 - 5 bar, mit Zugstange Ablaufgarnitur, Geräuschklasse: I",Armaturen
C11020001046,"DU C.1 Einhebel-Waschtischmischer M m.Zugstange, Schwarz Matt","Duravit C.1 Einhebel-Waschtischmischer M, Schwarz Matt, Keramikmischsystem, Höhe: 175 mm, Ausladung: 113 mm, Anschlussart Wasseranschluss: Flexible Anschlussschläuche, Anschlussmaß Schlauchanschluss: 3/8"", Strahlart: Normalstrahl, Strahlformer mit Kippfunktion, Durchflussmenge (3 bar): 5 l/min, empfohlener Betriebsdruck: 1 - 5 bar, mit Zugstange Ablaufgarnitur, Geräuschklasse: I",Armaturen
C11020002010,"DU C.1 Einhebel-Waschtischmischer M ohne Zugstange, Chrom HG","Duravit C.1 Einhebel-Waschtischmischer M, Chrom, Keramikmischsystem, Höhe: 175 mm, Ausladung: 113 mm, Anschlussart Wasseranschluss: Flexible Anschlussschläuche, Anschlussmaß Schlauchanschluss: 3/8"", Strahlart: Normalstrahl, Strahlformer mit Kippfunktion, Durchflussmenge (3 bar): 5 l/min, empfohlener Betriebsdruck: 1 - 5 bar, Geräuschklasse: I",Armaturen
C11020002046,"DU C.1 Einhebel-Waschtischmischer M ohne Zugstange, Schwarz Matt","Duravit C.1 Einhebel-Waschtischmischer M, Schwarz Matt, Keramikmischsystem, Höhe: 175 mm, Ausladung: 113 mm, Anschlussart Wasseranschluss: Flexible Anschlussschläuche, Anschlussmaß Schlauchanschluss: 3/8"", Strahlart: Normalstrahl, Strahlformer mit Kippfunktion, Durchflussmenge (3 bar): 5 l/min, empfohlener Betriebsdruck: 1 - 5 bar, Geräuschklasse: I",Armaturen
C11030001010,"DU C.1 Einhebel-Waschtischmischer L m.Zugstange,","Duravit C.1 Einhebel-Waschtischmischer L, Chrom, Keramikmischsystem, Höhe: 262 mm, Ausladung: 136 mm, Anschlussart Wasseranschluss: Flexible Anschlussschläuche, Anschlussmaß Schlauchanschluss: 3/8"", Strahlart: Normalstrahl, Strahlformer mit Kippfunktion, Durchflussmenge (3 bar): 5 l/min, empfohlener Betriebsdruck: 1 - 5 bar, mit Zugstange Ablaufgarnitur, Geräuschklasse: I",Armaturen
C11030001046,"DU C.1 Einhebel-Waschtischmischer L m.Zugstange, Schwarz Matt","Duravit C.1 Einhebel-Waschtischmischer L, Schwarz Matt, Keramikmischsystem, Höhe: 262 mm, Ausladung: 136 mm, Anschlussart Wasseranschluss: Flexible Anschlussschläuche, Anschlussmaß Schlauchanschluss: 3/8"", Strahlart: Normalstrahl, Strahlformer mit Kippfunktion, Durchflussmenge (3 bar): 5 l/min, empfohlener Betriebsdruck: 1 - 5 bar, mit Zugstange Ablaufgarnitur, Geräuschklasse: I",Armaturen
C11030002010,"DU C.1 Einhebel-Waschtischmischer L ohne Zugstange, Chrom HG","Duravit C.1 Einhebel-Waschtischmischer L, Chrom, Keramikmischsystem, Höhe: 262 mm, Ausladung: 136 mm, Anschlussart Wasseranschluss: Flexible Anschlussschläuche, Anschlussmaß Schlauchanschluss: 3/8"", Strahlart: Normalstrahl, Strahlformer mit Kippfunktion, Durchflussmenge (3 bar): 5 l/min, empfohlener Betriebsdruck: 1 - 5 bar, Geräuschklasse: I",Armaturen
C11030002046,"DU C.1 Einhebel-Waschtischmischer L ohne Zugstange, Schwarz Matt","Duravit C.1 Einhebel-Waschtischmischer L, Schwarz Matt, Keramikmischsystem, Höhe: 262 mm, Ausladung: 136 mm, Anschlussart Wasseranschluss: Flexible Anschlussschläuche, Anschlussmaß Schlauchanschluss: 3/8"", Strahlart: Normalstrahl, Strahlformer mit Kippfunktion, Durchflussmenge (3 bar): 5 l/min, empfohlener Betriebsdruck: 1 - 5 bar, Geräuschklasse: I",Armaturen
C11040001010,"DU C.1 Einhebel-Waschtischmischer XL m.Zugstange,","Duravit C.1 Einhebel-Waschtischmischer XL, Chrom, Keramikmischsystem, Höhe: 322 mm, Ausladung: 166 mm, Anschlussart Wasseranschluss: Flexible Anschlussschläuche, Anschlussmaß Schlauchanschluss: 3/8"", Strahlart: Normalstrahl, Strahlformer mit Kippfunktion, Durchflussmenge (3 bar): 5 l/min, empfohlener Betriebsdruck: 1 - 5 bar, mit Zugstange Ablaufgarnitur, Geräuschklasse: I",Armaturen
C11040001046,"DU C.1 Einhebel-Waschtischmischer XL m.Zugstange, Schwarz Matt","Duravit C.1 Einhebel-Waschtischmischer XL, Schwarz Matt, Keramikmischsystem, Höhe: 322 mm, Ausladung: 166 mm, Anschlussart Wasseranschluss: Flexible Anschlussschläuche, Anschlussmaß Schlauchanschluss: 3/8"", Strahlart: Normalstrahl, Strahlformer mit Kippfunktion, Durchflussmenge (3 bar): 5 l/min, empfohlener Betriebsdruck: 1 - 5 bar, mit Zugstange Ablaufgarnitur, Geräuschklasse: I",Armaturen
C11040002010,"DU C.1 Einhebel-Waschtischmischer XL ohne Zugstange, Chrom HG","Duravit C.1 Einhebel-Waschtischmischer XL, Chrom, Keramikmischsystem, Höhe: 322 mm, Ausladung: 166 mm, Anschlussart Wasseranschluss: Flexible Anschlussschläuche, Anschlussmaß Schlauchanschluss: 3/8"", Strahlart: Normalstrahl, Strahlformer mit Kippfunktion, Durchflussmenge (3 bar): 5 l/min, empfohlener Betriebsdruck: 1 - 5 bar, Geräuschklasse: I",Armaturen
C11040002046,"DU C.1 Einhebel-Waschtischmischer XL ohne Zugstange, Schwarz Matt","Duravit C.1 Einhebel-Waschtischmischer XL, Schwarz Matt, Keramikmischsystem, Höhe: 322 mm, Ausladung: 166 mm, Anschlussart Wasseranschluss: Flexible Anschlussschläuche, Anschlussmaß Schlauchanschluss: 3/8"", Strahlart: Normalstrahl, Strahlformer mit Kippfunktion, Durchflussmenge (3 bar): 5 l/min, empfohlener Betriebsdruck: 1 - 5 bar, Geräuschklasse: I",Armaturen
C11060004010,"DU C.1 3-Loch Waschtischarmatur verläng.Auslauf,Höhe 158 Ausl.160 mm","Duravit C.1 3-Loch Waschtischarmatur, Chrom, Ausladung: 160 mm, Höhe: 158 mm, Anschlussart Wasseranschluss: Flexible Anschlussschläuche, Anschlussmaß Schlauchanschluss: 3/8"", Strahlformer mit Kippfunktion, Keramikmischsystem, Strahlart: Normalstrahl, empfohlener Betriebsdruck: 1 - 5 bar, Durchflussmenge (3 bar): 5 l/min, Geräuschklasse: I",Armaturen
C11060005010,"DU C1 3L WTArm Cr 550x158x140 Ausl 140 H 158 An Flx AnSchl 3/8 "" Strhlfo Ki","Duravit C.1 3-Loch Waschtischarmatur, Chrom, Ausladung: 140 mm, Höhe: 158 mm, Anschlussart Wasseranschluss: Flexible Anschlussschläuche, Anschlussmaß Schlauchanschluss: 3/8"", Strahlformer mit Kippfunktion, Keramikmischsystem, Strahlart: Normalstrahl, empfohlener Betriebsdruck: 1 - 5 bar, Durchflussmenge (3 bar): 5 l/min, Geräuschklasse: I",Armaturen
C11060006010,"DU C.1 3-Loch Waschtischarmatur verl.Auslauf,m.Zugst.,Höhe 158 Ausl.160","Duravit C.1 3-Loch Waschtischarmatur, Chrom, Ausladung: 160 mm, Höhe: 158 mm, Anschlussart Wasseranschluss: Flexible Anschlussschläuche, Anschlussmaß Schlauchanschluss: 3/8"", Strahlformer mit Kippfunktion, Keramikmischsystem, Strahlart: Normalstrahl, empfohlener Betriebsdruck: 1 - 5 bar, Durchflussmenge (3 bar): 5 l/min, Geräuschklasse: I",Armaturen
C11070003010,"DU C.1 Einhebel-Waschtischmischer, UP Ausl.174mm,ohne Zugstange, Chrom HG","Duravit C.1 Einhebel-Waschtischmischer, Chrom, Keramikmischsystem, Höhe: 74 mm, Ausladung: 174 mm, Anschlussart Wasseranschluss: Grundkörper, Strahlart: Normalstrahl, Strahlformer mit Kippfunktion, Inkl. Sichtteile, Durchflussmenge (3 bar): 5 l/min, empfohlener Betriebsdruck: 1 - 5 bar, Geräuschklasse: I",Armaturen
C11070003046,"DU C.1 Einhebel-Waschtischmischer, UP Ausl.174mm,ohne Zugstange, Schwarz Matt","Duravit C.1 Einhebel-Waschtischmischer, Schwarz Matt, Keramikmischsystem, Höhe: 74 mm, Ausladung: 174 mm, Anschlussart Wasseranschluss: Grundkörper, Strahlart: Normalstrahl, Strahlformer mit Kippfunktion, Inkl. Sichtteile, Durchflussmenge (3 bar): 5 l/min, empfohlener Betriebsdruck: 1 - 5 bar, Geräuschklasse: I",Armaturen
C11070004010,"DU C.1 Einhebel-Waschtischmischer, UP Ausl.225mm,ohne Zugstange, Chrom HG","Duravit C.1 Einhebel-Waschtischmischer, Chrom, Keramikmischsystem, Höhe: 74 mm, Ausladung: 225 mm, Anschlussart Wasseranschluss: Grundkörper, Strahlart: Normalstrahl, Strahlformer mit Kippfunktion, Inkl. Sichtteile, Durchflussmenge (3 bar): 5 l/min, empfohlener Betriebsdruck: 1 - 5 bar, Geräuschklasse: I",Armaturen
C11070004046,"DU C.1 Einhebel-Waschtischmischer, UP Ausl.225mm,ohne Zugstange, Schwarz Matt","Duravit C.1 Einhebel-Waschtischmischer, Schwarz Matt, Keramikmischsystem, Höhe: 74 mm, Ausladung: 225 mm, Anschlussart Wasseranschluss: Grundkörper, Strahlart: Normalstrahl, Strahlformer mit Kippfunktion, Inkl. Sichtteile, Durchflussmenge (3 bar): 5 l/min, empfohlener Betriebsdruck: 1 - 5 bar, Geräuschklasse: I",Armaturen
C12400001010,DU C.1  Einhebel Bidetmischer Chrom HG,"Duravit C.1 Einhebel-Bidetmischer, Chrom, Höhe: 155 mm, Ausladung: 121 mm, Keramikmischsystem, Anschlussart Wasseranschluss: Flexible Anschlussschläuche, Anschlussmaß Schlauchanschluss: 3/8"", Durchflussmenge (3 bar): 5 l/min, Strahlart: Normalstrahl, Strahlformer mit Kugelgelenk, empfohlener Betriebsdruck: 1 - 5 bar, mit Zugstange Ablaufgarnitur",Armaturen
C12400001046,DU C.1 Einhebel Bidetmischer Schwarz Matt,"Duravit C.1 Einhebel-Bidetmischer, Schwarz Matt, Höhe: 155 mm, Ausladung: 121 mm, Keramikmischsystem, Anschlussart Wasseranschluss: Flexible Anschlussschläuche, Anschlussmaß Schlauchanschluss: 3/8"", Durchflussmenge (3 bar): 5 l/min, Strahlart: Normalstrahl, Strahlformer mit Kugelgelenk, empfohlener Betriebsdruck: 1 - 5 bar, mit Zugstange Ablaufgarnitur",Armaturen
C14200013010,"DU C.1 Brausethermost. UP,Eckig Ab-Umstellvent.,Thermostatkart. Chrom HG","Duravit C.1 Brausethermostat Unterputz, Anzahl Verbraucher: 2, Chrom, Anschlussart Wasseranschluss: Grundkörper, Thermostatkartusche, Sicherheitssperre bei 38 °C, Umstellung Verbraucher: Handbrause, Kopfbrause, Verbraucher/Umsteller: Ab- und Umstellventil, Anzahl Verbraucher: 2, empfohlener Betriebsdruck: 1 - 5 bar, Durchflussmenge (3 bar): 20,5 l/min, Form Rosette: Eckig, 150x150 mm, Inkl. Funktionseinheit, Inkl. Sichtteile",Armaturen
C14200013046,"DU C.1 Brausethermost. UP,Eckig Ab-Umstellvent.,Thermostatk., Schwarz M.","Duravit C.1 Brausethermostat Unterputz, Anzahl Verbraucher: 2, Schwarz Matt, Anschlussart Wasseranschluss: Grundkörper, Thermostatkartusche, Sicherheitssperre bei 38 °C, Umstellung Verbraucher: Handbrause, Kopfbrause, Verbraucher/Umsteller: Ab- und Umstellventil, Anzahl Verbraucher: 2, empfohlener Betriebsdruck: 1 - 5 bar, Durchflussmenge (3 bar): 20,5 l/min, Form Rosette: Eckig, 150x150 mm, Inkl. Funktionseinheit, Inkl. Sichtteile",Armaturen
C14200014010,"DU C.1 Brausethermost. UP,Rund Ab-Umstellvent.,Thermostatkart. Chrom HG","Duravit C.1 Brausethermostat Unterputz, Anzahl Verbraucher: 2, Chrom, Anschlussart Wasseranschluss: Grundkörper, Thermostatkartusche, Sicherheitssperre bei 38 °C, Umstellung Verbraucher: Handbrause, Kopfbrause, Verbraucher/Umsteller: Ab- und Umstellventil, Anzahl Verbraucher: 2, empfohlener Betriebsdruck: 1 - 5 bar, Durchflussmenge (3 bar): 20,5 l/min, Form Rosette: Rund, Durchmesser Rosette: 170 mm, Inkl. Funktionseinheit, Inkl. Sichtteile",Armaturen
C14200014046,"DU C.1 Brausethermost. UP,Rund Ab-Umstellvent.,Thermostatk., Schwarz M.","Duravit C.1 Brausethermostat Unterputz, Anzahl Verbraucher: 2, Schwarz Matt, Anschlussart Wasseranschluss: Grundkörper, Thermostatkartusche, Sicherheitssperre bei 38 °C, Umstellung Verbraucher: Handbrause, Kopfbrause, Verbraucher/Umsteller: Ab- und Umstellventil, Anzahl Verbraucher: 2, empfohlener Betriebsdruck: 1 - 5 bar, Durchflussmenge (3 bar): 20,5 l/min, Form Rosette: Rund, Durchmesser Rosette: 170 mm, Inkl. Funktionseinheit, Inkl. Sichtteile",Armaturen
C14200015010,"DU C.1 Brausethermost. UP,Eckig Abstellvent.,Thermostatkart. Chrom HG","Duravit C.1 Brausethermostat Unterputz, Anzahl Verbraucher: 1, Chrom, Anschlussart Wasseranschluss: Grundkörper, Thermostatkartusche, Sicherheitssperre bei 38 °C, Verbraucher/Umsteller: Abstellventil, Anzahl Verbraucher: 1, empfohlener Betriebsdruck: 1 - 5 bar, Durchflussmenge (3 bar): 20,5 l/min, Form Rosette: Eckig, 150x150 mm, Inkl. Funktionseinheit, Inkl. Sichtteile",Armaturen
C14200015046,"DU C.1 Brausethermost. UP,Eckig Abstellvent.,Thermostatk., Schwarz M.","Duravit C.1 Brausethermostat Unterputz, Anzahl Verbraucher: 1, Schwarz Matt, Anschlussart Wasseranschluss: Grundkörper, Thermostatkartusche, Sicherheitssperre bei 38 °C, Verbraucher/Umsteller: Abstellventil, Anzahl Verbraucher: 1, empfohlener Betriebsdruck: 1 - 5 bar, Durchflussmenge (3 bar): 20,5 l/min, Form Rosette: Eckig, 150x150 mm, Inkl. Funktionseinheit, Inkl. Sichtteile",Armaturen
C14200016010,"DU C.1 Brausethermost. UP,Rund Abstellvent.,Thermostatkart. Chrom HG","Duravit C.1 Brausethermostat Unterputz, Anzahl Verbraucher: 1, Chrom, Anschlussart Wasseranschluss: Grundkörper, Thermostatkartusche, Sicherheitssperre bei 38 °C, Verbraucher/Umsteller: Abstellventil, Anzahl Verbraucher: 1, empfohlener Betriebsdruck: 1 - 5 bar, Durchflussmenge (3 bar): 20,5 l/min, Form Rosette: Rund, Durchmesser Rosette: 170 mm, Inkl. Funktionseinheit, Inkl. Sichtteile",Armaturen
C14200016046,"DU C.1 Brausethermost. UP,Rund Abstellvent.,Thermostatk., Schwarz M.","Duravit C.1 Brausethermostat Unterputz, Anzahl Verbraucher: 1, Schwarz Matt, Anschlussart Wasseranschluss: Grundkörper, Thermostatkartusche, Sicherheitssperre bei 38 °C, Verbraucher/Umsteller: Abstellventil, Anzahl Verbraucher: 1, empfohlener Betriebsdruck: 1 - 5 bar, Durchflussmenge (3 bar): 20,5 l/min, Form Rosette: Rund, Durchmesser Rosette: 170 mm, Inkl. Funktionseinheit, Inkl. Sichtteile",Armaturen
C14210009010,"DU C.1 Einhebel Brausemischer UP,Eckig Keramikmischsystem, Chrom HG","Duravit C.1 Einhebel-Brausemischer Unterputz, Anzahl Verbraucher: 1, Chrom, Anschlussart Wasseranschluss: Grundkörper, Keramikmischsystem, Anzahl Verbraucher: 1, empfohlener Betriebsdruck: 1 - 5 bar, Durchflussmenge (3 bar): 24,5 l/min, Form Rosette: Eckig, 150x150 mm, Inkl. Funktionseinheit, Inkl. Sichtteile",Armaturen
C14210009046,"DU C.1 Einhebel Brausemischer UP,Eckig Keramikmischsystem, Schwarz Matt","Duravit C.1 Einhebel-Brausemischer Unterputz, Anzahl Verbraucher: 1, Schwarz Matt, Anschlussart Wasseranschluss: Grundkörper, Keramikmischsystem, Anzahl Verbraucher: 1, empfohlener Betriebsdruck: 1 - 5 bar, Durchflussmenge (3 bar): 25 l/min, Form Rosette: Eckig, 150x150 mm, Inkl. Funktionseinheit, Inkl. Sichtteile",Armaturen
C14210010010,"DU C.1 Einhebel Brausemischer UP,Rund Keramikmischsystem, Chrom HG","Duravit C.1 Einhebel-Brausemischer Unterputz, Anzahl Verbraucher: 1, Chrom, Anschlussart Wasseranschluss: Grundkörper, Keramikmischsystem, Anzahl Verbraucher: 1, empfohlener Betriebsdruck: 1 - 5 bar, Durchflussmenge (3 bar): 24,5 l/min, Form Rosette: Rund, Durchmesser Rosette: 170 mm, Inkl. Funktionseinheit, Inkl. Sichtteile",Armaturen
C14210010046,"DU C.1 Einhebel Brausemischer UP,Rund Keramikmischsystem, Schwarz Matt","Duravit C.1 Einhebel-Brausemischer Unterputz, Anzahl Verbraucher: 1, Schwarz Matt, Anschlussart Wasseranschluss: Grundkörper, Keramikmischsystem, Anzahl Verbraucher: 1, empfohlener Betriebsdruck: 1 - 5 bar, Durchflussmenge (3 bar): 24,5 l/min, Form Rosette: Rund, Durchmesser Rosette: 170 mm, Inkl. Funktionseinheit, Inkl. Sichtteile",Armaturen
C14210011010,"DU C.1 Einhebel Brausemischer UP,Eckig Umstellvent.,Keramikmischs., Chrom HG","Duravit C.1 Einhebel-Brausemischer Unterputz, Anzahl Verbraucher: 2, Chrom, Anschlussart Wasseranschluss: Grundkörper, Keramikmischsystem, Umstellung Verbraucher: Handbrause, Kopfbrause, Verbraucher/Umsteller: Umstellventil, Anzahl Verbraucher: 2, empfohlener Betriebsdruck: 1 - 5 bar, Durchflussmenge (3 bar): 22,5 l/min, Form Rosette: Eckig, 150x150 mm, Inkl. Funktionseinheit, Inkl. Sichtteile",Armaturen
C14210011046,"DU C.1 Einhebel Brausemischer UP,Eckig Umstellvent.,Keramikmischs., Schwarz M.","Duravit C.1 Einhebel-Brausemischer Unterputz, Anzahl Verbraucher: 2, Schwarz Matt, Anschlussart Wasseranschluss: Grundkörper, Keramikmischsystem, Umstellung Verbraucher: Handbrause, Kopfbrause, Verbraucher/Umsteller: Umstellventil, Anzahl Verbraucher: 2, empfohlener Betriebsdruck: 1 - 5 bar, Durchflussmenge (3 bar): 22,5 l/min, Form Rosette: Eckig, 150x150 mm, Inkl. Funktionseinheit, Inkl. Sichtteile",Armaturen
C14210012010,"DU C.1 Einhebel Brausemischer UP,Rund Umstellvent.,Keramikmischs., Chrom HG","Duravit C.1 Einhebel-Brausemischer Unterputz, Anzahl Verbraucher: 2, Chrom, Anschlussart Wasseranschluss: Grundkörper, Keramikmischsystem, Umstellung Verbraucher: Handbrause, Kopfbrause, Verbraucher/Umsteller: Umstellventil, Anzahl Verbraucher: 2, empfohlener Betriebsdruck: 1 - 5 bar, Durchflussmenge (3 bar): 22,5 l/min, Form Rosette: Rund, Durchmesser Rosette: 170 mm, Inkl. Funktionseinheit, Inkl. Sichtteile",Armaturen
C14210012046,"DU C.1 Einhebel Brausemischer UP,Rund Umstellvent.,Keramikmischs., Schwarz M.","Duravit C.1 Einhebel-Brausemischer Unterputz, Anzahl Verbraucher: 2, Schwarz Matt, Anschlussart Wasseranschluss: Grundkörper, Keramikmischsystem, Umstellung Verbraucher: Handbrause, Kopfbrause, Verbraucher/Umsteller: Umstellventil, Anzahl Verbraucher: 2, empfohlener Betriebsdruck: 1 - 5 bar, Durchflussmenge (3 bar): 22,5 l/min, Form Rosette: Rund, Durchmesser Rosette: 170 mm, Inkl. Funktionseinheit, Inkl. Sichtteile",Armaturen
C14220000010,"DU C.1 Brausethermostat Aufputz Thermostatkartusche, Chrom HG","Duravit C.1 Brausethermostat Aufputz, Chrom, Anschlussart Wasseranschluss: S-Anschlüsse, Anschlussmaß Schlauchanschluss: 1/2"", Stichmaß: 150 mm ± 15 mm, Thermostatkartusche, empfohlener Betriebsdruck: 1 - 5 bar, Sicherheitssperre bei 38 °C, Rückflussverhinderer im Schlauchanschluss, Durchflussmenge (3 bar): 12,5 l/min, Geräuschklasse: II",Armaturen
C14230000010,"DU C.1 Einhebel Brausemischer Aufputz Keramikmischsystem, Chrom HG","Duravit C.1 Einhebel-Brausemischer Aufputz, Chrom, Anschlussart Wasseranschluss: S-Anschlüsse, Anschlussmaß Schlauchanschluss: 1/2"", Stichmaß: 150 mm ± 15 mm, Keramikmischsystem, empfohlener Betriebsdruck: 1 - 5 bar, Rückflussverhinderer im Schlauchanschluss, Durchflussmenge (3 bar): 12,5 l/min, Geräuschklasse: II",Armaturen
C14280007010,"DU C.1 Duschsystem Einhebel Brausemisch. Keramikmischsystem, Chrom HG","Duravit C.1 Duschsystem, Einhebel-Brausemischer, Chrom Hochglanz, Höhe: 1200 mm, Handbrausenhalterung: Höhenverstellbar, Inkl. Brauseschlauch, Länge Brauseschlauch: 1600 mm, Inkl. Handbrause, Inkl. Kopfbrause, Durchmesser Kopfbrause: 230 mm, Kopfbrause im Winkel verstellbar, Anschlussmaß Wasseranschluss: DN 15, Anschlussart Wasseranschluss: S-Anschlüsse, Anschlussmaß Schlauchanschluss: 1/2"", Durchflussmenge (3 bar): 13 l/min, Keramikmischsystem, empfohlener Betriebsdruck: 1 - 5 bar, Durchflussmenge Handbrause (3 bar): 12 l/min, Durchflussmenge Kopfbrause (3 bar): 10,7 l/min, Rückflussverhinderer im Schlauchanschluss, Geräuschklasse: II, Stichmaß: 150 mm ± 15 mm",Armaturen
C14280007046,"DU C.1 Duschsystem Einhebel Brausemisch. Keramikmischsystem, Schwarz Matt","Duravit C.1 Duschsystem, Einhebel-Brausemischer, Schwarz Matt, Höhe: 1200 mm, Handbrausenhalterung: Höhenverstellbar, Inkl. Brauseschlauch, Länge Brauseschlauch: 1600 mm, Inkl. Handbrause, Inkl. Kopfbrause, Durchmesser Kopfbrause: 230 mm, Kopfbrause im Winkel verstellbar, Anschlussmaß Wasseranschluss: DN 15, Anschlussart Wasseranschluss: S-Anschlüsse, Anschlussmaß Schlauchanschluss: 1/2"", Durchflussmenge (3 bar): 13 l/min, Keramikmischsystem, empfohlener Betriebsdruck: 1 - 5 bar, Durchflussmenge Handbrause (3 bar): 12 l/min, Durchflussmenge Kopfbrause (3 bar): 10,7 l/min, Rückflussverhinderer im Schlauchanschluss, Geräuschklasse: II, Stichmaß: 150 mm ± 15 mm",Armaturen
C14280008010,"DU C.1 Duschsystem Brausethemostat Thermostatkartusche, Chrom HG","Duravit C.1 Duschsystem, Brausethermostat, Chrom Hochglanz, Höhe: 1200 mm, Handbrausenhalterung: Höhenverstellbar, Inkl. Brauseschlauch, Länge Brauseschlauch: 1600 mm, Inkl. Handbrause, Inkl. Kopfbrause, Durchmesser Kopfbrause: 230 mm, Kopfbrause im Winkel verstellbar, Anschlussmaß Wasseranschluss: DN 15, Anschlussart Wasseranschluss: S-Anschlüsse, Anschlussmaß Schlauchanschluss: 1/2"", Sicherheitssperre bei 38 °C, Durchflussmenge (3 bar): 12,5 l/min, Thermostatkartusche, empfohlener Betriebsdruck: 1 - 5 bar, Durchflussmenge Handbrause (3 bar): 12 l/min, Durchflussmenge Kopfbrause (3 bar): 10,7 l/min, Rückflussverhinderer im Schlauchanschluss, Geräuschklasse: II, Stichmaß: 150 mm ± 15 mm",Armaturen
C14280008046,"DU C.1 Duschsystem Brausethemostat Thermostatkartusche, Schwarz Matt","Duravit C.1 Duschsystem, Brausethermostat, Schwarz Matt, Höhe: 1200 mm, Handbrausenhalterung: Höhenverstellbar, Inkl. Brauseschlauch, Länge Brauseschlauch: 1600 mm, Inkl. Handbrause, Inkl. Kopfbrause, Durchmesser Kopfbrause: 230 mm, Kopfbrause im Winkel verstellbar, Anschlussmaß Wasseranschluss: DN 15, Anschlussart Wasseranschluss: S-Anschlüsse, Anschlussmaß Schlauchanschluss: 1/2"", Sicherheitssperre bei 38 °C, Durchflussmenge (3 bar): 12,5 l/min, Thermostatkartusche, empfohlener Betriebsdruck: 1 - 5 bar, Durchflussmenge Handbrause (3 bar): 12 l/min, Durchflussmenge Kopfbrause (3 bar): 10,7 l/min, Rückflussverhinderer im Schlauchanschluss, Geräuschklasse: II, Stichmaß: 150 mm ± 15 mm",Armaturen
C15200013010,"DU C.1 Wannenthermostat UP, Eckig Thermostatkartusche, Chrom HG","Duravit C.1 Wannenthermostat Unterputz, Anzahl Verbraucher: 2, Chrom, Anschlussart Wasseranschluss: Grundkörper, Thermostatkartusche, Sicherheitssperre bei 38 °C, Umstellung Verbraucher: Wanneneinlauf, Handbrause, Verbraucher/Umsteller: Ab- und Umstellventil, Anzahl Verbraucher: 2, empfohlener Betriebsdruck: 1 - 5 bar, Durchflussmenge (3 bar): 20,5 l/min, Form Rosette: Eckig, 150x150 mm, Inkl. Funktionseinheit, Inkl. Sichtteile",Armaturen
C15200013046,"DU C.1 Wannenthermostat UP, Eckig Thermostatkartusche, Schwarz Matt","Duravit C.1 Wannenthermostat Unterputz, Anzahl Verbraucher: 2, Schwarz Matt, Anschlussart Wasseranschluss: Grundkörper, Thermostatkartusche, Sicherheitssperre bei 38 °C, Umstellung Verbraucher: Wanneneinlauf, Handbrause, Verbraucher/Umsteller: Ab- und Umstellventil, Anzahl Verbraucher: 2, empfohlener Betriebsdruck: 1 - 5 bar, Durchflussmenge (3 bar): 20,6 l/min, Form Rosette: Eckig, 150x150 mm, Inkl. Funktionseinheit, Inkl. Sichtteile",Armaturen
C15200014010,"DU C.1 Wannenthermostat UP, Rund Thermostatkartusche, Chrom HG","Duravit C.1 Wannenthermostat Unterputz, Anzahl Verbraucher: 2, Chrom, Anschlussart Wasseranschluss: Grundkörper, Thermostatkartusche, Sicherheitssperre bei 38 °C, Umstellung Verbraucher: Wanneneinlauf, Handbrause, Verbraucher/Umsteller: Ab- und Umstellventil, Anzahl Verbraucher: 2, empfohlener Betriebsdruck: 1 - 5 bar, Durchflussmenge (3 bar): 20,5 l/min, Form Rosette: Rund, Durchmesser Rosette: 170 mm, Inkl. Funktionseinheit, Inkl. Sichtteile",Armaturen
C15200014046,"DU C.1 Wannenthermostat UP, Rund Thermostatkartusche, Schwarz Matt","Duravit C.1 Wannenthermostat Unterputz, Anzahl Verbraucher: 2, Schwarz Matt, Anschlussart Wasseranschluss: Grundkörper, Thermostatkartusche, Sicherheitssperre bei 38 °C, Umstellung Verbraucher: Wanneneinlauf, Handbrause, Verbraucher/Umsteller: Ab- und Umstellventil, Anzahl Verbraucher: 2, empfohlener Betriebsdruck: 1 - 5 bar, Durchflussmenge (3 bar): 20,5 l/min, Form Rosette: Rund, Durchmesser Rosette: 170 mm, Inkl. Funktionseinheit, Inkl. Sichtteile",Armaturen
C15200017010,"DU C.1 Wannenthermostat UP, Eckig Keramikmischsyst.,Sicherungsk., Chrom HG","Duravit C.1 Wannenthermostat Unterputz, Anzahl Verbraucher: 2, Chrom, Anschlussart Wasseranschluss: Grundkörper, Thermostatkartusche, Sicherheitssperre bei 38 °C, Umstellung Verbraucher: Wanneneinlauf, Handbrause, Verbraucher/Umsteller: Ab- und Umstellventil, Sicherungskombination, Anzahl Verbraucher: 2, empfohlener Betriebsdruck: 1 - 5 bar, Durchflussmenge (3 bar): 20,5 l/min, Form Rosette: Eckig, 150x150 mm, Inkl. Funktionseinheit, Inkl. Sichtteile",Armaturen
C15200017046,"DU C.1 Wannenthermostat UP, Eckig Keramikmischsyst.,Sicherungsk.,Schwarz M","Duravit C.1 Wannenthermostat Unterputz, Anzahl Verbraucher: 2, Schwarz Matt, Anschlussart Wasseranschluss: Grundkörper, Thermostatkartusche, Sicherheitssperre bei 38 °C, Umstellung Verbraucher: Wanneneinlauf, Handbrause, Verbraucher/Umsteller: Ab- und Umstellventil, Sicherungskombination, Anzahl Verbraucher: 2, empfohlener Betriebsdruck: 1 - 5 bar, Durchflussmenge (3 bar): 20,5 l/min, Form Rosette: Eckig, 150x150 mm, Inkl. Funktionseinheit, Inkl. Sichtteile",Armaturen
C15200018010,"DU C.1 Wannenthermostat UP, Rund Keramikmischsyst.,Sicherungsk., Chrom HG","Duravit C.1 Wannenthermostat Unterputz, Anzahl Verbraucher: 2, Chrom, Anschlussart Wasseranschluss: Grundkörper, Thermostatkartusche, Sicherheitssperre bei 38 °C, Umstellung Verbraucher: Wanneneinlauf, Handbrause, Verbraucher/Umsteller: Ab- und Umstellventil, Sicherungskombination, Anzahl Verbraucher: 2, empfohlener Betriebsdruck: 1 - 5 bar, Durchflussmenge (3 bar): 20,5 l/min, Form Rosette: Rund, Durchmesser Rosette: 170 mm, Inkl. Funktionseinheit, Inkl. Sichtteile",Armaturen
C15200018046,"DU C.1 Wannenthermostat UP, Rund Keramikmischsyst.,Sicherungsk.,Schwarz M","Duravit C.1 Wannenthermostat Unterputz, Anzahl Verbraucher: 2, Schwarz Matt, Anschlussart Wasseranschluss: Grundkörper, Thermostatkartusche, Sicherheitssperre bei 38 °C, Umstellung Verbraucher: Wanneneinlauf, Handbrause, Verbraucher/Umsteller: Sicherungskombination, Anzahl Verbraucher: 2, empfohlener Betriebsdruck: 1 - 5 bar, Durchflussmenge (3 bar): 21 l/min, Form Rosette: Rund, Durchmesser Rosette: 170 mm, Inkl. Funktionseinheit, Inkl. Sichtteile",Armaturen
C15210011010,"DU C.1 Einhebel-Wannenmischer UP,Eckig Keramikmischsyst., Chrom HG","Duravit C.1 Einhebel-Wannenmischer Unterputz, Anzahl Verbraucher: 2, Chrom, Anschlussart Wasseranschluss: Grundkörper, Keramikmischsystem, Umstellung Verbraucher: Wanneneinlauf, Handbrause, Verbraucher/Umsteller: Umstellventil, Anzahl Verbraucher: 2, empfohlener Betriebsdruck: 1 - 5 bar, Durchflussmenge (3 bar): 22,5 l/min, Form Rosette: Eckig, 150x150 mm, Inkl. Funktionseinheit, Inkl. Sichtteile",Armaturen
C15210011046,"DU C.1 Einhebel-Wannenmischer UP,Eckig Keramikmischsyst.,Schwarz M","Duravit C.1 Einhebel-Wannenmischer Unterputz, Anzahl Verbraucher: 2, Schwarz Matt, Anschlussart Wasseranschluss: Grundkörper, Keramikmischsystem, Umstellung Verbraucher: Wanneneinlauf, Handbrause, Verbraucher/Umsteller: Umstellventil, Anzahl Verbraucher: 2, empfohlener Betriebsdruck: 1 - 5 bar, Durchflussmenge (3 bar): 22,5 l/min, Form Rosette: Eckig, 150x150 mm, Inkl. Funktionseinheit, Inkl. Sichtteile",Armaturen
C15210012010,"DU C.1 Einhebel-Wannenmischer UP,Rund Keramikmischsyst., Chrom HG","Duravit C.1 Einhebel-Wannenmischer Unterputz, Anzahl Verbraucher: 2, Chrom, Anschlussart Wasseranschluss: Grundkörper, Keramikmischsystem, Umstellung Verbraucher: Wanneneinlauf, Handbrause, Verbraucher/Umsteller: Umstellventil, Anzahl Verbraucher: 2, empfohlener Betriebsdruck: 1 - 5 bar, Durchflussmenge (3 bar): 22,5 l/min, Form Rosette: Rund, Durchmesser Rosette: 170 mm, Inkl. Funktionseinheit, Inkl. Sichtteile",Armaturen
C15210012046,"DU C.1 Einhebel-Wannenmischer UP,Rund Keramikmischsyst.,Schwarz M","Duravit C.1 Einhebel-Wannenmischer Unterputz, Anzahl Verbraucher: 2, Schwarz Matt, Anschlussart Wasseranschluss: Grundkörper, Keramikmischsystem, Umstellung Verbraucher: Wanneneinlauf, Handbrause, Verbraucher/Umsteller: Umstellventil, Anzahl Verbraucher: 2, empfohlener Betriebsdruck: 1 - 5 bar, Durchflussmenge (3 bar): 22,5 l/min, Form Rosette: Rund, Durchmesser Rosette: 170 mm, Inkl. Funktionseinheit, Inkl. Sichtteile",Armaturen
C15210017010,"DU C.1 Einhebel-Wannenmischer UP,Eckig Keramikmischsyst.,Sicherungsk., Chrom HG","Duravit C.1 Einhebel-Wannenmischer Unterputz, Anzahl Verbraucher: 2, Chrom, Anschlussart Wasseranschluss: Grundkörper, Keramikmischsystem, Umstellung Verbraucher: Wanneneinlauf, Handbrause, Verbraucher/Umsteller: Umstellventil, Sicherungskombination, Anzahl Verbraucher: 2, empfohlener Betriebsdruck: 1 - 5 bar, Durchflussmenge (3 bar): 22,5 l/min, Form Rosette: Eckig, 150x150 mm, Inkl. Funktionseinheit, Inkl. Sichtteile",Armaturen
C15210017046,"DU C.1 Einhebel-Wannenmischer UP,Eckig Keramikmischsyst.,Sicherungsk.,Schwarz M","Duravit C.1 Einhebel-Wannenmischer Unterputz, Anzahl Verbraucher: 2, Schwarz Matt, Anschlussart Wasseranschluss: Grundkörper, Keramikmischsystem, Umstellung Verbraucher: Wanneneinlauf, Handbrause, Verbraucher/Umsteller: Umstellventil, Sicherungskombination, Anzahl Verbraucher: 2, empfohlener Betriebsdruck: 1 - 5 bar, Durchflussmenge (3 bar): 22,5 l/min, Form Rosette: Eckig, 150x150 mm, Inkl. Funktionseinheit, Inkl. Sichtteile",Armaturen
C15210018010,"DU C.1 Einhebel-Wannenmischer UP,Rund Keramikmischsyst.,Sicherungsk., Chrom HG","Duravit C.1 Einhebel-Wannenmischer Unterputz, Anzahl Verbraucher: 2, Chrom, Anschlussart Wasseranschluss: Grundkörper, Keramikmischsystem, Umstellung Verbraucher: Wanneneinlauf, Handbrause, Verbraucher/Umsteller: Umstellventil, Sicherungskombination, Anzahl Verbraucher: 2, empfohlener Betriebsdruck: 1 - 5 bar, Durchflussmenge (3 bar): 22,5 l/min, Form Rosette: Rund, Durchmesser Rosette: 170 mm, Inkl. Funktionseinheit, Inkl. Sichtteile",Armaturen
C15210018046,"DU C.1 Einhebel-Wannenmischer UP,Rund Keramikmischsyst.,Sicherungsk.,Schwarz M","Duravit C.1 Einhebel-Wannenmischer Unterputz, Anzahl Verbraucher: 2, Schwarz Matt, Anschlussart Wasseranschluss: Grundkörper, Keramikmischsystem, Umstellung Verbraucher: Wanneneinlauf, Handbrause, Verbraucher/Umsteller: Umstellventil, Sicherungskombination, Anzahl Verbraucher: 2, empfohlener Betriebsdruck: 1 - 5 bar, Durchflussmenge (3 bar): 22,5 l/min, Form Rosette: Rund, Durchmesser Rosette: 170 mm, Inkl. Funktionseinheit, Inkl. Sichtteile",Armaturen
C15220000010,"DU C.1 Wannenthermostat Aufputz Thermostatkartusche, Chrom HG","Duravit C.1 Wannenthermostat Aufputz, Chrom, Anschlussart Wasseranschluss: S-Anschlüsse, Anschlussmaß Schlauchanschluss: 1/2"", Stichmaß: 150 mm ± 15 mm, Thermostatkartusche, empfohlener Betriebsdruck: 1 - 5 bar, Strahlart: Normalstrahl, Sicherheitssperre bei 38 °C, Umstellventil, Rückflussverhinderer im Schlauchanschluss, Ab- und Umstellventil, Durchflussmenge (3 bar): 20 l/min, Geräuschklasse: II",Armaturen
C15230000010,"DU C.1 Einhebel Wannenmischer Aufputz Keramikmischsyst., Chrom HG","Duravit C.1 Einhebel-Wannenmischer Aufputz, Chrom, Anschlussart Wasseranschluss: S-Anschlüsse, Anschlussmaß Schlauchanschluss: 1/2"", Stichmaß: 150 mm ± 15 mm, Keramikmischsystem, empfohlener Betriebsdruck: 1 - 5 bar, Strahlart: Normalstrahl, Umstellventil, Rückflussverhinderer im Schlauchanschluss, Umstellventil, Durchflussmenge (3 bar): 21,5 l/min, Geräuschklasse: II",Armaturen
C15240009010,"DU C.1 Wanneneinlauf, Eckig Ausl. 205mm, Chrom Hochglanz","Duravit C.1 Wanneneinlauf, Chrom, Form Rosette: Eckig, Ausladung: 205 mm, Anschlussmaß Wasseranschluss: DN 15, Durchflussmenge (3 bar): 19 l/min",Armaturen
C15240009046,"DU C.1 Wanneneinlauf, Eckig Ausl. 205mm, Schwarz Matt","Duravit C.1 Wanneneinlauf, Schwarz Matt, Form Rosette: Eckig, Ausladung: 205 mm, Anschlussmaß Wasseranschluss: DN 15, Durchflussmenge (3 bar): 19 l/min",Armaturen
C15240010010,"DU C.1 Wanneneinlauf, Rund Ausl. 205mm, Chrom Hochglanz","Duravit C.1 Wanneneinlauf, Chrom, Form Rosette: Rund, Ausladung: 205 mm, Anschlussmaß Wasseranschluss: DN 15, Durchflussmenge (3 bar): 19 l/min",Armaturen
C15240010046,"DU C.1 Wanneneinlauf, Rund Ausl. 205mm, Schwarz Matt","Duravit C.1 Wanneneinlauf, Schwarz Matt, Form Rosette: Rund, Ausladung: 205 mm, Anschlussmaß Wasseranschluss: DN 15, Durchflussmenge (3 bar): 19 l/min",Armaturen
C15250000010,DU C.1 Einhebel Wannenmischer bodenst. Chrom Hochglanz,"Duravit C.1 Einhebel-Wannenmischer bodenstehend, Chrom, Höhe: 914 mm, Ausladung: 200 mm, Inkl. Brausehalter, Inkl. Brauseschlauch, Anschlussart Wasseranschluss: Grundkörper, Keramikmischsystem, Umstellung Verbraucher: Wanneneinlauf, Handbrause, Verbraucher/Umsteller: Umstellventil, Anzahl Verbraucher: 2, empfohlener Betriebsdruck: 1 - 5 bar, Durchflussmenge (3 bar): 18,5 l/min",Armaturen
GK0900000000,DU Bluebox G1/2,"Duravit Brausen und Zubehör Grundkörper, Montageart: Unterputz, Anschlussmaß Wasseranschluss: DN 15, Vorabsperrung: Nein, Min. Einbautiefe: 75 mm, Max. Einbautiefe: 105 mm",Armaturen
GK0900001000,DU Bluebox G3/4,"Duravit Brausen und Zubehör Grundkörper, Montageart: Unterputz, Anschlussmaß Wasseranschluss: DN 20, Vorabsperrung: Ja, Min. Einbautiefe: 75 mm, Max. Einbautiefe: 105 mm",Armaturen
GK1900002000,"DU Grundkörper UP WT G1/2""","Duravit Brausen und Zubehör Grundkörper, Montageart: Unterputz, Anschlussmaß Wasseranschluss: DN 15",Armaturen
GK5900003000,"DU Grundkörper UP bodenstehend G1/2""","Duravit Brausen und Zubehör Grundkörper, Montageart: auf Rohfußboden, Anschlussmaß Wasseranschluss: DN 15",Armaturen
WD5001011000,"DU DuraSys A1 Betät.-Pl.mech. f. WC Dual Flush,Aufgesetzt/Fächenb.,Weiß","Duravit DuraSystem Betätigungsplatte mechanisch für WC A1, Kunststoff, Weiß , Dual Flush, Spülbedienung: Mechanisch, Spülbedienungstechnologie: Manuell, Einbauart: Aufgesetzt, Flächenbündig, Inkl. Montagerahmen, Inkl. Montagezubehör, Inkl. Drückerstangen",DuraSystem Betätigungsplatten
XB006804545,"DU XBase Möbel-Set 1300x490mm,WT m. HL 2 WTU m. Schubk.2, SPS, Weiß glänzend","Duravit XBase Möbelwaschtisch mit Waschtischunterbau und Spiegelschrank, Weiß Hochglanz, Dekor, Anzahl Schubkasten: 2, Inneneinteilung Optional, Inkl. Armatur: Nein",Aktionsset
XB006804949,"DU XBase Möbel-Set 1300x490mm,WT m. HL 2 WTU m. Schubk.2, SPS, Graphit Matt","Duravit XBase Möbelwaschtisch mit Waschtischunterbau und Spiegelschrank, Graphit Matt, Dekor, Anzahl Schubkasten: 2, Inneneinteilung Optional, Inkl. Armatur: Nein",Aktionsset
XB006904545,"DU XBase Hochschrank 400x358x1760mm Tür 1,Türansch. L/R,Glasfb.5,Weiß glänz.","Duravit XBase Hochschrank, Anzahl Türen: 1, Türanschlag: Rechts, Links, Weiß Hochglanz, Dekor, Anzahl Glasfachböden: 5, Griff Chrom, Automatiktürscharnier mit Dämpfung",Aktionsset
XB006904949,"DU XBase Hochschrank 400x358x1760mm Tür 1,Türansch. L/R,Glasfb.5, Graphit M.","Duravit XBase Hochschrank, Anzahl Türen: 1, Türanschlag: Rechts, Links, Graphit Matt, Dekor, Anzahl Glasfachböden: 5, Griff Chrom, Automatiktürscharnier mit Dämpfung",Aktionsset
XB007004545,"DU XBase Möbel-Set 630x490mm, WT,WTU m. Schubk.2, Spiegel, Weiß glänzend","Duravit XBase Möbelwaschtisch mit Waschtischunterbau und Spiegel, Weiß Hochglanz, Dekor, Anzahl Schubkasten: 2, Inneneinteilung Optional, Inkl. Armatur: Nein",Aktionsset
XB007004949,"DU XBase Möbel-Set 630x490mm, WT,WTU m. Schubk.2, Spiegel, Graphit Matt","Duravit XBase Möbelwaschtisch mit Waschtischunterbau und Spiegel, Graphit Matt, Dekor, Anzahl Schubkasten: 2, Inneneinteilung Optional, Inkl. Armatur: Nein",Aktionsset
XB007104545,"DU XBase Möbel-Set 830x490mm, WT,WTU m. Schubk.2, Spiegel, Weiß glänzend","Duravit XBase Möbelwaschtisch mit Waschtischunterbau und Spiegel, Weiß Hochglanz, Dekor, Anzahl Schubkasten: 2, Inneneinteilung Optional, Inkl. Armatur: Nein",Aktionsset
XB007104949,"DU XBase Möbel-Set 830x490mm, WT,WTU m. Schubk.2, Spiegel, Graphit Matt","Duravit XBase Möbelwaschtisch mit Waschtischunterbau und Spiegel, Graphit Matt, Dekor, Anzahl Schubkasten: 2, Inneneinteilung Optional, Inkl. Armatur: Nein",Aktionsset
XB007204545,"DU XBase Möbel-Set 1030x490mm, WT,WTU m. Schubk.2, Spiegel, Weiß glänzend","Duravit XBase Möbelwaschtisch mit Waschtischunterbau und Spiegel, Weiß Hochglanz, Dekor, Anzahl Schubkasten: 2, Inneneinteilung Optional, Inkl. Armatur: Nein",Aktionsset
XB007204949,"DU XBase Möbel-Set 1030x490mm, WT,WTU m. Schubk.2, Spiegel, Graphit Matt","Duravit XBase Möbelwaschtisch mit Waschtischunterbau und Spiegel, Graphit Matt, Dekor, Anzahl Schubkasten: 2, Inneneinteilung Optional, Inkl. Armatur: Nein",Aktionsset
XB007304545,"DU XBase Möbel-Set 1230x490mm, WT,WTU m. Schubk.2, Spiegel, Weiß glänzend","Duravit XBase Möbelwaschtisch mit Waschtischunterbau und Spiegel, Weiß Hochglanz, Dekor, Anzahl Schubkasten: 2, Inneneinteilung Optional, Inkl. Armatur: Nein",Aktionsset
XB007304949,"DU XBase Möbel-Set 1230x490mm, WT,WTU m. Schubk.2, Spiegel, Graphit Matt","Duravit XBase Möbelwaschtisch mit Waschtischunterbau und Spiegel, Graphit Matt, Dekor, Anzahl Schubkasten: 2, Inneneinteilung Optional, Inkl. Armatur: Nein",Aktionsset
XB007404545,"DU XBase Möbel-Set 1300x490mm,WT m. HL 2 WTU m. Schubk.2, Spiegel, Weiß glänzend","Duravit XBase Möbelwaschtisch mit Waschtischunterbau und Spiegel, Weiß Hochglanz, Dekor, Anzahl Schubkasten: 2, Inneneinteilung Optional, Inkl. Armatur: Nein",Aktionsset
XB007404949,"DU XBase Möbel-Set 1300x490mm,WT m. HL 2 WTU m. Schubk.2, Spiegel, Graphit Matt","Duravit XBase Möbelwaschtisch mit Waschtischunterbau und Spiegel, Graphit Matt, Dekor, Anzahl Schubkasten: 2, Inneneinteilung Optional, Inkl. Armatur: Nein",Aktionsset
XB0075L4545,"DU XBase Möbel-Set 630x490mm, WT,WTU m. Schubk.2, SPS Türan.L.,Weiß glänz.","Duravit XBase Möbelwaschtisch mit Waschtischunterbau und Spiegelschrank, Weiß Hochglanz, Dekor, Anzahl Schubkasten: 2, Inneneinteilung Optional, Inkl. Armatur: Nein",Aktionsset
XB0075L4949,"DU XBase Möbel-Set 630x490mm, WT,WTU m. Schubk.2, SPS Türan.L.,Graphit Matt","Duravit XBase Möbelwaschtisch mit Waschtischunterbau und Spiegelschrank, Graphit Matt, Dekor, Anzahl Schubkasten: 2, Inneneinteilung Optional, Inkl. Armatur: Nein",Aktionsset
XB0075R4545,"DU XBase Möbel-Set 630x490mm, WT,WTU m. Schubk.2, SPS Türan.R.,Weiß glänz.","Duravit XBase Möbelwaschtisch mit Waschtischunterbau und Spiegelschrank, Weiß Hochglanz, Dekor, Anzahl Schubkasten: 2, Inneneinteilung Optional, Inkl. Armatur: Nein",Aktionsset
XB0075R4949,"DU XBase Möbel-Set 630x490mm, WT,WTU m. Schubk.2, SPS Türan.R.,Graphit Matt","Duravit XBase Möbelwaschtisch mit Waschtischunterbau und Spiegelschrank, Graphit Matt, Dekor, Anzahl Schubkasten: 2, Inneneinteilung Optional, Inkl. Armatur: Nein",Aktionsset
XB007604545,"DU XBase Möbel-Set 830x490mm, WT,WTU m. Schubk.2, Spiegelschr.,Weiß glänzend","Duravit XBase Möbelwaschtisch mit Waschtischunterbau und Spiegelschrank, Weiß Hochglanz, Dekor, Anzahl Schubkasten: 2, Inneneinteilung Optional, Inkl. Armatur: Nein",Aktionsset
XB007604949,"DU XBase Möbel-Set 830x490mm, WT,WTU m. Schubk.2, Spiegelschr., Graphit Matt","Duravit XBase Möbelwaschtisch mit Waschtischunterbau und Spiegelschrank, Graphit Matt, Dekor, Anzahl Schubkasten: 2, Inneneinteilung Optional, Inkl. Armatur: Nein",Aktionsset
XB007704545,"DU XBase Möbel-Set 1030x490mm, WT,WTU m. Schubk.2, Spiegelschr.,Weiß glänzend","Duravit XBase Möbelwaschtisch mit Waschtischunterbau und Spiegelschrank, Weiß Hochglanz, Dekor, Anzahl Schubkasten: 2, Inneneinteilung Optional, Inkl. Armatur: Nein",Aktionsset
XB007704949,"DU XBase Möbel-Set 1030x490mm, WT,WTU m. Schubk.2, Spiegelschr., Graphit Matt","Duravit XBase Möbelwaschtisch mit Waschtischunterbau und Spiegelschrank, Graphit Matt, Dekor, Anzahl Schubkasten: 2, Inneneinteilung Optional, Inkl. Armatur: Nein",Aktionsset
XB007804545,"DU XBase Möbel-Set 1230x490mm, WT,WTU m. Schubk.2, Spiegelschr.,Weiß glänzend","Duravit XBase Möbelwaschtisch mit Waschtischunterbau und Spiegelschrank, Weiß Hochglanz, Dekor, Anzahl Schubkasten: 2, Inneneinteilung Optional, Inkl. Armatur: Nein",Aktionsset
XB007804949,"DU XBase Möbel-Set 1230x490mm, WT,WTU m. Schubk.2, Spiegelschr., Graphit Matt","Duravit XBase Möbelwaschtisch mit Waschtischunterbau und Spiegelschrank, Graphit Matt, Dekor, Anzahl Schubkasten: 2, Inneneinteilung Optional, Inkl. Armatur: Nein",Aktionsset
