requirement,requirement_detail,product_id
 Tiefspül - WC Duravit Starck 3 - Duravit Rimless," Tiefspüler wandhängend mit verdeckter Befestigung. Spülrandloses Wand-WC mit patentierter Duravit Rimless# Spültechnologie aus Sanitärkeramik für 4,5 Liter Spülwasser nach EWL Klasse 1. Außen glatte geschlossene rechteckige Beckenform vorne übergehend in einen Halbkreis. Wandanschluss mit Aufkantung. Bodenfreiheit 60/95mm bei Einbauhöhe 400mm. Abmessungen(BxTxH)360x540x340mm. Farbe: weiß Einschl. Befestigung für Wand-WC und Schallschutzset.   Hersteller / Typ: Duravit / Starck 3 #2527090000",2527090000
 Badewanneanlage 75 x 170 x 48 cm  Duravit," Brausewannenanlage, bestehend aus: Duravit Badewanne DuraStyle aus 5 mm Sanitäracryl, 1700x750x480mm Rechteck, Einbauversion mit 1 Rückenschräge links Bestellnummer: 700296000000000 Farbe: 00 Weiss EAN: 4021534863349   Technische Eigenschaften - Farbe: weiß - Überlauf: sichtbar - B / Breite (cm): 130 cm - H / Höhe (cm): 18,5 cm - T / Tiefe (cm): 48 cm  Fabrikat: Duravit Typ:      DuraStyl oder gleichwertiger Art  einschl. Mepa Wannenfuß Typ WA für Acrylbadewannen und Wannenabdichtband Aquaproof Typ II  einschl. MULTIPLEX-TRIO-Ab-/Überlauf-Badewannen-Set (Ab-/Überlauf Sonderwannen, Ausstattungsset Visign MT5, Anschlussgarnitur)  komplett liefern und in Zusammenarbeit mit den Estrich- bzw. Fliesenleger fachgerecht einbauen. ",790100000000000
 Urinalbecken, Urinalbecken Urinal absaugend aus Sanitärkeramik mit Zulauf von hinten Für Siphon Abgang waagerecht optional senkrecht. Außen glatte geschlossene Form. Einschließlich Befestigung. einschließlich Urinal-Absaugesiphon Spülmenge 1 Liter. Abmessungen(BxTxH) 300x340x560mm. Befestigung: an Vorwandelement Zulauf: von hinten Ablauf: nach hinten mit Befestigungssatz Farbe: weiß ,2804300000
 Waschtisch ME by Starck 600x460mm weiss," Waschtisch mit Hahnloch, mit Überlauf einschl. Befestigungssatz und Montagestreifen, mit weißem Silikon dauerelastisch versetzen und Anschluss ausfugen Größe:               600 x 460 mm Farbe:               weiss Fabrikat:              Duravit Serie:      ME by Starck Liefern und montieren",2335600000
 Einbauwaschtisch von unten," Duravit Einbauwaschtisch Starck 3 aus Sanitärkeramik, 525x400x190 mm Becken 490x365 mm mit Überlauf, mit Hahnlochbank Einbau von unten Bestellnummer: 0302490000 Farbe: 00 Weiß Ausführung: 1 Hahnloch  liefern und montieren",0302490000
 Wand-Tiefspülklosett," DURAVIT Starck 3 Wand-WC Duravit Rimless#, Design by Philippe Starck, Tiefspüler wandhängend mit verdeckter Befestigung. Spülrandloses Wand-WC mit patentierter Duravit Rimless# Spültechnologie aus Sanitärkeramik für 4,5 Liter Spülwasser nach EWL Klasse 1. Außen glatte geschlossene rechteckige Beckenform vorne übergehend in einen Halbkreis. Wandanschluss mit Aufkantung. Bodenfreiheit 60/95mm bei Einbauhöhe 400mm. Abmessungen(BxTxH)360x540x340mm.  Weiß  Fabrikat: Duravit Typ: Philippe Starck 3  Material und Lohn",2527090000
" WC-Sitz mit Deckel, Scharnierwelle aus V2A für Duravit PHILIPP STARCK 3 WC, Spülrandlos "," WC-Sitz mit Deckel, aus durchgefärbtem Duroplast mit Edelstahlscharnieren und Absenkautomatik. passend für das vorbeschriebene Duravit PHILIPP STARCK 3 WC, Spülrandlos  Farbe:      weiß  liefern und montieren   ",0063890000
" Schulbecken, aus Sanitärporzellan, Farbton weiß "," Schulbecken, aus Sanitärporzellan, Farbton weiß, ein Platz, mit Loch für Einlocharmatur, mit rundem Innenbecken, mit Seifen- und Schwammablage, Durchmesser über 400 bis 450 mm, Befestigung an Installationselement, mit Schallschutz DIN 4109. ",0685600011
 Wand WC-Keramik," Wand-WC Compact Tiefspüler aus Sanitärkeramik 370x480x350mm, rimless, Durafix für 4,5 Liter Spülwasser Farbe: Innenfarbe Weiß Hochglanz, Aussenfarbe Weiß Seidenmatt, HygieneGlaze Bestellnummer: 2530099000  inkl. Schallschutzsets, zur Körperschallentkopplung zwischen WC und Wand bestehend aus: Schaumstoffplatte, Befestigungshülsen und Abspritzen des WCs zur Wand hin mit Silikon.  Hersteller: Duravit Typ: Wand WC Compact, Me by Starck",2530099000
"WC-Deckel, Kunststoff, weiß"," WC-Deckel, Kunststoff, weiß WC-Sitz Kunststoff Scharniere aus Edelstahl mit Absenkautomatik-Funktion Farbe: Weiß passend zum Tiefspül-WC aus Position 1.3.9 Planungsfabrikat Pagette Angebotenes Fabrikat @60 Textergänzungen des Bieters '....................................................' Komplett liefern und montieren",0063890000
Elektronik-Urinal," Elektronik-Urinal mit Spülrand für Netzanschluss aus Sanitärkeramik mit Zulauf von hinten, absaugend, optional mit Zielpunkt Fliege. Für Siphon Abgang waagerecht. inkl. Komplette Steuerung sowie Befestigung inklusive. Weiß. Ohne Fliege Netzanschluss inkl. Befestigungssystem Material : Sanitärporzellan Gewicht : 17,6 kg Befestigung: Inklusive Befestigungssatz mit Abdeckkappen (weiß) Abmessungen: Breite : 345 mm Tiefe : 315 mm Höhe : 635 mm Zulauf : von hinten Abgang : nach hinten inkl. Absaugesiphon  Hersteller: Duravit Typ: Urinal Utronic oder gleichwertiges Produkt gew. Hersteller:  gew. Typ:",0051120000
Urinale für UP Steuerungen ," Urinal für Unterputzsteuerung   Eigenschaften - Ausspülen der Urinalkeramik mit 0,5 l pro Spülung gewährleistet, unter Einhaltung der EN 13407 - Reinigung des Entwässerungssystems ohne Abnehmen der Keramik - Sprühkopf von vorne austauschbar, ohne Abnehmen der Keramik - Geruchsverschlussaufnahme werkzeuglos   Technische Eigenschaften - Farbe: weiß - Kleine Spülmenge Einstellbereich: 0,5 l - Zielmarkierung: nein - Zulauf: hinten   im Lieferumfang enthalten: - Befestigungsmaterial - Urinalgeruchsverschluss mit Absaugfunktion - Ablaufsieb - Ablaufgarnitur - Rückflussverhinderer - Anschlusswinkel 90G R 1/2""   Zusätzlich zu bestellen - UP-Urinalsteuerung   Fabrikat z.BeispielDuravit My Stark oder gleichwertig   Angebotenes Produkt:....................... ",2809310093
Elektronic-Urinal," Elektronic-Urinal für Netzanschluss aus Sanitärkeramik mit Zielpunkt Fliege, mit verdecktem Zu- und Ablauf absaugend. Außen glatte geschlossene Form. Abgang waagerecht. Unterhalb des Urinals eingebaute Elektronikeinheit für Netzbetrieb 230 V mit Infrarot-Sensoren und Edelstahlabdeckung, bestehend aus: Fabrikat:  DURAVIT Typ:  Utronic Best.Nr.:  0830370097  einschl. Netzteil 230 V Best.Nr.:  0050040000   oder gleichwertiger Art, nach Wahl des Bieters:  Fabr.:  .. .. .. .. .. .. .. .. .. .. .. .. .. .. .. .. .. .. .. .. .. .. .. .. ..  Typ:  .. .. .. .. .. .. .. .. .. .. .. .. .. .. .. .. .. .. .. .. .. .. .. .. ..   Material und Lohn:",0050040000
 Tiefspül-WC 6l," Duravit Wand WC D-Code aus Sanitärkeramik 545x355x355mm, Tiefspüler, Spülrand geschlossen, Abgang waagerecht, Wandhängend Bestellnummer: 2535092000, Farbe: Weiß Hochglanz, Ausführung: Wand WC, Oberfläche:   Tiefspül-WC 6l  Eigenschaften - Tiefspül-WC - Wandhängend - Mit Spülrand -Typ 1, Vollmenge 6 / 5 l, nach EN 997 - Bodenfreiheit 7 cm - Für 4,5 l Spülbetrieb geeignet - 10 Jahre Nachkaufgarantie  Technische Eigenschaften - Farbe: weiß - Werkstoff: Sanitärkeramik - B / Breite (cm): 35,5 cm - H / Höhe (cm): 35,5 cm - Ausladung (cm): 54,5 cm  inkl. WC-Schallschutz-Set und Silkonfuge  liefern und nach Herstellerangaben montieren.  Fabrikat:  Duravit oder gleichwertig  Typ:   D-Code   Angebotenes Fabrikat: '....................'",2535092000
" DURAVIT Vero Waschtisch mit zwei Hahnlöchern, Größe (BxTxH) 600 x 470 mm ", DURAVIT Vero Waschtisch aus Sanitärkeramik mit Hahnlochbank mit einem Hahnloch Rechteckiger Waschtisch. Unterseite geschliffen für Konsolenmontage  Abmessungen(BxTxH) 600 x 470 mm.  Farbe:  weiß für Ausführung: mit Überlauf und Hahnloch  Fabrikat: Duravit  oder gleichwertig  Fabrikat:_________________Typ:________________________  liefern und montieren,0454600027
Waschtisch 500 mm," Waschtisch, aus Sanit ä rkeramik, Farbe wei ß , Beckenunterseite glasiert, mit Ü berlauf, mit Hahnlochbank, 1 Hahnloch, Abmessungen au ß en: Breite: 500 mm, Tiefe : 470 mm, H ö he : 175 mm, einschl. Schallschutzset, Montagezubeh ö r. Fabrikat:     Duravit oder gleichwertig Typ:            Vero (045450) gew ä hltes Fabrikat/Typ: @61 Textergänzungen des Bieters ...........................................",0454500000
" Wand-Tiefsp#l-WC 37x54cm, weiss, Sp#lrand geschlossen, Abgang waagerecht"," Wand-Tiefsp#l-WC 37x54cm, weiss, Sp#lrand geschlossen, Abgang waagerecht aus Sanit#rkeramik 540x370x345mm, Sp#lrand geschlossen, Abgang waagerecht, f#r 4,5 Liter Sp#lwasser, EWL Klasse 1. mit geschlossenem Sp#lrand und keramischem Sp#lwasserverteiler. Rechteckige nach unten konische Beckenform mit markanter, schmaler Keramikkante Flache Deckel-/Sitzkombination. Bodenfreiheit: 55/75mm bei Einbauh÷he 400mm. Abmessungen(BxTxH):370x540x345/325mm. Farbe: Wei#, Hochglanz Leitfabrikat: Duravit Wand WC DuraStyle Das angebotenes Fabrikat ist vor Einbau zur Bemusterung vorzustellen.  gew#hltes Fabrikat: ...........................",2536090000
 Waschbecken," Waschbecken  aus Sanitärkeramik Rechteckiger Waschtisch mit Ablageflächen auf der Hahnlochbank (130 mm) geschliffen mit Hahnlochbank und Befestigungen, Farbe weiß mit Überlauf. Hintere Kante des Innenbeckens leicht gesenkt, gestraffte Flächen, kleine exakte Radien und schmale Ränder, mit zwei Hahnlöchern.  Innenbecken(BxT)1150x315mm. Abmessungen(BxTxH)1200x470x165mm. Fabrikat / Typ Duravit Vero Air  oder gleichwertig und gleichartig  liefern und montieren ",2350120024
WC-Sitz," Duravit WC-Sitz DuraStyle Vital aus Kunststoff, ohne Abbsenkautomatik mit Winkelpuffern und durchgehender Scharnierwelle, Scharniere  edelstahl Bestellnummer: 0020610000 Farbe: 00 Weiss EAN: 4053424039725 oder gleichwertig @11 Textergänzungen des Bieters Angeb. Fabrikat: '..........'   @12 Textergänzungen des Bieters Angeb. Typ: '..........'",0020610000
 Waschtischrinne geschliffen 1200 mm aus Sanitärkeramik mit 2 St. Hahnlöcher und," Waschtischrinne geschliffen 1200 mm aus Sanitärkeramik mit 2 St. Hahnlöcher und Überlauf Rechteckiger Waschtisch mit Ablageflächen auf der Hahnlochbank (130 mm). Hintere Kante des Innenbeckens leicht gesenkt, gestraffte Flächen, kleine exakte Radien und schmale Ränder. Innenbecken(BxT)1150x315mm. Abmessungen(BxTxH)1200x470x165mm. Farbe: Weiß. inkl. Befestigung Typ: Vero Air liefern und nach Herstellerrichtlinien einbauen  Angebotenes Fabrikat:  '.....................................'  Angebotener Typ:  '.....................................'  Produkt nach Nutzervorgabe  ",2350120026
Duravit Waschtisch Vero," Duravit Waschtisch Vero wie vor beschrieben, jedoch als Doppelwaschtisch mit 2 Hahnlöchern, breite 100 cm",0454100026
Waschtisch 65 x 50 cm," Duravit Waschtisch D-Code aus Sanitärkeramik, 650x500x180mm mit Überlauf, mit Hahnlochbank Bestellnummer: 2310650000 Farbe: 00 Weiss Ausführung: 1 Hahnloch EAN: 4021534344046 einschl. Bemusterung vor Bestellung einschl. Lieferung von Zahnband o. Dämmunterlage einschl. Befestigungsmaterial für Trockenbauwand einschl. Abdichtung mit Sanitärsilikon Fabrikat/Typ: Duravit/D-Code liefern und montieren",2310650000
 Urinalbecken IS Connect ," Urinalbecken Urinal, EN 13407 aus Sanitärporzellan mit verdeckter Befestigung Zu- und Ablauf verdeckt einschl. Urinalsieb aus Edelstahl Befestigung mittels Befestigungsschrauben an Installationselement bzw. mit Stockschrauben an Mauerwerk, einschl. Wandanschluss mit dauerelastischem Kitt, einschl. Absaugeformstück waagrecht Aussen glatte geschlossene Form vorne hochgezogen FIZZ  Größe Höhe 500 mm Breite 305 mm Ausladung 285 mm  Hersteller/Typ: '....................................................' ",0823360000
Waschtisch Duravit Vero Air," Duravit Vero Air 45x35cm, mit Überlauf, 1 Hahnloch 0724450000",0724450000
Waschbecken wandhägend," Waschbecken wandhägend Waschbecken(wandhängend), aus Sanitärporzellan, Farbton weiß, glasiert, hochglatt, mit Loch für Einlocharmatur mittig, mit Überlauf sichtbar, für Ablaufventil, Befestigung an Installationselement, inkl. Schallschutz DIN 4109 und Befestigungssystem. - Werkstoff: Sanitärkeramik - Breite (cm): ca. 60 cm - Höhe (cm): ca. 16,5 cm - Teife (cm): ca. 47 cm Einschließlich aller Zubehörteile sowie Dicht-, Klein-, und Befestigungsmaterialien, liefern und fachgerecht montieren einschließlich aller Nebenarbeiten. Fabrikat der Planung: Duravit Typ : Vero Air Vor der Bestellung müssen die Sanitärobjekte als Objektmuster vorgelegt und mit dem Auftraggeber abgestimmt werden. @11 Textergänzungen des Bieters Angebotener Hersteller: '..........................' @12 Textergänzungen des Bieters Angebotener Typ: '..........................'",2350600000
Duravit Behinderten-Tiefspül-WC," Wand-Tiefspül-WC barrierefrei, weiß aus Sanitärkeramik, Spülmenge 6 l, spülrandlos, für Wandeinbauspülkasten Abmessungen:  360x700x320 mm Farbe:  weiß Oberfläche:  WonderGliss Fabrikat:  Duravit Typ:  Starck 3 Vital",22030900001
 Handwaschbecken, Handwaschbecken 450 x 340 Fabrikat:      Duravit Typ:D-Code Farbe:weiß inkl. Ab- und Überlaufgarnitur und Waschtisch-Befestigungen,0705450000
"DU WWC-Set DuraStyle basic, TS rimless"," DU WWC-Set DuraStyle basic, TS rimless weiß, inkl.WC-Sitz m.Absenkautomatik Duravit Wand-WC Set DuraStyle Basic Rimless Kartonabmessungen: 560x400x430mm Bestehend aus:0000 365x540mm Wand-WC 2562090000 365x540mm WC-Sitz 0020790000 Bestellnummer: 45620900A1 Farbe: 00 Weiß",45620900A1
 WC-Sitz mit Edelstahlscharnier," WC-Sitz mit Edelstahlscharnier WC-Sitz m.Deckel weiss aus Duroplast mit Deckel und Schnellbefestigung reinigungsfreundlich. Bügelscharnier aus Edelstahl Belastbar bis 200 kg min. 4 Brillenpuffer min. 2 Deckelpuffer   Länge: 430 mm Breite: 365 mm Höhe: 45 mm Gewicht: 2,5 kg Farbe: weiß   Liefern und montieren.   gew. Fabrikat: .....................   gew. Typ : .......................   Vom Bieter einzutragen.",0067310000
 WC-Anlage," 1,00 TECEprofil Modul für Wand-WC BH 1120 mm, mit Tece-Spk. 1,00 TECEprofil Modulbefestigung tiefenverstellbar, mit Schnellverschluss 1,00 TECEloop Glas WC-Betätigungsplatte 2-Mengen-Sp., Glas weiß Taste weiß 1,00 ME BY STARCK Wand-Tiefspül-WC spülrandl. inkl. Durafix, weiß 1,00 ME BY STARCK WC-Sitz abnehmbar softclose, Scharniere Edelstahl, weiß 1,00 Schallschutz-Set f. Wand-Klosett u. -Sitzwaschbecken liefern und montieren",2529090000
Waschbecken Sanitärporzellan Einlocharmatur B 600mm Ausladung 470mm Va," Waschtisch aus Sanitärkeramik 470x600x165mm, mit Überlauf, mit Hahnlochbank, Wandhängend, Farbe: Weiß Hochglanz, Ausführung: 1 Hahnlöcher, Wondergliss: Nein Fabr.:   Duravit Typ:   Vero Farbe:   Weiß Art.-Nr.:   0454600000 @11 Textergänzungen des Bieters gewähltes Fabrikat: '..........' @12 Textergänzungen des Bieters Typ: '..........'  Liefern, vom Abladeplatz zum Aufstellungsort transportieren und inkl. erforderlichem Zubehör betriebsfertig montieren.",0454600000
 Badewanne 1700 x 750 mm," Einbauversion, mit einer Rückenschräge, Ablauf im Fußbereich aus 4 mm Sanitäracryl gezogen und durchgefärbt. Innentiefe 400mm. Wannenrandbreite 65mm, an Fußseite 100mm. Wannenrandhöhe 35mm. Abmessungen: Wannenboden 1200x430mm, innen am Wannenrand 1535x620mm. Außen (LxBxH) 1700x750x420mm Nutzinhalt 120 Liter Farbe weiß  Fabrikat / Typ:    DURAVIT / D-Code  Einschl. folgendm Zubehör für Badewanne: - Ab-und Überlaufgarnitur, - Fußgestell, - Schallschutzset",791368000000000
Handwaschbecken rechteckig ca. 450x340 mm," Waschtisch, aus Sanitärporzellan ' '",2310600000
WC-Sitz mit Deckel für Wand-WC," Duravit WC-Sitz D-Code aus Kunststoff mit Absenkautomatik, verlängerte Ausführung, Scharniere edelstahl Bestellnummer: 0062090096 Farbe: 00 Weiss EAN: 4021534569319 Fabrikat/Typ: Duravit/D-Code liefern und montieren",0067390000
Wand-Tiefspül-WC D-Neo Rimless," Wand-Tiefsp ü l-WC - Wei ß Hochglanz, - Sp ü lrandlos, - inkl. Durafix, verdeckte Befestigung aus Metall - Minimaler Sp ü lwasserbedarf von lediglich 4,5 Litern, - komplett glasierter Sp ü lrand: - wandh ä ngende Montage, - offener Sp ü lrand Duravit Rimless ® mit dynamischer Wasserf ü hrung  Abmessungen: Breite : 370 mm Tiefe : 540 mm H ö he: 400 mm  einschl. Sanit ä rsilikon  Fabrikat : Duravit Modell : D-Neo Art-Nr. : 2577092000  komplett liefern und montieren",2577092000
"Wand-Tiefspül-WC weiss, 54 cm"," Wand-Tiefspül-WC sichtbare Befestigung aus Sanitärporzellan DIN-EN33 und DIN-EN997 mit glasiertem Spülrand, mit sichtbarer Befestigung für Unterputzspülkasten mit 45 und 6l Inhalt verdeckter Abgang waagerecht Höhe:  355 mm Breite:  360 mm Tiefe:  540 mm Farbe:  weiß Befestigung an Installationselement mit Gewindestäben M12 x 150, schallgedämmt. Einschließlich dauerelastischer Verfugung zur Wand mit Sanitäracryl. Fabrikat:  VIGOUR Modell:   derby Artikel-Nr.:  DEWWC liefern und montieren",2535090000
 DURAVIT Duraplus Ablage 49 aus Sanitärkeramik, Abmessungen (BxTxH) 490145x60mm,0893500000
"Tiefspül-WC, spülrandlos, 4,5/6l, wandhängend, weiß", vom Bieter einzutragen,2562090000
 WC-Sitz," WC-Sitz mit Deckel und Edelstahlscharnieren, passend zu Tiefspülklosett Duravit D-Code mit Absenkautomatik Farbe:weiß",0067390000
 WC-Sitz mit Deckel, WC-Sitz aus hochwertigem Kunststoff mit Deckel über den Sitz greifend. Verdeckte Scharniere aus Edelstahl.  Weiß. WC-Sitz ohne Absenkautomatik  Fabrikat: Duravit Typ: Philippe Starck 3  Material und Lohn,0063810000
Waschtisch-Einhebelmischer 262 mm Duravit," Waschtisch-Einhebelmischer, ohne Zugstangenablaufgarnitur Fabrikat:		Duravit Typ:			C.1 Artikelnr.:		C11030002 Größe:		262 mm Farbe:		chrom liefern und montieren",C11030002010
 Urinal Sanitärporzellan glasiert Zwangsspülung Fuge verfüllen elast.Dichtstoff Silicon B 5mm," Urinal DIN EN 13407, aus Sanitärporzellan, glasiert, Standardfarbton, mit reversiblem Geruchverschluss, mit aufgelegter Zielmarkierung, Zulauf und Ablauf hinten verdeckt, mit Zwangsspülung durch eingebaute Sensoren und komplettes Steuerungsgerät, Befestigung an Installationselement, mit Schallschutz DIN 4109, einschl. Verfüllen der Fugen, mit elastischem Dichtstoff DIN EN 15651-3, Basis Silicon, Fugenbreite 5 mm, Farbton weiß, Fugenausbildung dreieckig.",2806300000
"Waschtisch, 550 x 440 mm, mit HL, mit ÜL, weiß", vom Bieter einzutragen,2310550000
"Waschtisch, aus Sanitärporzellan, 60cm"," Waschtisch nach DIN 1386, DIN-EN 32 aus Sanitärporzellan, runde Form ohne umlaufenden Rand, Hahnlochbank mit Hahnloch für Einlocharmatur Hahnloch Mitte offen; mit rundem Überlauf Breite:                                600 mm, Ausladung:    460 mm, Gesamthöhe  ca.170 mm einschl. Schallschutz-Set, Farbton: weiß. Befestigung 'an Vorwandelementen'. Befestigung:  Stockschrauben M 10 x 120 einschl. Schallschutz-Set, liefern und montieren: Fabrikat:                            Duravit Modell:                                Darling D-Code Waschtisch 2311600000",2311600000
"Tiefspül-Wand-WC 6l, spülrandlos, normal"," Tiefspül-WC, 4,5/6 l, ohne Spülrand, CE, EN 997 6 AC/5 A, EN 38 aus Sanitärporzellan CE-gekennzeichnet wandhängend, für Wandeinbauspülkasten Maße: ca. 75 mm Bodenfreiheit Breite: ca. 360 mm, Ausladung: ca. 540 mm, Höhe: ca. 355 mm Standardbefestigungshöhe: Oberkante ca. 430 mm Abstand der WC-Sitzbefestigungslöcher ca. 200 mm Befestigung: Gewindestangen M 12 x 150 Zulauf: von hinten Abgang: waagerecht - einschl. Befestigungsmaterial @60 Textergänzungen des Bieters angebotener Hersteller: ................................................... @61 Textergänzungen des Bieters angebotenes Fabrikat:   .................................................... @62 Textergänzungen des Bieters angebotener Produkttyp: ....................................................",2570090000
"Wand-Tiefspül-WC Compact, 350x480 mm",,2211090000
 WC-Ersatz Papierrollenhalter," WC-Ersatz Papierrollenhalter  Verchromt  Incl. alle Klein-, Neben- und Befestigungs- und Dichtungsmaterialien, die zur fachgerechten Montage notwendig sind  Fabrikat : Duravit Typ  : My Style oder glw.  gewähltes Fabriat: ...................................... gewählter Typ: ......................................  komplett liefern und fachgerecht betriebsfertig montieren ",0099151000
 Eventual-Position," Handwaschbeckenanlage Farbe / Oberfläche: alpinweiß / Zubehörteile verchromt bestehend aus Handwaschbecken Fabrikat: Duravit Typ: Starck 3 500 x 260 mm Nr. 075150.00  Eingriff-Einlochbatterie mit Excenterablaufgarnitur Fabrikat: Hans Grohe Typ: Talis S Nr. 32020000  sowie Eckventile, Geruchverschluß, Dichtungs- und Befestigungsmaterial",0751500000
"Tiefspül-Wand-WC 6l, spülrandlos, normal"," Tiefspül-WC, 4,5/6 l, ohne Spülrand, CE, EN 997 6 AC/5 A, EN 38 aus Sanitärporzellan CE-gekennzeichnet wandhängend, für Wandeinbauspülkasten Maße: ca. 75 mm Bodenfreiheit Breite: ca. 360 mm, Ausladung: ca. 540 mm, Höhe: ca. 355 mm Standardbefestigungshöhe: Oberkante ca. 430 mm Abstand der WC-Sitzbefestigungslöcher ca. 200 mm Befestigung: Gewindestangen M 12 x 150 Zulauf: von hinten Abgang: waagerecht - einschl. Befestigungsmaterial @60 Textergänzungen des Bieters angebotener Hersteller: ................................................... @61 Textergänzungen des Bieters angebotenes Fabrikat:   .................................................... @62 Textergänzungen des Bieters angebotener Produkttyp: ....................................................",2570090000
Klassenzimmerbecken (600x460) mit Überlauf," Klassenzimmerbecken 600x450, m.HL, m.ÜL, weiß Material: Sanitärkeramik Farbe: weiß Ausführung: mit Überlauf mit Hahnloch Norm: EN 31, EN 14688 Maße (mm) Breite: 600 Tiefe: 455 Höhe: 200 Innenmaße (mm) Breite: 550/430 Tiefe: 280 Gewicht: 20,5 mit Überlauf inkl. Klein- und Befestigungsmaterial liefern und  montieren",0684600011
" Ablage Duraplus aus Sanitärkeramik 490x145x60mm, weiss"," Ablage Duraplus aus Sanitärkeramik 490x145x60mm, weiss",0893500000
"Duavit-D-Code Wand-Tiefspül-WC 54,5 cm x 35,5"," Du avit-D-Code Wand-Tiefspül-WC 54,5 cm x 35,5 cm, 4,5 I, spülrandlos Farbe: weiß liefern und montieren",2570090000
" Smyle Square Handwaschbecken, 45x36cm"," Smyle Square Handwaschbecken, 45x36cm m. Hl., m. Ül. asym., weiß  Eigenschaften - Unterbaufähig - Überlauf asymmetrisch  Technische Eigenschaften - Hahnloch: mittig - Überlauf: sichtbar - Farbe: weiß - Werkstoff: Sanitärkeramik - B / Breite (cm): 45 cm - H / Höhe (cm): 16 cm - T / Tiefe (cm): 36 cm  Fabrikat: Geberit Typ: Smyle Artikel-Nr.: 500.222.01  oder gleichwertiger Art  Hersteller/Typ  '.........' vom Bieter einzutragen ",0705450000
 Tiefspülklosett Sanitärporzellan hängend 6l," Tiefspül-WC, aus Sanitärporzellan, glasiert, Farbton weiß, mit offenem, glasierten Spülrand, wandhängend, Spülmenge 6 l, Ausladung über 500 bis 600 mm, Abgang waagerecht, Befestigung mit Schrauben, verdeckt, mit Schallschutz DIN 4109, einschl. Verfüllen der Fugen, mit elastischem Dichtstoff, Basis Silicon, Fugenbreite 8 mm, Hersteller/Typ ' Duravit / Me by Starck Art.Nr.: 25280900001' .",25280900001
" WC-Sitz D-Code Scharniere edelstahl, weiss", Duravit WC-Sitz D-Code aus Kunststoff ohne Absenkautomatik Scharniere edelstahl Bestellnummer: 0067310000 Farbe: 00 Weiss EAN: 4021534384769  liefern und montieren ,0067310000
" WC-Sitz ohne Deckel, Scharnierwelle aus V2A "," WC-Sitz ohne Deckel, aus durchgefärbtem Duroplast mit Edelstahlscharnieren. - mit durchgehender Scharnierwelle aus V2A - Scharnierabstand 120 - 170 mm - Belastbarkeit Sitzring 240 kg - mit eingelassenen Scharnieraufnahmen zur   vereinfachten Reinigung  Für Tiefspül-WC für Menschen mit Behinderung, Duravit  Wand-WC Starck 3 Vital, 360x700  Farbe:      weiß  oder gleichwertig  Fabrikat:__________________ Typ:______________________  liefern und montieren   ",0062610000
"Urinal mit Annäherungselektronik, Zulauf von hinten f.Netzanschluss,"," Elektronik-Urinal für Netzanschluss aus Sanitärkeramik mit Zulauf von hinten, absaugend, optional mit Zielpunkt Fliege. Für Siphon Abgang waagerecht. inkl. Komplette Steuerung sowie Befestigung inklusive. Abmessungen(BxTxH)300x340x560mm. Weiß. Ohne Fliege Netzanschluss inkl. Befestigungssystem Material : Sanitärporzellan Gewicht : 17,6 kg Befestigung: Inklusive Befestigungssatz mit Abdeckkappen (weiß) Abmessungen: Breite : 325 mm Tiefe : 300 mm Höhe : 580 mm Zulauf : von hinten Abgang : nach hinten mit Absaugeformstück,  Hersteller: Duravit Typ: Elektronik-Urinal DuraStyle oder gleichwertiges Produkt gew. Hersteller:  gew. Typ:",28043100931
 Waschtisch barrierefrei," Waschtisch barrierefrei 550 x 550 mm aus Sanitärporzellan, weiß mit Überlauf, unterfahrbar, mit Hahnloch, Gewicht: 19,1 kg, einschl. Befestigungssatz Stockschrauben M 10 x 120, einschl. Ablaufgarnitur  komplett liefern und montieren ",0309600000
"Wand-WC, Tiefspüler mit 70 cm Ausladung wandhängend"," Wand-WC, Tiefspüler mit 70 cm Ausladung wandhängend aus Sanitärkeramik, für 6 Liter Spülwasser, EWL Klasse 2, rechteckige Beckenform, vorne übergehend in einen Halbkreis, mit geschlossenem Spülrand und keramischem Spülwasserverteiler, Bodenfreiheit 140/117mm bei Einbauhöhe 480mm, einschl. WC-Sitz gemäß DIN 18040-1 und DIN 18040-2, Abm.: (BxTxH) 360x700x320/355mm, liefern.  Farbe: weiß Abgang: waagerecht  Planungsfabrikat: Duravit oder gleichwertig Typ: Starck 3 Wand-WC Vital  Hersteller/Typ  @01 Textergänzungen des Bieters    vom Bieter einzutragen.",2203090000
WC-Sitz barrierefrei, WC-Sitz barrierefrei aus hochwertigem Kunststoff mit Deckel über den Sitz greifend. Stabile Scharniere mit durchgehender Scharnierwelle aus Edelstahl mit Winkelpuffern gegen seitliches Verrutschen. Weiß. WC-Sitz ohne Absenkautomatik.  Hersteller/Typ:  DURAVIT Dura Style WC-Sitz rimless weiß,0062310000
Tiefspülwand-WC einschl. Sitz," - Wand-WC - Tiefspüler aus Sanitärkeramik ohne Spülrand 360x540x320mm, - für 6 Liter Spülwasser  einschl. geprüfter Schallschutz-Matte (silikonverträglich)  einschl. Form-, Verbindungs-, Dichtungs- und Befestigungsmaterial  - einschl. passenden Sitz zum vorher genannten WC - aus Kunststoff - mit Absenkautomatik - Scharniere Edelstahl - Farbe: weiß  Farbe: weiß  geplantes Fabrikat/Typ: Duravit/Starck 3",2527090000
Urinal," Urinal aus Sanitärkeramik - Wandhängend - Mit Spülrand - Verdeckte Befestigung - Geruchsverschluss verdeckt - mit Befestigungssystem - Zugelassen für Wassersparendes 0,5 Liter Spülvolumen - geschlossene Seitenflächen Technische Eigenschaften - Farbe: weiß - Werkstoff: Sanitärkeramik - Breite: ca. 32,5 cm - Höhe: ca. 58 cm - Tiefe: ca. 30 cm - Zulauf: hinten - Abgang: nach hinten zusätzlicher Lieferumfang - Befestigungsmaterial Fabrikat der Planung: Geberit Renova Plan Urinal mit Infrarotsteuerung Netzversion, Zulauf von hinten, Abgang nach hinten oder gleichwertig.",0051130000
Tiefspül-WC wandhängend," Tiefspül-WC DIN EN 997, aus Sanitärporzellan, glasiert, Farbton weiß, abgerundet, spülrandfrei, wandhängend, Ausladung über 500 bis 600 mm, Abgang waagerecht, Befestigung an Installationselement, einschl. Verfüllen der Fugen, mit elastischem Dichtstoff DIN EN 1565 1-3, Basis Silicon, Fugenbreite 5 mm.",2570090000
Waschtisch 60 x 46 cm," Duravit Waschtisch D-Code aus Sanitärkeramik, 600x460x175mm mit Überlauf, mit Hahnlochbank Bestellnummer: 2310600000 Farbe: 00 Weiss Ausführung: 1 Hahnloch EAN: 4021534344053  einschl. Bemusterung vor Bestellung einschl. Lieferung von Zahnband o. Dämmunterlage einschl. Befestigungsmaterial für Trockenbauwand einschl. Abdichtung mit Sanitärsilikon  Fabrikat/Typ: Duravit/D-Code  liefern und montieren  oder gleichwertig",2310600000
 Urinal," Urinal, Zulauf von hinten, Abgang nach hinten  Abmessungen: Breite : 325 mm Tiefe : 300 mm Höhe : 580 mm EN 13407 CL1 - I - 1C Farbe : weiß(alpin) Material : Sanitärporzellan eckige Form Gewicht : 14,8 kg",0829300000
Duschbadewanne Duravit Shower+Bath 170x75," Duschbadewanne Duravit Shower+Bath 170x75 Ausführung Links oder rechts   Duravit Badewanne mit Tür Nische Shower + Bath aus DuraSolid A 750x1700 x510 mm, Rechteckig, Innenfarbe Weiß, Matt, Aussenfarbe Weiß, Matt, Matt, mit Überlauf, Inkl. Fußgestell, Inkl. Bedienungsanleitung, Inkl. Gestell für Verkleidung, Inkl. Montageanleitung, Inkl. montierte Tür, Inkl. Pflegeanleitung, Inkl. Wannenverkleidung, Inkl. Duschabtrennung Bestellnummer: 700454000000000, Farbe: Weiß Matt, Ausführung: Badewanne mit Tür  liefern, einbringen und montieren",700454000000000
" Vero Waschrinne geschliffen, 1200 mm, zwei Hahnlöcher"," Vero Waschrinne  aus Sanitärkeramik, 1200 mm, aus Sanitärkeramik mit Hahnlochbank mit zwei Hahnlöchern im Abstand von 565mm,  Bestigung inklusive, Unterseite geschliffen für Konsolenmontage, Abmessungen(BxTxH) 1200x470x175mm , Farbe weiss, mit Überlauf und zwei Hahnlöchern  Montagehinweis: Zur Befestigung von Waschtischen ab der Größe 1000 mm werden zwei Befestigungen mit der Artikelnr. #6951000000 benötigt, In Verbindung mit 2 Einhebelmischern empfohlen, In Verbindung mit Kniehebelventil sowie Push-open Ventil bitte Durchflussleistung von max. 7,5 l/min/Armatur nicht überschreiten, Achtung unterschiedliche Montagehöhen, die Montagehöhen müssen der Planung entnommen und mit dem Bauherren vor Ort abgestimmt werden.  Fabrikat der Planung:    Duravit Typ der Planung: Vero Waschtisch, 1200 mm Artikel:    0454120026 oder gleichwertiger Art, Gewähltes Fabrikat: '....................' Gewählter Typ:  '....................'  liefern und betriebsfertig montieren",0454120026
 Waschtischanlage bestehend aus:," Waschtischanlage bestehend aus:  1 Waschtisch Duravit Vero 600 x 470 mm 1 Einhand-Waschtischbatterie Grohe Concetto 1/2""   Ausladung 101 mm, mit Temperaturbegrenzer   mit Zugknopf-Ab- und Überlaufgarnitur 2 Eckventil 1/2"" 1 Röhrengeruchverschluß verchromt 1 1/4""  liefern und montieren",0454600000
" Duravit Klapprost für Ausgussbecken 031348, chrom"," Duravit Klapprost für Ausgussbecken 031348, Bestellnummer: 0050011000 Farbe: 10 Chrom EAN: 4021534279577  liefern und montieren Hersteller/Typ Duravit /   Art. Nr.: 0050011000 oder gleichwertig, Hersteller/Typ' ....................................................' vom Bieter einzutragen.",0050011000
"Wand-WC 4,5 / 6,0 l"," Tiefspül-WC, 4,5/6 l, CE, EN 997 - CL1 - 5/6A - 6C, EN 33 aus Sanitärporzellan, CE-gekennzeichnet, wandhängend, außen eckig, mit glasiertem Spülrand, mit Kunststoffspül-verteiler für gleichbleibendes Spülbild, für Wandeinbauspül- kasten, Farbton/Oberfläche weiss alpin, Größe: Breite: ca. 360 mm, Ausladung: ca. 540 mm, Höhe: ca. 340 mm Spülwasserbedarf in Liter 4,5 / 6,0 Gewicht: ca. 16,2 kg Abstand der WC-Sitzbefestigungslöcher 155 mm Befestigung: Gewindestangen M 12 x 150 Zulauf: von hinten Abgang: waagerecht Befestigung an Registerelement oder Traggerüst, bzw. mit Schrauben direkt an der Wand, einschl. Schallschutzset, Einschl. Befestigungs- und Dichtungsmaterial liefern und montieren.",2535090000
Duravit Behinderten-Tiefspül-WC," Wand-Tiefspül-WC barrierefrei, weiß aus Sanitärkeramik, Spülmenge 6 l, spülrandlos, für Wandeinbauspülkasten Abmessungen:  360x700x320 mm Farbe:  weiß Oberfläche:  WonderGliss Fabrikat:  Duravit Typ:  Starck 3 Vital",22030900001
 Handwaschtisch aus Sanitärkeramik," Handwaschtisch aus Sanitärkeramik, mit Überlauf, mit Hahnlochbank einschl. Befestigung liefern und montieren 1 Fertigbauset DN 32, mit Abdeckplatte, Abgangsbogen und Überwurfmutter, verchromt 2 Eckventil DN 15, mit Rosette, verchromt 1 Ablaufventil DN 32 mit Siebplatte Farbe: weiß Größe: 550 x 440x170 mm  Ausführung wie Hersteller/Type: Duravit / DuraStyle Bestellnummer: 2319550000 EAN: 4021534850981 oder gleichwertiger Art  Angebotener Hersteller/Type:  .......................................... (vom Bieter einzutragen)",2319550000
"Handwaschbecken DuraSquare 450x350x145 mm, weiss"," Produktmerkmale Keramik, die sich durch extrahohe Schlagfestigkeit auszeichnet (DuraCeram®). Inklusive nicht verschließbaren Ablaufventils mit keramischer Abdeckung in Beckenfarbe. Ablaufventil ohne Staufunktion, lässt das Wasser immer ablaufen. Für 1-Loch-Armaturen geeignet, Hahnloch durchgestochen. Besonders leichte Reinigung durch schmutzabweisende Oberfläche (WonderGliss). Geschliffen, daher für die Montage auf Konsolen oder Waschtischunterschränken mit Konsole geeignet Alternativ: ungeschliffen, von unten glassiert, zur Montage ohne Konsole, direkt an Wand Farbe:                                           weiß Außenmaße (BxTxH):                      450x350x145 mm Fabrikat:                                        Duravit Typ:                                               Square Artikelnr.:                                        0732450041",07324500411
 DURAVIT Starck 3 Waschtisch 550x450," Duravit Waschtisch Starck 3 aus Sanitärkeramik, 550x450x190mm mit Überlauf, mit Hahnlochbank Ausführung: 1 Hahnloch  Liefern und montieren  gepl. Fabrikat: Duravit  gepl. Typ:  Starck 3  oder gleichwertig  gew. Fabrikat: ............. gew. Typ : ............. ",0300550000
 Wand-Tiefspül-WC D-Code 54.5x35.5cm NEU weiss Duravit," Wand-Tiefspül-WC D-Code 54.5x35.5cm NEU weiss Duravit  Duravit Wand-WC D-Code Tiefspüler aus Sanitärkeramik 355x545x340mm, für 4,5 Liter Spülwasser Bestellnummer: ............................. Farbe: 00 Weiß  einschl. liefern und montieren  gewähltes Fabrikat:.................................... ..........",0067310099
Zulage Wannenträger 80x80," Wannenträger aus Polystyrol als Zulage für vorstehende Duschwanne, Abmessungen: 80x80x13cm Fabrikat: Duravit Duschwannenträger ",791477000000000
Behinderten-Waschtisch, Behindertenwaschtisch Fabrikat       Duravit Typ       D-Code Farbe          weiß Größe          600x550 inkl. Ab- und Überlaufgarnitur und Waschtisch-Befestigungen,2312600000
"Wand-WC Duravit Starck, mit Spülrand, ohne Wondergliss, inkl. WC Sitz"," Wand-WC Duravit Starck, mit Spülrand, ohne Wondergliss , inkl. WC Sitz Artikelnummer 2528090000 WC Anlage Artikelnummer 0020090000 WC Sitz Tiefspül- Wand WC-Set, Farbe weiß  bestehd aus: -Tiefspül Wand-WC aus Sanitärkeramik - ohne Wonderglis Beschichtung - mit Spülrand - WC-Sitz mit Deckel -mit Absenkautomatik + abnehmbar  inkl. Befestigungsmaterial liefern und montieren",0020090000
 Duravit Wannenanker D-Code (3 Stück)," Duravit Wannenanker D-Code (3 Stück) Wannenanker , zur Befestigung und Unterstützung von D-Code/D-Neo/Duravit No.1 Badewannen und D-Code Duschwannen an der Wand, 3 Stück",790125000000000
 Waschbecken wandhängend Sanitärporzellan Einlocharmatur unterfahrbar B 650-700mm Ausladung 450-500mm," Waschbecken DIN EN 31 (wandhängend), Beckeninnenform rechteckig, aus Sanitärporzellan, Farbton weiß, glasiert, hochglatt, mit Loch für Einlocharmatur, mit Überlauf, an der Vorderseite, für Ablaufventil, unterfahrbar DIN 18040, Breite über 650 bis 700 mm, Ausladung über 450 bis 500 mm, Befestigung an Installationselement, mit Schallschutz DIN 4109, Hersteller/Typ ' Duravit / Starck3' oder gleichwertig, Hersteller/Typ ' ....................................................' vom Bieter einzutragen.",03097000001
Urinal Bill weiß Duravit," Urinal Bill weiß Duravit Duravit Urinal Bill aus Sanitärkeramik, 345x350x500mm Zulauf von hinten, absaugend",0851350000
DU Waschtisch ME by Starck 600 mm," DU Waschtisch ME by Starck 600 mm mit ÜL, mit HLB, 1 HL, weiß Duravit Waschtisch ME by Starck aus Sanitärkeramik, 600x460x180mm mit Überlauf, mit Hahnlochbank Unterseite glasiert Bestellnummer: 2335600000 Farbe: 00 Weiß Ausführung: 1 Hahnloch",2335600000
WC-Sitz mit Deckel," WC-Sitz mit Deckel runder Bauform, passend zum WC-Becken, Scharniere aus Edelstahl, höhenverstellbar, Material Duroplast, Farbe weiß B x T: ca. 36 cm x 47 cm",0020710000
 Poresta-Wannenträger ohne Untertritt, Poresta-Wannenträger ohne Untertritt zum Einbau der vorstehenden Badewannen  Fabrikat:    Duravit Seriennr.    791474000000000 kpl. liefern und montieren,791474000000000
 D-CODE Wand-Tiefspül-WC -Neu- weiß, D-CODE Wand-Tiefspül-WC -Neu- weiß,2535090000
 Waschtischanlage bestehend aus:," Waschtischanlage bestehend aus:  1 Waschtisch Duravit Vero 800 x 470 mm 1 Einhand-Waschtischbatterie Grohe Concetto 1/2""   Ausladung 101 mm, mit Temperaturbegrenzer   mit Zugknopf-Ab- und Überlaufgarnitur 2 Eckventil 1/2"" 1 Röhrengeruchverschluß verchromt 1 1/4""  liefern und montieren",0454800000
" Wand-Tiefspül-WC Happy D.2 54x36,5cm weiß o.Spülrand"," Wand-Tiefspül-WC einschl. Schallschutzset und Befestigungssatz, mit weißem Silikon dauerelastisch versetzen und Anschluss ausfugen Größe:               540x365x335mm Farbe:               weiss Fabrikat:              Duravit Serie:      Wand-WC Happy D.2 Liefern und montieren",2222090000
Urinal aus Sanitärkeramik," Urinal aus Sanit ä rkeramik mit patentierter Duravit Rimless ® Sp ü ltechnologie, optimale Sp ü lwirkung mit 0,5 Liter, Zulauf von hinten, absaugend, f ü r Siphon Abgang waagrecht (verdeckt) Ø 50mm, Befestigung inklusive. Abmessungen(BxTxH) 300x350x580mm mit Zielpunkt Fliege Farbe: 00 weiss Fabrikat:         Duravit Typ:               ME by Starck   oder gleichwertig @61 Textergänzungen des Bieters Angebotenes Fabrikat: .............................  @62 Textergänzungen des Bieters Angebotener  Typ: .............................  Bietereintrag",2809300000
"Handwaschbecken 50x38cm aus Sanitärporzell.,"," Handwaschbecken 50x38cm aus Sanitärporzellan, wandhäng- end, für Montage von Einloch-Mischbatterie zur Montage an Trockenbaugestell.  Mit Befestigungsmaterial und der stabilen Anbringung an der Wand. Farbe: weiss  Fabrikat/Typ: Keramag/ Renova Nr.1    oder gleichw.  Fabrikat/Typ: ...................................",0705450000
"Wand-WC Duravit Starck 3, Spülrandlos, mit Wondergliss, inkl. WC Sitz"," Wand-WC Duravit Starck 3, Spülrandlos, mit Wondergliss inkl. WC Sitz Artikelnummer 452909 WC Anlage Artikelnummer 002009 WC Sitz Tiefspül- Wand WC-Set, Farbe weiß  bestehd aus: -Tiefspül Wand-WC aus Sanitärkeramik - mit Wonderglis Beschichtung - Spülrandlos - WC-Sitz mit Deckel -mit Absenkautomatik + abnehmbar  inkl. Befestigungsmaterial liefern und montieren",45290900A1
Waschtisch barrierefrei," Waschtisch barrierefrei aus Sanit ä rkeramik, 600x545x160mm mit Ü berlauf, mit Hahnlochbank Farbe: 00 weiss Fabrikat:         Duravit Typ:               Starck 3 Vital oder gleichwertig @61 Textergänzungen des Bieters Angebotenes Fabrikat: .............................  @62 Textergänzungen des Bieters Angebotener  Typ: .............................  Bietereintrag",0309600000
" Option : WC - Sitz, Kunststoff -Thermoplast"," Option: WC - Sitz für bodenstehendes WC Ausführung : mit Deckel, aus Thermoplast-Massiv-WC-Sitz                       geprüft nach DIN 19516,                       Scharniere aus Edelstahl, verdeckt                       und Befestigungsschrauben in Edelstahl,                       einschl.Paßhülsen für Schraublöcher, passend                       zum Sitz, einschl. selbstsichernde Muttern aus                       Edelstahl - keine Schnellschlußschrauben !                       mit Befestigungselementen,  Farbton    :     weiß  Fabrikat:............................................ Typ:...................................................  einschl. Demontage , Abtransport , Entsorgung des vorhandenen WC-Sitz mit komplettem Zubehör  liefern und einbauen",0067310000
WC-Sitz mit Deckel für Wand-WC," WC-Sitz mit Deckel, weiss, passend zum vorgenannten WC, mit Edelstahl-Scharnieren. liefern und montieren Fabriakt der Planung: Duravit D-Code @11 Textergänzungen des Bieters angebotenes Fabrikat/Typ: '.........'   (vom Bieter auszufüllen)",45700900A1
Kunststoff-Toilettensitz mit Edelstahlwelle + Deckel WC-H/WC-D," Kunststoff-Toilettensitz, weiß mit Deckel, mit Befestigung mit durchgehender Edelstahlwelle für vorstehend WC-H/WC-D - Personal",0067310000
" WC- Sitz, weiß, mit Absenkautomatik"," WC- Sitz, weiß, mit Absenkautomatik  Scharniere Kunststoff,  Fabrikat :  Duravit Art.-Nr.      0067390000  oder gleichwertig angeb. Fabrikat :'..............................'",0067390000
Tiefspülklosett," Tiefspülklosett aus Sanitärporzellan, ohne Spülrand Spülwasserbedarf 6 Liter, wandhängend, Wasserzulauf von hinten, Farbton weiß einschl. Befestigungssatz, WC-Anschlussgarnitur und Schallschutz-Set. Befestigung an Tragegerüst, einschl. WC-Sitz aus durchgefärbten Duroplast, Ausführung mit Brille und Deckel, mit Absenkautomatik, Scharniere aus Edelstahl, Farbton weiß. Einsatzbereich im Wohnungsbad Fabrikat: Duravit Typ: Serie D-Code liefern und montieren",0067390000
Tiefspül-WC Sanitärporzellan," TA TB Tiefspül-WC DIN EN 997, aus Sanitärporzellan, glasiert, hochglatt, Farbton weiß, abgerundet, wandhängend, Ausladung über 500 bis 600  mm, Befestigung an Installationselement, mit Schallschutz DIN 4109-1, Hersteller und Typ Geberit iCon, Art.Nr. 204000000 oder gleichwertig, vom Bieter einzutragen.",45700900A1
" Waschtisch für Menschen mit Behinderung Duravit, Starck 3 Vital  600 x 545 mm  ","  Waschtisch für Menschen mit Behinderung aus Sanitärkeramik, mit Überlauf aus Sanitärkeramik. Barrierefrei gemäß DIN 18040-1 und DIN 18040-2. Rechteckige Beckenform mit 35mm breitem Rand und tiefer liegender Hahnlochbank für Einlocharmatur Wandanschluss mit Aufkantung 35x40mm als Spritzschutz.  Fabrikat:  Duravit Modell:  Starck 3 Vital  Abmessungen: 600 x 545 x 160mm Farbe:       weiß  liefern und montieren",0309600000
" Urinal, Zulauf von hinten rimless, ohne Fliege, weiss"," Urinal aus Sanitärkeramik, 305x295x575mm Zulauf von hinten, rimless, Farbe: Weiss Ausführung: ohne Fliege, einschl. Befestigungsmaterial, Abdeckkappen, weiß",2809300000
"Tiefspülklosett aus Sanitärkeramik, wandhän-"," Tiefspülklosett aus Sanitärkeramik, wandhän- gend, für Wandeinbau-Spülkasten, spülrandlos, mit allen Dicht- und Befestigungsmaterialien. Ausschreibungsfabrikat:    Duravit Serie:           D-Code Best.-Nr.:       2200090000 Farbe: weiß Ausladung   54 cm einschl. WC-Sitz mit Deckel, Edelstahl-Scharniere mit Absenkautomatik Fabrikat:  Duravit Modell:  D-Code komplett liefern und montieren.",0067390000
 Wand-Tiefspülklosett," Wand-Tiefspülklosett, Fabrikat:Duravit Typ:D-Code Farbe:weiß",2535090000
Duschwanne Starck Slimline 1600x750x 60mm," Duravit Duschwanne Starck Slimline aus 4 mm Sanitäracryl, 1600x750x60mm Rechteck Bestellnummer: 720131000000001 Farbe: 00 Weiss Oberfläche: Antislip EAN: 4021534893025 Einschließlich: Montagesysteme nach Vorgabe des Herstellers, Duschwannen-Antidröhn-Set, Duschwannen-Schalldämmset, Wannen-Anschluss-Schalldämmband WAS 70, DICHTSET FLEX. Ablaufventil verchromt mit Siphon 1 1/4"" ",791369000000000
" wandhängende Tiefspülklosettanlage, Farbe weiß, Spülwassermenge 6 l, ohne Spülrand"," wandhängende Tiefspülklosettanlage, Farbe weiß, Spülwas sermenge 6 l, ohne Spülrand, einschl. WC-Sitz mit Decke l, Farbe weiß, Scharniere Edelstahl, einschl. Schallsch utzset einschl. aller erforderlichen Zubehörteile, Befe stigungs- und Dichtungsmaterialien, liefern und montier en  Fabrikat der Planung: Duravit Typ: Stark 3  oder gleichwertiger Art [TB11Fab: '...' ] [TB12Typ: '...' ]",45270900A1
 WT Behinderten-Waschbeckenanlage Starck 3," Behinderten-Waschbeckenanlage best. aus: 1  Waschbecken aus Kristall-Porzellan  Barrierefrei nach DIN 18024.2 und 18025.1+2  Kniefreiheit 670x300mm bei Montagehöhe 800mm. Rechteckige Beckenform mit 35mm breitem Rand und tiefer liegender Hahnlochbank für Einloch- optional Dreilocharmatur (bei Bestellung angeben).  Wandanschluss mit Aufkantung 35x40mm  als Spritzschutz. Innenbecken(BxT) 470x350mm.     mit Glasur, mit Hahnloch, mittig, mit Überlauf   Größe:   60 (600 x 545 mm)    Farbe:           weiß     wie Fabrikat:        Duravit     Typ:              vital Starck 3  oder gleichwertiger Art,  Hersteller:             ................  Typ:  ................  1 Siebventil DN 32, verchromt  liefern und betriebsfertig montieren",03096000001
 Duravit-Schallschutzset für Duschwannen aus Acryl," Schallschutz-Wannenanker, Schallschutz-Wannenfüße, Bitumenmatten, Wandprofil",791369000000000
"Waschtisch, aus Sanitärporzellan, 60cm"," Waschtisch nach DIN 1386, DIN-EN 32 aus Sanitärporzellan, runde Form ohne umlaufenden Rand, Hahnlochbank mit Hahnloch für Einlocharmatur Hahnloch Mitte offen; mit rundem Überlauf Breite:                                600 mm, Ausladung:    460 mm, Gesamthöhe  ca.170 mm einschl. Schallschutz-Set, Farbton: weiß. Befestigung 'an Vorwandelementen'. Befestigung:  Stockschrauben M 10 x 120 einschl. Schallschutz-Set, liefern und montieren: Fabrikat:                            Duravit Modell:                                Darling D-Code Waschtisch 2311600000",2311600000
 Klosettsitz Kunststoff," WC-Sitz ohne Deckel, aus Kunststoff, Farbton weiß, Ausführung ' geeignet zur behindertengerechten Nutzung, zu vorstehenden Wand-WC'  mit Befestigungselementen, aus nichtrostendem Stahl, Werkstoff-Nr 1.4301, poliert.",0062610000
" Tiefspül-Wand-WC 6l, weiß"," Tiefspülklosett wandhängend,  Tiefspül-WC 6 l wandhängend Sanitärkeramik  mit innen glasiertem Spülrand und mit keramischem Spülwasserverteiler. Außen glatte geschlossene Form. Bodenfreiheit 60/45mm. Abmessungen(BxTxH)ca. 355x545x355/340mm Farbe weiß, aus Sanitärporzellan, CE-gekennzeichnet für Wandeinbauspülkasten oder Wandeinbaudruckspüler Befestigung: Gewindestangen M 12 x 150 Zulauf: von hinten, Abgang: waagerecht Befestigung:  Gewindestangen M 12 x 150, an Vorwandelement bei Einbauhöhe 400mm",42000900A1
"Wand-WC Tiefspüler, kurz"," Tiefspüler aus Sanitärkeramik  370x480x350mm, rimless,  Durafix für 4,5 Liter Spülwasser  Farbe: 00 Weiss Hersteller:  Duravit Typ:   ME by Starck Compact Artikelnr:  2530090000  Montage einschließlich umlaufender Silikonfuge in Objektfarbe, entsprechend Bemusterung.  liefern und fachgerecht montieren, einschl. aller erforderlichen Hilfsmaterialien und Nebenarbeiten.",2530090000
 Tiefspülklosett Sanitärporzellan hängend 6l," Tiefspül-WC, aus Sanitärporzellan, glasiert, Farbton weiß, mit offenem, glasierten Spülrand, wandhängend, Spülmenge 6 l, Ausladung über 500 bis 600 mm, Abgang waagerecht, Befestigung mit Schrauben, verdeckt, mit Schallschutz DIN 4109, einschl. Verfüllen der Fugen, mit elastischem Dichtstoff, Basis Silicon, Fugenbreite 8 mm, Hersteller/Typ ' Duravit / Me by Starck Art.Nr.: 25280900001' .",25280900001
Urinale für UP Steuerungen ," Urinal für Unterputzsteuerung   Eigenschaften - Ausspülen der Urinalkeramik mit 0,5 l pro Spülung gewährleistet, unter Einhaltung der EN 13407 - Reinigung des Entwässerungssystems ohne Abnehmen der Keramik - Sprühkopf von vorne austauschbar, ohne Abnehmen der Keramik - Geruchsverschlussaufnahme werkzeuglos   Technische Eigenschaften - Farbe: weiß - Kleine Spülmenge Einstellbereich: 0,5 l - Zielmarkierung: nein - Zulauf: hinten   im Lieferumfang enthalten: - Befestigungsmaterial - Urinalgeruchsverschluss mit Absaugfunktion - Ablaufsieb - Ablaufgarnitur - Rückflussverhinderer - Anschlusswinkel 90G R 1/2""   Zusätzlich zu bestellen - UP-Urinalsteuerung   Fabrikat z.BeispielDuravit My Stark oder gleichwertig   Angebotenes Produkt:....................... ",0051130000
"Badewanne, 1,70  x 0,75 m, Acryl"," Einbauwanne aus Sanitäracryl, Ablauf mittig, mit einer Rückenschräge, mit seitlicher Wannenaufkantung, Länge             1700mm Tiefe              750mm F arbe weiß komplett mit Wannen- Ab- und Überlaufgarnitur, Ablauf, verchromt liefern und montieren Fabrikat: Duravit Stark (#700335000000000)",700335000000000
WC-Sitz mit Deckel für Wand-WC," Duravit D-Code WC-Sitz Design by sieger design, aus hochwertigem Kunststoff einschließlich Deckel, Ausführung ohne Absenkautomatik, Scharnieren aus Edelstahl. Weiß.  Fabrikat/Typ: Duravit/D-Code Best.-Nr.: 0067310000  liefern und montieren   oder gleichwertig",0067310000
Ausgussbecken Sanitärkeramik," Ausgussbecken Sanitärkeramik Rechteckige Beckenform mit ca. 35 mm breitem Rand und ca. 100 mm hoch gezogener Rückwand als Spritzschutz, ohne Überlauf. Befestigungspunkte für Montage eines Klapprostes. Einschließlich Befestigungen. Innenbecken (b x t) ca. 410 x 350 mm. Abmessungen (b x t x h) ca. 480 x 425 x 300 (Gesamthöhe) mm. Weiß. Mit Klapprost mit Kantenschutz. Mit Universal-Ablaufventil ohne Stopfen. Mit Ablaufsieb. Mit Befestigungsmaterial. Ausguss in Schüler-WC-Vorräumen. Komplett liefern und montieren.",0050011000
" Einhebelwaschtischmischer, DN 15"," Einhebelwaschtischmischer, DN 15 Fabrikat: DURAVIT Typ C11020001010 Einhebel-Waschtischmischer, Chrom Hochglanz, Keramikmischsystem, Standmontage, Ausladung 113 mm, Flexible Anschlussschläuche 3/8 Zoll DN 15, Normalstrahl, Temperaturbegrenzung einstellbar, Geeignet für Durchlauferhitzer, Anzahl Griffe 1 Farbe:Chrom Hochglanz liefern und montieren",C11020001010
 Ausgussbecken ohne Überlauf," Ausgussbecken ohne Überlauf Ausführung wie Hersteller/Type: Duravit/Starck 3 oder gleichwertige Art Angebotener Hersteller/Type:  ....................................... (vom Bieter einzutragen) aus Sanitärkeramik, rechteckige Beckenform mit 35mm breitem Rand und 100mm hoch gezogener Rückwand als Spritzschutz. Inklusiv Befestigung für Montage ohne Klapprost, einschließlich Befestigungsmaterial. Abmessungen(BxTxH):	 480x425x300mm einschl. Wandanschluß mit dauerelastischem Kitt. Zubehör: Klapprost Nr. 0050011000",0313480000
"Waschtisch, 60x46x17,5cm, weiß, mit Hahnloch, mit Überlauf aus"," Waschtisch, 60x46x17,5cm, weiß, mit Hahnloch, mit Überlauf aus Sanitärkeramik. Großes rechteckiges Becken mit runden Ecken und Hahnlochbank mit Hahnloch für Einlocharmatur. Abmessungen(BxTxH)600x460x175mm. Weiß einschließlich Befestigung und Silikonfuge weiß angebotenes Fabrikat/Typ  @01 Textergänzungen des Bieters    vom Bieter einzutragen. komplett incl. allem systembedingtem Klein- und Montagematerial liefern und montieren.",2310600000
"Urinal mit Annäherungselektronik, Zulauf von hinten f.Netzanschluss,"," Elektronik-Urinal für Netzanschluss aus Sanitärkeramik mit Zulauf von hinten, absaugend, optional mit Zielpunkt Fliege. Für Siphon Abgang waagerecht. inkl. Komplette Steuerung sowie Befestigung inklusive. Abmessungen(BxTxH)300x340x560mm. Weiß. Ohne Fliege Netzanschluss inkl. Befestigungssystem Material : Sanitärporzellan Gewicht : 17,6 kg Befestigung: Inklusive Befestigungssatz mit Abdeckkappen (weiß) Abmessungen: Breite : 325 mm Tiefe : 300 mm Höhe : 580 mm Zulauf : von hinten Abgang : nach hinten mit Absaugeformstück,  Hersteller: Duravit Typ: Elektronik-Urinal DuraStyle oder gleichwertiges Produkt gew. Hersteller:  gew. Typ:",0051120000
 Tiefspül-WC, Duravit Duraplus Wand- Tiefspül-WC Cascade weiß  Art. Nr.: 020609..00  inkl. Schallschutzset einschl. Silikonfugen  komplett liefern und mit allen Anbauteilen betriebsfertig montieren,0192090000
 Wand WC-Keramik," Wand-WC Compact Tiefspüler aus Sanitärkeramik 370x480x350mm, rimless, Durafix für 4,5 Liter Spülwasser Farbe: Innenfarbe Weiß Hochglanz, Aussenfarbe Weiß Seidenmatt, HygieneGlaze Bestellnummer: 2530099000  inkl. Schallschutzsets, zur Körperschallentkopplung zwischen WC und Wand bestehend aus: Schaumstoffplatte, Befestigungshülsen und Abspritzen des WCs zur Wand hin mit Silikon.  Hersteller: Duravit Typ: Wand WC Compact, Me by Starck",2530099000
Duschwanne Starck Slimline 1600x750x 60mm," Duravit Duschwanne Starck Slimline aus 4 mm Sanitäracryl, 1600x750x60mm Rechteck Bestellnummer: 720131000000001 Farbe: 00 Weiss Oberfläche: Antislip EAN: 4021534893025 Einschließlich: Montagesysteme nach Vorgabe des Herstellers, Duschwannen-Antidröhn-Set, Duschwannen-Schalldämmset, Wannen-Anschluss-Schalldämmband WAS 70, DICHTSET FLEX. Ablaufventil verchromt mit Siphon 1 1/4"" ",720130000000001
WC Anlage Rollstuhlgerechte," WC-Anlage liefern und montieren. bestehend aus: WC Duravit Wand-WC DuraStyle Vital 700 mm Art.-N.: 2559090000                                                           1 St WC-Sitz DuraStyle Vital m.Winkelpuffern Scharniere edelstahl weiss Duravit    1 St Betätigungsplatte sensorgesteuert HEWI    Art.-N.: 65051    1 St Funkempfänger HEWI Art.-N.: S50.02.02001                                     1 St HEWI Stützklappgriff Duo, mobil Warm Touch inkl. Montageplatte, Abdeckung Art.-N.: 950.36.13150, 950.50.01440, 950.50.01540    2 St Aufrüstsatz WC-Papierhalter mit WC-Spülauslösung und Funktionstaste (Funk) Art.-N.: 950.50.06290                                                          1 St Bitte alle Maße und baulichen Gegebenheiten im Auftragsfall prüfen!",2559090000
" Klosettsitz mit Deckel, Kunststoff"," Klosettsitz, passend zu vorstehenden Klosetts, mit Deckel, aus Kunststoff, [TA11Ausführung 'schwer, robust' ,] Mit Befestigungselementen aus nichtrostendem Stahl, [TA12Werkstoff-Nr 1.4301, Oberfläche 'poliert' .] Farbton weiß.",0067310000
WC-Sitz Deckel Kunststoff," TA TB WC-Sitz mit Deckel, aus Kunststoff, Farbton weiß, mit Befestigungselementen mit Absenkautomatik, Hersteller und Typ Geberit iCon WC Sitz Art.Nr 500.670.01.1 oder gleichwertig, vom Bieter einzutragen.",0060910000
"KATJA Urinal absaugend Zulauf von hinten, weiß",,0832320000
 Waschtisch Sanitärporzellan," Waschtisch, Anschlußmaße DIN EN 31 und DIN EN 32, aus Sanitärkeramik, für Einlocharmatur, Hahnloch mittig, mit Überlauf, mittig, reduzierte Randhöhe, gerade Wandanbindung/Ablagefläche auf der Hahnlochbank, eckiges Design/Form, Breite in mm 600, Ausladung in mm 480, Höhe in mm 185, Farbton/Oberfläche weiß/glasiert, Befestigung mit Stockschrauben M10 x 120.",2310600000
 Duravit D-Code Papierrollenhalter, Duravit D-Code Papierrollenhalter für Wandmontage Farbe:verchromt,0060390000
 Ringsitz ohne Deckel (Beh.-Ausführung), weiß mit Universalscharnieren aus Edelstahl passend zu vorstehendem Behinderten - Klosett.,0062910000
 Waschtischanlage  55x48 cm," Waschtischanlage  55x48 cm aus Sanitärporzellan, weiß mit Hahnloch, mit Überlauf, Breite: bis 550 mm, Tiefe: bis 480 mm,  einschl. - 1 St. Röhrensyphon 1 1/4"" - 1 St. mess. verchr. Anschlussbogen - 1 Satz Befestigungen für Waschtisch einschließlich - 1 St. Eckventil 1/2"" x 3/8"" mit V+S mit Längenausgleich, selbstdichtend, verchromt unter Hinzulieferung von - Befestigung für WT - aller Dicht- und Kleinteile - notwendiger Anschlussstücke - Schallschutzset  Fabrikat des Bieters:    '....................' Typ des Bieters:     '....................'  Komplett liefern und montieren   ",2310550000
 Waschtischanlage bestehend aus:," Waschtischanlage bestehend aus:  1 Waschtisch Duravit Vero 600 x 470 mm 1 Einhand-Waschtischbatterie Grohe Concetto 1/2""   Ausladung 101 mm, mit Temperaturbegrenzer   mit Zugknopf-Ab- und Überlaufgarnitur 2 Eckventil 1/2"" 1 Röhrengeruchverschluß verchromt 1 1/4""  liefern und montieren",0454600000
WC-Tiefspül-Becken," Duravit Wand-WC D-Code, Tiefspüler aus Sanitärkeramik wandhängend für 4,5 Liter Spülwasser, EWL Klasse 1 mit innen glasiertem Spülra nd und mit keramischem Spülwasserverteiler. Bodenfreiheit 60/45mm bei Einbauhöhe 400mm. Abmessungen(BxTxH): 355x545x355/340mm. Farbe: weiß  einschl. Bemusterung vor Bestellung einschl. Befestigung mit Schrauben und verchromten Abdeckkappen, einschl. Schallschutzset und Anschlussset für Zu- und Ablauf einsch l. Abdichtung mit Sanitärsilikon, weiß  Fabrikat/Typ: Duravit/D-Code Best.-Nr.: 2535090000  liefern und montieren   oder gleichwertig @11 Textergänzungen des Bieters angebotenes Fabrikat: '..........'",0067310000
Waschbecken Sanitärporzellan B 700-800mm Ausladung 450-500mm Fuge verf," Waschbecken, Beckenaußenform rechteckig, aus Sanitärporzellan, Farbton weiß, glasiert, mit Loch für Einlocharmatur, mit Überlauf, fü r Ablaufventil, Breite über 700 bis 800 mm, Ausladung über 450 bis 500 mm, Befestigung an Installationselement, mit Schallschutz DIN  4109-1, einschl. Verfüllen der Fugen, mit elastischem Dichtstoff DIN EN 15651-3, Basis Silicon, Fugenbreite 5 mm.",03428500002
WC-Tiefspül-Becken," als Tiefspül -WC, 6 l, wandhängend nach DIN  1385-6, DIN-EN 38, aus Sanitärkeramik. Einbauhöhe 420 mm, einschl. Schallschutzset und WC-Befestigung, einschl. allem Befestigungs-, Anschluss- und Kleinmaterial. einschl. Abdichtung mit Sanitärsilikon Abmaße: 360x545x370mm  Fabrikat/Typ: Duravit D-Code basic  @11 Textergänzungen des Bieters angebotenes Fabrikat/Typ: '..........' (vom Bieter auszufüllen)",0184090000
 Urinalbecken IS Connect ," Urinalbecken Urinal, EN 13407 aus Sanitärporzellan mit verdeckter Befestigung Zu- und Ablauf verdeckt einschl. Urinalsieb aus Edelstahl Befestigung mittels Befestigungsschrauben an Installationselement bzw. mit Stockschrauben an Mauerwerk, einschl. Wandanschluss mit dauerelastischem Kitt, einschl. Absaugeformstück waagrecht Aussen glatte geschlossene Form vorne hochgezogen FIZZ  Größe Höhe 500 mm Breite 305 mm Ausladung 285 mm  Hersteller/Typ: '....................................................' ",0823360000
Waschtisch 60 x 46 cm," Waschtisch, mit Überlauf aus Sanitärkeramik. Großes rechteckiges Becken mit runden Ecken und Hahnlochbank mit Hahnloch für Einlochar matur. Abmessungen(BxTxH)600x460x175mm. Farbe:  Weiß. Best.Nr. 2310600000.  einschl. Bemusterung vor Bestellung einschl. Lieferung von Zahnband o. Dämmunterlage einschl. Befestigungsmaterial für Trockenbauwand einschl. Abdichtung mit Sanitärsilikon Fabrikat:  Duravit Typ:   D-Code Artikel-Nr.:  2310600000 oder gleichwertig @11 Textergänzungen des Bieters angebotenes Fabrikat/Typ: '..........' (vom Bieter auszufüllen)  liefern und montieren",2310600000
 Einzelwaschtisch 500x470x175 mm," Einzelwaschtisch rechteckig aus Sanitärkeramik mit Überlauf, für Einlocharmatur geeignet, rechteckige Beckenform mit 30 mm breitem Rand, Unterseite geschliffen  Abmessungen (BxLxH)   500x470x175 mm Innenabmessungen (BxL)  470x280 mm Farbe:   Weiß",0454500027
Handwaschbecken wandhängend, Bernstein Handwaschbecken PB2077 Material Mineralguss (Solid Stone) Farbe  Weiß Matt Form  Rechteckig Maße  50 x 30 x 20 cm (B x T x H) Brutto 16 kg    Glatte & porenfreie Oberfläche    Reinigungsfreundliches Material    Vorgebohrtes Armaturenloch    Inkl. Pop-Up in Chrom    Mit integriertem Handtuchhalter    3 vorgebohrte Löcher für die Wandmontage    Mit Befestigungsmaterial oder gleichwertiges Fabrikat @60 Textergänzungen des Bieters Hersteller/Fabrikat: ............................................................ vom Bieter einzutragen,0300500000
 DURAVIT Badewanne Acryl Durastyle 170x75x46cm Rückenschräge links weis s (Alternative zu Position 1)," Duravit Badewanne DuraStyle aus 5 mm Sanitäracryl, 1700x750x480mm Rechteck, Einbauversion mit 1 Rückenschräge links Farbe: 00 Weiß Hersteller: Duravit Typ: 700296000000000 Liefern und montieren",700296000000000
"Waschtisch, 600 x 480 mm, mit HL, mit ÜL, weiß", vom Bieter einzutragen,2310600000
Urinaltrennwand Duravit," Urinaltrennwand Duravit, einschließlich Befestigungskonstruktion, liefern und montieren  Fabrikat/Typ: Duravit/ ............. o. gleichwertig  Fabrikat/Typ: .....................................",8500000000
" Wand-WC, Tiefspüler (Barrierefreie Wohnungen)"," aus Sanitärkeramik 370 x 620 x 345mm, Durafix inklusive für 4,5 Liter Spülwasser  Farbe:   00 Weiss Oberfläche:  Wondergliss Spülrand: Ohne Spülrand  Fabrikat: Duravit Typ:  Wand-WC Tiefspüler Serie   Darling New Nr.:  25440900001  Angebotenes Produkt: '................................. ..................' VOM BIETER AUSZUFÜLLEN!",25440900001
" Waschtisch weiß, für Einlocharmatur, Gr. 450 x 350 mm"," Waschtisch weiß, für Einlocharmatur, Gr. 450 x 350 mm  Hersteller/Typ:    DURAVIT / Sqaure        (Art.-Nr. 072345)                            oder gleichwertig  gewählt.Herst.: '....................................'                           vom Bieter einzutragen  gewählter Typ:  '....................................'                           vom Bieter einzutragen  aus Sanitärporzellan, Farbe Weiß Hochglanz, für Einlocharmatur, mit Überlauf, für Wandmontage, Befestigung am Installationsbock, einschl. Befestigungsmaterial, kompl. mit selbstklebendem Schallschutzband, Schallschutzhülsen, Schallschutzscheiben zur Körperschalldämmung zur akustischen Entkoppelung von sanitären Einrichtungsgegenständen vom Baukörper, liefern und montieren",0732450041
"Wand WC, Tiefspüler, rimless"," Wand-WC Duravit Rimless®, Tiefspüler wandhängend, mit verdeckter Befestigung, spülrandloses WWC mit patentierter Duravit Rimless® Spültechnologie aus Sanitärk eramik für 4,5 Liter Spülwasser, EWL Klasse 1. WC mit rechteckige nach unten konische Beckenform mit schmalen Keramikkante. Option: HygieneGlaze (antibakterielle Keramikglasur auf Zinn-Zink Basis), unter Zugrundelegung der Normen JIS 2801 und BS ISO 22196 mit einen Wirkungsgrad von 99,9%. Bodenfreiheit 45/105mm bei Einbauhöhe 400mm. Abmessungen BxTxH:  370 x 570 x 355/ 295 mm Farbe:  Weiß. inkl. Silkonfuge, WC-Schallschutz-Set und Befestigungsmaterial liefern und nach Herstellerangaben montieren. Fabrikat: Duravit Typ:  ME by Starck",2529099000
 IS Bürstengarnitur IOM aus Glas wandhängend chrom, IS Bürstengarnitur IOM aus Glas wandhängend chrom WC-Bürstengarnitur Serie: IOM Wandhängend Außenmaße (BxTxH): 112x112x372 mm Inklusive Befestigung Form: rund Verdeckte Befestigung Abdeckrosette: rund Mit losem Einsatz Bürstengarnitur aus Glas (wandhängend) inklusive Befestigungssatz. Bürstenbehälter aus Glas. Halterung aus Metall. Bürstenbehälter zur erleichterten Reinigung herausnehmbar. 2verdeckte Befestigungspunkte. Befestigung zur erleichterten Montage über Langlöcher.,2211090000
" Waschtisch 550x450mm, Duravit D-Code, mit Hahnloch, mit Überlauf",,2310550000
 Wand WC-Keramik," Wand-WC Compact Tiefspüler aus Sanitärkeramik 370x480x350mm, rimless, Durafix für 4,5 Liter Spülwasser Farbe: Innenfarbe Weiß Hochglanz, Aussenfarbe Weiß Seidenmatt, HygieneGlaze Bestellnummer: 2530099000  inkl. Schallschutzsets, zur Körperschallentkopplung zwischen WC und Wand bestehend aus: Schaumstoffplatte, Befestigungshülsen und Abspritzen des WCs zur Wand hin mit Silikon.  Hersteller: Duravit Typ: Wand WC Compact, Me by Starck",2530099000
WC Sitz ohne Deckel," WC-Sitz ohne Deckel passend zu angebotenen Flachspül-WC (Beh.-WC) Farbe: weiß mit durchgehender Edelstahlwelle, Scharnier aus Edelstahl, mit verstellbaren Winkelpuffern Einschl. allen notwendigen Zubehör.",0060910000
 DURAVIT - SCOLA-Schulwaschtisch ," DURAVIT - SCOLA-Schulwaschtisch weiss-alpin, aus Feuerton mit Schwammablage und Abstellfläche, mit einem durchschlagbarem Ventilloch ohne Ablaufventil Größe:615x460 mm Becken links, Überlauf rechts oder Becken rechts, Überlauf links, nach Wahl des AG  einschl. Befestigungsmaterial  oder gleichwertig  Angebotenes Fabrikat  Fabrikat:  '........................................'  Typ: '........................................'  liefern und montieren",0685600000
 WC-Sitz mit Deckel für Wand-WC," WC-Sitz aus Duroplast. Scharniere aus Edelstahl. ohne Absenkautomatik.  Farbe: Weiß (Alpin) Außenmaße (BxTxH): 365x430x45 mm Gewicht: 2,5 kg  Hersteller: Ideal Standard Serie: Connect Artikel-Nr.: E712801  liefern und montieren  oder gleichwertig  angebotenes Fabrikat:'..........'",0067310000
"Wand-WC Duravit Starck, mit Spülrand, ohne Wondergliss, inkl. WC Sitz"," Wand-WC Duravit Starck, mit Spülrand, ohne Wondergliss , inkl. WC Sitz Artikelnummer 2528090000 WC Anlage Artikelnummer 0020090000 WC Sitz Tiefspül- Wand WC-Set, Farbe weiß  bestehd aus: -Tiefspül Wand-WC aus Sanitärkeramik - ohne Wonderglis Beschichtung - mit Spülrand - WC-Sitz mit Deckel -mit Absenkautomatik + abnehmbar  inkl. Befestigungsmaterial liefern und montieren",25280900001
"Tiefspül-Wand-WC 70cm, 6 l,wandhängend, barrierefrei"," Wand-WC Tiefspüler, Ausld. 70cm, weiß Wand-WC Tiefspüler, verlängerte Ausladung Verwendungszwecke - Für Druckspüler - Für UP-Spülkästen Eigenschaften - Tiefspül-WC - Barrierefrei - Wandhängend - Verlängerte Ausladung - Mit Spülrand - Typ 1, Vollmenge 6 l, nach EN 997 - Besonders für die Nutzung durch Rollstuhlfahrer geeignet - Entspricht der DIN 18040 - 10 Jahre Nachkaufgarantie Technische Eigenschaften - Werkstoff: Sanitärkeramik - Farbe: weiß - Breite: ca. 35 cm - Höhe: ca. 35 cm - Tiefe: 70 cm - Befestigung WC-Sitz: von oben oder von unten - einschl. Befestigungsmaterial zusätzlicher Lieferumfang - Spülrohr verlängert @60 Textergänzungen des Bieters angebotener Hersteller: ................................................... @61 Textergänzungen des Bieters angebotenes Fabrikat:   .................................................... @62 Textergänzungen des Bieters angebotener Produkttyp: ....................................................",2228090000
" Tiefspülklosett, wandhängend"," Tiefspülklosett, wandhängend, aus Sanitärporzellan, Farbe weiß, Fabrikat: DURAVIT/DURAPLUS Type: COMPACT / 0228009 für 6-Liter Spülmenge zugelassen, oder gleichwertiges Fabrikat:  gewähl. Fabrikat/Type:  __________________________     ",0021610000
"Waschtisch wie vor beschrieben, jedoch Fabrikat/Typ: Duravit D-Neo"," Waschtisch wie vor beschrieben, jedoch Fabrikat/Typ: Duravit D-Neo ",0357600027
 WC-Sitz Starck 3 Vital," WC-Sitzring Starck 3 Vital aus Kunststoff, ohne Absenkautomatik mit Winkelpuffern und durchgehender Scharnierwelle, Scharniere  Edelstahl Farbe:  Weiss E  Fabrikat:  Duravit Serie:    Starck 3 Vital",0062610000
 D-CODE Waschtisch," D-CODE Waschtisch mit 1 Hl., Hlb. u.Ül. 600 x 460 mm, weiß Duravit Waschtisch D-Code aus Sanitärkeramik, 550x430x175mm mit Überlauf, mit Hahnlochbank Bestellnummer: 2310550000 Farbe: 00 Weiß Ausführung: 1 Hahnloch",2310600000
 WC Tiefspül (wandhängend)," WC Tiefspül (wandhängend)Wand-WC, Tiefspül-WC, wandhäng end aus Sanitärkeramik für 4,5 Liter Spülwasser, EWL Kl asse 1, inklusive Durafix für verdeckte Befestigung. Au s Hygienegründen mit geschlossenem Spülrand und keramis chem Spülwasserverteiler sowie seitlich geschlossener F orm. Bodenfreiheit 110/90mm bei Einbauhöhe 400mm. Abmes sungen(BxTxH)360x575x290mm. Weiß 00. Typ: DURAVIT Archi tec Best.-Nr.2546090064   [TB01Fabr.: '' ][TB02Typ: '' ] Lieferung und Montage mit allem systemgebundenem Zube hör",2546090064
" Wand-Tiefspül-WC barrierefrei 355x700 mm, inkl."," Wandtiefspülklosett barrierefrei 355x700x380mm  aus Kristallporzellan. DIN EN 997. DIN EN 18040. Glasierter Spülrand. Für Wandeinbau- Spülkasten mit 6 Liter Inhalt und Wandeinbau-Druckspüler G3/4. Befestigung mit 2 Stockschrauben M12 x 150 mm bei Massiv-Mauerstärke von mind. 120 mm oder Tragegerüst bei schwächeren Wänden. Montage nur in Verbindung mit Spülrohrverlängerung. Norm: DIN EN 997 CL1-6A/5A, DIN EN 33, DIN 18040 Farbe:    Weiss (Alpin) Einlauf:   hinten Aussenmasse (BxTxH): 360x700 mm Fabrikat / Typ:  Duravit VITAL STARCK 3 oder gleichwertiger Art, # liefern und montieren",2203090000
" Urinal aus Sanit#rkeramik 30x34cm Zul. v. hinten, Abg. waag. weiss"," Urinal aus Sanit#rkeramik 30x34cm Zulauf von hinten, 1/2 "" Anschluss Abgang: Siphon innen waagerecht, # 50mm, Keramikfarbe: Wei#, Hochglanz, Design mit Zielpunkt Fliege Abmessungen(BxTxH): 340x300x560mm, Sp#lwirkung mit 1 Liter. Zulauf # Set,f#r Membran als Geruchsverschluss sowie Befestigung. Leitfabrikat: DURAVIT DuraStyle Urinal mit Rimless«, Das angebotenes Fabrikat ist vor Einbau zur Bemusterung vorzustellen.  gew#hltes Fabrikat: ...........................",2806300000
" Toilettenbürstengarnitur Kunststoff, Duravit"," komplett mit Glas-Einsatz, matt, sowie Bürste mit Griff  und Ersatzbürstenkopf schwarz, herausnehmbarer Glaseinsatz für leichtes Reinigen Höhe 130 mm (Höhe inklusive Bürste 350 mm), Abmessung Glaseinsatz 96/96 mm, Ausladung 126 mm verdeckte Befestigung mit korrosionsfreiem Befestigungsmaterial Hersteller/Typ Duravit/Karree",0099571000
" D-CODE Wand-Tiefspül-WC Basic|355 x 560 mm, 6,0 Liter, weiß 038690WE", _,0184090000
" Tiefspül-WC wie vor, jedoch als barrierefreie Ausführung DIN 18040; Ausladung über 650 bis 700 mm;", als barrierefreie Ausführung DIN 18040 Ausladung über 650 bis 700 mm ,0062390000
" Urinal, infrarotgesteuerte Spülauslösung"," Urinal, infrarotgesteuerte SpülauslösungUrinal aus Sani tärkeramik, Zulauf von hinten, rimless, absaugend Farbe : 00 Weiss Ausführung: ohne Fliege inkl. Absaugsiphon, Zulaufgarnitur und Frontplatte Zinkdruckguss Weiß für b erührungslose infrarotgesteuerte Spülauslösung  Fabrika t/Typ: Duravit / My by Starck oder gleichwertig  Fabrik at/Typ des Angebots:  [TB01Fabrikat '' ][TB02Typ '' ] l iefern und montieren",0050040000
" Klassenzimmer-Waschbeckenanlage Fabrikat. Duravit, Modell: SCOLA, Größe 615 x 460 mm  Größe 600 x 480 mm, mit kompl. Zubehör"," Klassenzimmer-Waschbeckenanlage bestehend aus: 1 Waschtisch Größe 615 x 460 mm    Fabrikat. Duravit, Modell: SCOLA    oder gleichwertiger Art,    aus Feuerton, Farbe weiß-alpin,    mit Schwammablage und Abstellfläche,    Becken wahlweise links oder rechts,    mit durchschlagbarem Ventilloch 1 Satz passender WB-Befestigungen 1 verchr. Ablaufventil DN 32    mit Siebplatte und Überlauf,    Schaftlänge 70 mm, 1 verchr. Röhrensifon DN 32    mit verlängertem Tauch- und Wandrohr    sowie großer Rosette, einschl. der    Ablaufverbindung. liefern und montieren",0684600000
Duravit Quadroval Ab- und Überlaufgarnitur," Duravit Ab- und Überlaufgarnitur mit Zulauf Universal aus Kunststoff, Messing, Abgang waagerecht, Sperrwasserhöhe 50 mm, Abflussrohr drehbar, Inkl. Befestigungsmaterial, Inkl. Montageanleitung Bestellnummer: 791249000001000 liefern und einbauen",791246000001000
 Urinalschamwand," Urinal-Trennwand aus Kunststoff, weiß 740 x 440 mm mit stabiler Befestigung und integrierter Abdeckung einschl. Befestigungamaterial  komplett liefern und montieren ",8500000000
"Behinderten-Waschtisch, unterfahrbar"," Waschtisch, unterfahrbar, Hahnloch vorgestochen, mit Überlauf EN 14688 - CL25, EN 31, DIN 18040 Farbe : weiß (alpin) Material : Keralith Gewicht : 19,0 kg Abmessungen außen: Breite : 650 mm Tiefe : 600 mm Höhe : 170 mm Abmessungen Innebecken: Breite : 480 mm Tiefe : 415 mm Höhe : 115 mm Abstand Mitte Ablauf zur Wand : 165 mm Tiefe Hahnlochbank : 120 mm Abstand Mitte Hahnloch zur Wand : 70 mm",2312600000
WC-Sitz mit Deckel," WC-Sitz aus Kunststoff, weiß; Scharniere aus Edelstahl, passend zum Stand-WC-Typ, ohne Absenkautomatik liefern und montieren",0067310000
"Wand-Tiefspül-WC, Standard"," Tiefspül-WC, 4,5/6 l, wandhängend, ca. 540 mm Ausladung, für Wandeinbauspülkasten, spülrandlos, CE-gekennzeichnet, Farbe weiß, Form eckig, Material Sanitärporzellan, Bodenfreiheit ca. 70 mm,  Breite ca. 335 mm, Tiefe 540 mm, einschließlich Schallschutzset zur akustischen Entkopplung vom Baukörper und Befestigungsmaterial.",2570090000
 Schulbecken Sanitärporzellan B bis 600mm Ausladung bis 500mm Fuge verfüllen elast.Dichtstoff Silicon B 5mm," Schulbecken, aus Sanitärporzellan, Standardfarbton, mit Loch für Einlocharmatur, mit Überlauf, mit rechteckigem Innenbecken, mit gesondertem Ablagefach, Seifen- und Schwammablage, Breite bis 600 mm, Ausladung bis 500 mm, Befestigung an Installationselement, mit Schallschutz DIN 4109, einschl. Verfüllen der Fugen, mit elastischem Dichtstoff DIN EN 15651-3, Basis Silicon, Fugenbreite 5 mm, Farbton weiß, Fugenausbildung dreieckig.",0685600000
Ausgussbecken Sanitärporzellan," Ausgussbecken, schockgeprüft, aus Sanitärkeramik, Farbton weiß, wandhängend, mit Spülrand, mit Rückwand, mit Klapprost, chrom, incl. Befestigung. Rechteckige Beckenform mit 35 mm breitem Rand und 100 mm hoch gezogener Rückwand als Spritzschutz. Befestigungspunkte für Montage eines Klapprostes. Einschließlich Befestigungen. Abmessungen ( ca. ): Innenbecken : B 410 x T 350 mm Breite : 480 mm Tiefe:    425 mm Gesamthöhe :  300 mm Fabrikat/Typ der Planung: Duravit, Starck 3 oder gleichwertig Montage im HA- Raum und im Personal-WC OG. @60 Textergänzungen des Bieters Fabrikat: .................... @61 Textergänzungen des Bieters Typ: ....................",0067121000
" D-CODE Wand-Tiefspül-WC spülrandlos|355 x 545 mm, 4,5 Liter, weiß 03869000WE", _,2570090000
Wandtiefspül-WC 550 x 440 mm," Wand-WC Tiefspüler wandhängend. Spülrandloses Wand-WC mit patentierter Spültechnologie aus Sanitärkeramik für 4,5 Liter Spülwasser, EWL Klas se 1. Rechteckige nach unten konische Beckenform mit markanter, schmaler Keramikkante. Flache Deckel-/Sitzkombination. Bodenfreiheit  50/75mm bei Einbauhöhe 400mm. Abmessungen(BxTxH):  370x540x350/325mm Farbe:                                                    Weiß Fabrikat der Planung:  Duravit Typ:                                                       DuraStyle Artikel-Nr.:                        2538090000 Lieferung und Montage einschließlich erforderlichem Zubehör.",2538090000
Wand-Tiefspülklosett," Wand-Tiefspülklosett Montage wandhängend, Abgang Abgang waagerecht Material: Sanitärporzellan Befestigung Befestigung mit 2 Stockschrauben M12x150mm Spülwasserbedarf 6 Liter Farbe: Weiß incl. Schallschutzset, Zu- und Ablaufgarnitur, Dichtungs- und Befestigungsmaterial Größe: 360 x 530 mm Fabrikat/Typ der Planung: Duravit Typ: Duraplus Hornberg oder gleichwertiger Art gewählt",0192090000
"WC-Sitz, Befestigung von oben, mit Absenkautomatik, weiß"," Eigenschaften - WC-Deckel ü berlappend Technische Eigenschaften - Farbe: wei ß - Werkstoff: Duroplast - Gewicht: 2,960 kg - Absenkautomatik: ja - Quick-Release-Scharniere: nein - Befestigung: von oben - Scharnierwerkstoff: Messing verchromt liefern und montieren @61 Textergänzungen des Bieters angebotenes Fabrikat/Typ: ................................",0064190096
SENSOWASH Starck f Plus Compact," SENSOWASH Starck f Plus Compact Dusch-WC#komplett, 378 x 575 mm, weiß HyG Lieferantenartikelnummer: 650000012004320 Dusch-Funktionen ########### #Ausfahrbarer Duscharm zur Reinigung von Anal- und Vaginalbereich, in 5 Stufen positionierbar #Oszillierdusche mit Vor- und Rückbewegungen einstellbar #Duschstrahlstärke in 3 Stufen einstellbar #Anhaltend warmes Wasser mittels Durchlauferhitzer #Temperatur des Duschwassers in 4 Stufen einstellbar #Wassertemperatur: Einstellbereich: 32#40 °C #Duschdauer: 2,5 Minuten #Wasserverbrauch im Duschbetrieb 0,35 # 0,60 Liter pro Minute #Warmluftföhn mit einstellbarer Temperatur #Föhntemperatur: Einstellbereich 40#55 °C Hygiene ###### #Automatische Vor- und Nachreinigung der Düse mit Frischwasser #Antibakterielle Oberfläche, die 99,9 % der Bakterien abtötet (HygieneGlaze) #Spülrandlos, daher keine verborgenen Stellen für Ablagerungen & Verschmutzungen #Innovative Wasserführung für ein perfektes Spülergebnis (Duravit Rimless®) #Spülwasserbedarf: 3 Liter bei kleiner, 4,5 Liter bei großer Spültaste 03261210WE  * Dusch-WC kann auch mit einem anderem Element montiert werde, aber es können nicht alle Funktionen genutzt werden!(z.B. Spülauslösung an der Fernbedienung)",650000012004320
"DURAVIT D-Neo Wand WC, 540 mm"," DURAVIT D-Neo Wand WC, 540 mm  DURAVIT D-Neo, Design by Bertrand Lejoly, Wand WC, 540 mm Weiß Hochglanz, Tiefspüler, Duravit Rimless, 4,5 l / 0 l, Abgang: waagerecht, minimaler Spülwasserbedarf von lediglich 4,5 Litern, mit sichtbarer Befestigung, komplett glasierter Spülrand: glatte Oberfläche verhindert das Ansetzen von Schmutz und Rückständen, wandhängende Montage, 1-Mengen-Spüung (Single-Flush), vollglasierte, sehr glatte Keramik verhindert Keimbildung und Ablagerungen, offener Spülrand Duravit Rimless mit dynamischer Wasserführung: hygienisch einwandfreie Spülergebnisse auch bei kleinen Wassermengen, hygienische Flächenspülung ohne Überspritzen, Tiefspüler: für minimale Geruchsbelästigung, Abmessungen (BxTxHx): 370x540x400 mm  Fabrikat: DURAVIT Typ: D-Neo Artikel-Nr.: 2578090000  oder gleichwertiger Art  Hersteller/Typ: @11 Textergänzungen des Bieters '.........' vom Bieter einzutragen",2578090000
WC-Sitz mit Deckel für Wand-WC," Duravit D-Code WC-Sitz Design by sieger design, aus hochwertigem Kunststoff einschließlich Deckel, Ausführung ohne Absenkautomatik, Scharnieren aus Edelstahl. Weiß.  Fabrikat/Typ: Duravit/D-Code Best.-Nr.: 0067310000  liefern und montieren   oder gleichwertig @11 Textergänzungen des Bieters angebotenes Fabrikat: '..........'",0067310000
 Klosettsitz ohne Deckel Kunststoff," Klosettsitz, ohne Deckel, aus Kunststoff, Vollprofil, Ausführung passend zu behindertengerechtes Tiefspülklosett, Mit Befestigungselementen. Farbton weiß.",0060710000
 Waschbecken wandhängend Sanitärporzellan B 500mm Ausladung 360mm," wie vor, jedoch Abmessungen (BxTxH)500x360x145mm",0710500000
Waschtisch wandhängend Sanitärporzellan B = 1200 mm," Waschtisch, wandhängend, Beckenaußenform eckig, Beckeninnenform eckig, aus Sanitärporzellan, Farbton weiß, mit Loch für Einlocharmat ur, Loch hinten, Loch mittig, mit Überlauf, für Ablaufventil, Befestigung an Installationselement, mit Schallschutz DIN 4109. Maße Waschtisch (BxT) 1200 x 480 mm",0454120000
 Flachspül-WC Sanitärporzellan glasiert abgerundet hängend Ausladung 500-600mm," Flachspül-WC, aus Sanitärporzellan, glasiert, Farbton weiß, abgerundet, mit wasserabweisender Beschichtung, mit offenem, glasierten Spülrand, wandhängend, Spülmenge 6 l, Ausladung über 500 bis 600 mm, Abgang waagerecht, Befestigung mit Schrauben, verdeckt, mit Schallschutz DIN 4109-1, Hersteller und Typ ' Duravit / Starck 3 Wand-WC' oder gleichwertig, Hersteller und Typ ' ....................................................' vom Bieter einzutragen.",22010900001
Tiefspülklosett Sanitärporzellan hängend H bis 450mm Ausladung 650-700," Tiefspül-WC DIN EN 997, als barrierefreie Ausführung DIN 18040, aus Sanitärporzellan, glasiert, Farbton weiß, abgerundet, spülrandfr ei, wandhängend, Spülmenge 6 l, Sonderhöhe, Höhe bis 450 mm, Ausladung über 650 bis 700 mm, Abgang waagerecht, mit WC-Sitz, ohne Dec kel, Befestigung an Installationselement, mit Schallschutz DIN 4109-1, einschl. Verfüllen der Fugen, mit elastischem Dichtstoff DIN EN 15651-3, Basis Silicon, Fugenbreite 5 mm.",0060910000
 Badewanne 170x75 cm mit Wannenträger," Badewanne 170x75 cm mit Wannenträger  wie vor, jedoch  mit einer Rückenschräge Abmaße: 170x75 cm",700100000000000
 wandhängendes Tiefspül-WC 700 mm tief," wandhängende Tiefspüler barrierefrei, für barrierefreie WC-Anlagen, Farbe weiß, Tiefe 700 mm, Breite: 360 mm, einschl. WC-Sitzring mit durchgehender Edelstahl Scharn ierwelle und Schallschutzset, liefern und montieren  Fabrikat der Planung: Duravit Typ: Stark 3 Vital  oder gleichwertiger Art [TB11Fab: '...' ] [TB12Typ: '...' ]",0062610000
 Plan-Waschtisch 550 x 440," Plan Waschtisch Eigenschaften - unterbaufähig - reduzierte Randhöhe - 10 Jahre Nachkaufgarantie - eingebrannte, dauerhafte Spezialglasur mit porenfreier   hydrophiler Oberfläche, zur Flächendesinfektion geeignet - komplett geschlossener Überlaufkanal Technische Eigenschaften - Farbe: weiß - Oberfläche: KeraTect - Werkstoff: Sanitärkeramik - Nettogewicht: 16,500 kg - Hahnloch: mittig - Überlauf: sichtbar - Befestigungspunkte: 2 - B / Breite (cm): 55 cm - H / Höhe (cm): 18 cm - T / Tiefe (cm): 44 cm  einschl. Befestigungsset einschl. Schallschutzset  komplett liefern und montieren ",0300550000
Waschtisch barrierefrei," Waschtisch barrierefrei aus Sanit ä rkeramik, 600x545x160mm mit Ü berlauf, mit Hahnlochbank Farbe: 00 weiss Fabrikat:         Duravit Typ:               Starck 3 Vital oder gleichwertig @61 Textergänzungen des Bieters Angebotenes Fabrikat: .............................  @62 Textergänzungen des Bieters Angebotener  Typ: .............................  Bietereintrag",0309600000
"Urinalbecken, Zulauf von hinten"," Urinalbecken DIN 1390, EN 80 aus Sanitärporzellan Größe: Breite: 360 mm, Tiefe: 370 mm Befestigung: Stein-Schrauben Zulauf: von hinten Ablauf: nach hinten Farbe: weiß (alpin) - einschl. Absaugformstück mit Prüfzeichen PA-I 3043 / PA-I 3173 aus Kunststoff sowie Urinal-Befestigungssatz, verchromt gewähltes Fabrikat: GEBERIT gewählter Typ:  Renova oder gleichwertig @60 Textergänzungen des Bieters Hersteller/Typ .................................................... vom Bieter einzutragen",0829300000
Duschwanne 90x90cm Acryl, liefern und montieren,720102000000000
Beh. Tiefspül-WC D-Code, Tiefspül-WC Behinderte Fabrikat:              Duravit Typ:                     D-Code,2228090000
 WC-Sitz Deckel Kunststoff," WC-Sitz mit Deckel, aus Kunststoff, Farbton weiß, mit Befestigungselementen mit Absenkautomatik, aus nichtrostendem Stahl, Werkstoff-Nr 1.4301, gebürstet.",0063890000
"Duravit D- Code, Wand WC, Tiefspüler, rimless"," Duravit D- Code, Wand WC, Tiefspüler, rimless  rimless, Tiefspüler, EWL Klasse 1  Größe 355 x 545 mm  Spülmenge :4,5 L  Fabrikat :  Duravit Art.-Nr.     2570090000  oder gleichwertig angeb. Fabrikat : @1 Textergänzungen des Bieters '..............................'",2570090000
" Duravit D- Code, Wand WC, Tiefspüler, rimless"," Duravit D- Code, Wand WC, Tiefspüler, rimless  rimless, Tiefspüler, EWL Klasse 1  Größe 355 x 545 mm  Spülmenge :4,5 L  Fabrikat :  Duravit Art.-Nr.     2570090000  oder gleichwertig angeb. Fabrikat :'..............................'",2570090000
"Tiefspülklosett San.Porzellan Set, ohne Absenkautom."," Wand-WC-Set bestehend aus Tiefspüler, wandhängend mit verdeckter Befestigung aus Sanitärkeramik für 4,5 Liter Spülwasser nach EWL Kl asse 1. Abmessungen(BxTxH)355x545x340mm. Weiß. Best.Nr. 253509..00 und WC-Sitz ohne Absenkautomatik. Weiß. Best.Nr.006731 einschl. Schallschutz-Set, Fabrikat: Duravit Modell: D-Code",2535090000
"Tiefspül-WC, barrierefrei"," Wand-Tiefspül-WC barrierefrei, weiß aus Sanitärkeramik, Spülmenge 6 l, spülrandlos, für Wandeinbauspülkasten Abmessungen:  360x700x320 mm Farbe:  weiß Oberfläche:  WonderGliss Fabrikat:  Duravit Typ:  Starck 3 Vital",22030900001
 Möbel-Handwaschbecken Duravit DuraSquare 450 x 350 mm für Einlocharmat ur (4. Alternative zu Position 1)," Möbel-Handwaschbecken Duravit DuraSquare 450 x 350 mm für Einlocharmatur ohne Überlauf weiss aus Sanitärkeramik, mit Hahnlochbank und einem Hahnloch. Schaftventil mit keramischer Ventilabdeckhaube inklusive. Hersteller: Duravit Typ: DuraSquare 0732450041 Liefern und montieren",0732450041
Waschtisch 600 x 550 mm, Waschtisch 600 x 550 mm mit Überlauf aus Sanitärkeramik. Barrierefrei gemäß DIN 18040-1 und DIN 18040-2. Großes rechteckiges Becken mit runden Ecken und Hahnlochbank mit Hahnloch für Einloc harmatur. Einbauhöhe 800mm. Abmessungen(BxTxH)600x550x155/130mm. Farbe Weiß. Best.Nr. 2312600000. Fabrikat der Planung: Duravit Vital (#231260) Typ: 51786001 gewähltes Fabrikat/Typ:......................................... Zeile gew. Fabrikat muss ausgefüllt werden,2312600000
 Duravit D-Code WC-Bürstengarnitur," Duravit D-Code WC-Bürstengarnitur für Wandmontage, Glas matt Farbe:verchromt",0099271000
" Waschtisch 550 x 430 mm, weiß"," Waschtisch aus Sanitärkeramik, 550x430x175mm mit Überlauf, mit Hahnlochbank, Weiss, Ausführung: 1 Hahnloch  einschl. Lieferung von Zahnband o. Dämmunterlage einschl. Befestigung an Vorwandelement oder Armaturen traverse, einschl. Abdichtung mit Sanitärsilikon  liefern und fachgerecht montieren.  Fabrikat der Planung: Duravit - D-Code ",2310550000
 Wand-Tiefsp-WC rimless Vero Air," Duravit Wand-WC Vero Air Tiefspüler aus Sanitärkeramik 370x570mm, rimless, Durafix für 4,5 Liter Spülwasser Farbe: 00 Weiss  Fabrikat : Duravit Modell : Vero Air Art.-Nr.: 2525090000 liefern und montieren",2525090000
"Wand-Tiefspül-WC Duravit, ME-by Stark"," Wand-Tiefspül-WC Duravit, ME-by Stark liefern und einbauen. Duravit Wand-WC ME by Starck Tiefspüler aus Sanitärkeramik 370x570x350mm, rimless, Durafix für 4,5 Liter Spülwasser UWL Klasse 1 Höhe: 370 mm Breite: 350 mm Tiefe: 570 mm Farbe: weiß Fabrikat: Duravit Modell: ME-by Stark Artikel-Nr.: MEBYS370WWCOS",2529090000
 WC-Sitz Kunststoff," WC-Sitz ohne Deckel, aus Kunststoff, Farbton weiß, mit Befestigungselementen, aus nichtrostendem Stahl, Werkstoff-Nr 1.4301, poliert, Hersteller und Typ ' Duravit / Starck 3 Vital 006241.' oder gleichwertig, Hersteller und Typ ' ....................................................' vom Bieter einzutragen.",0062410000
" Wand-Tiefspül-WC barrierefrei 355x700 mm, inkl."," Wandtiefspülklosett barrierefrei 355x700x380mm  aus Kristallporzellan. DIN EN 997. DIN EN 18040. Glasierter Spülrand. Für Wandeinbau- Spülkasten mit 6 Liter Inhalt und Wandeinbau-Druckspüler G3/4. Befestigung mit 2 Stockschrauben M12 x 150 mm bei Massiv-Mauerstärke von mind. 120 mm oder Tragegerüst bei schwächeren Wänden. Montage nur in Verbindung mit Spülrohrverlängerung. Norm: DIN EN 997 CL1-6A/5A, DIN EN 33, DIN 18040 Farbe:    Weiss (Alpin) Einlauf:   hinten Aussenmasse (BxTxH): 360x700 mm Fabrikat / Typ:  Duravit VITAL STARCK 3 oder gleichwertiger Art, # liefern und montieren",0062410000
" Duravit WC-Sitz Starck 3 mit SoftClose Scharniere edelstahl, weiss"," Duravit WC-Sitz Starck 3 aus Kunststoff mit Absenkautomatik SoftClose, abnehmbar Scharniere edelstahl Bestellnummer: 0063890000 Farbe: 00 Weiss EAN: 4021534386190  liefern und montieren",0063890000
Handwaschbecken Sanitärporzellan B 450-500mm Ausladung 450-500mm Fuge,,0704450000
"WC-Deckel, Kunststoff, weiß"," WC-Deckel, Kunststoff, weiß WC-Sitz Kunststoff Scharniere aus Edelstahl mit Absenkautomatik-Funktion Farbe: Weiß passend zum Tiefspül-WC aus Position 9.7 Planungsfabrikat Pagette Angebotenes Fabrikat @60 Textergänzungen des Bieters '....................................................' Komplett liefern und montieren",0063890000
 Wand-WC," Wand-WC Tiefspüler aus Sanitärkeramik 360x540x345mm, rimless, Durafix für 4,5 Liter Spülwasser Bestellnummer: 2527090000 Farbe: 00 Weiss EAN: 4021534984792 Fabrikat: Duravit Serie: Starck 3",45270900A1
"WC-Becken, wandhängend, behindertengerecht",,2559090000
" D-CODE Compact Wand-Tiefspül-WC|350 x 480 mm, 6,0 Liter, weiß 03867WE", _,2211090000
 Waschtisch Sanitärporzellan," Waschtisch nach DIN 18025 T2, DIN-EN 32 und DIN 1386, unterfahrbar, aus Sanitärporzellan, für Einlocharmatur, mit Kunststoff-Wandeinbau-Siphon, einschl. Mauerrahmen und Abdeckplatte aus Edelstahl,', mit Standrohrventil, Breite in mm 640. Ausladung in mm 490. Farbton/Oberfläche weiß, glasiert, Befestigung mit Stockschrauben M10 x 120.",2329650000
 Handwaschbecken 360x270mm," Handwaschbecken, mit Überlauf aus Sanitärkeramik. Rechteckiges Becken mit runden Ecken und Hahnlochbank, mit Hahnloch seitlich rechts oder links für Einlocharmatur. Anschluss nur mit Tassensiphon. Abmessungen(BxTxH)360x270x130mm. Weiß. Hahnloch rechts Best.Nr. 0705360008. Hahnloch links Best.Nr. 0705360009.  Hersteller/Typ: DURAVIT/D-Code  oder gleichwertig  gewählter Hersteller/Typ: ................................ vom Bieter einzutragen",0705360009
 Klassenzimmerbecken als Schulwaschtisch aus Keramik," Klassenzimmerbecken als Schulwaschtisch aus Keramik weiß mit Hahnlochbohrung, und Überlauf, Abmessung 61,5 x 46 cm, Becken links oder rechts, inkl. Befestigungsmaterial, inkl. Schallschutzsett.  Fabrikat  Duravit Typ:  Scola oder gleichwertig  gewähltes Fabr.: '....................................'   vom Bieter einzutragen  gewählter Typ: '.....................................'   vom Bieter einzutragen",0684600011
" Option :Wand-WC - weiß, mit Zubehör , 550 mm"," Option : Wand -  Tiefspül-WC, 6 l nach DIN 1385-6/ DIN EN 38 Ausführung : aus Sanitärkeramik mit Zulauf                      von hinten,                      für WE-Spülkasten,                      Ausladung : 550 mm Farbton/Oberfläche    : weiß / glasiert Befestigung: an Vorwandinstallationselement Zubehör    : Befestigungsteile, Schall-                    schutz-Streifen,  Fabrikat :...................................................... Typ:................................................... ...........  einschl. Demontage, Abtransport , Entsorgung des vorhandenen Spiegels  liefern und einbauen",2535092000
"Wand-WC Duravit Starck 3, mit Spülrand, ohne Wondergliss,"," Wand-WC Duravit Starck 3, mit Spülrand, ohne Wondergliss , inkl. WC Sitz Artikelnummer 252809 WC Anlage Artikelnummer 002009 WC Sitz Tiefspül- Wand WC-Set, Farbe weiß  bestehd aus: -Tiefspül Wand-WC aus Sanitärkeramik - ohne Wonderglis Beschichtung - mit Spülrand - WC-Sitz mit Deckel -mit Absenkautomatik + abnehmbar  inkl. Befestigungsmaterial liefern und montieren",2528090000
 WB - Becken - 600 - Durasquare," Compakt Waschtisch, weiß, mit WonderGliss einschl. Befestigung und Schallschutzset, Abmessungen 60x40 cm Fabr.:   Duravit Type:   Durasquare - 23566000411",23566000411
"Wand-WC, barrierefrei", (gewähltes Fabrikat und Typ sind einzutragen),2559090000
WC-Sitz,,0067310099
"DU Urinal Deckel ME by Starck, weiß"," DU Urinal Deckel ME by Starck, weiß Seidenmatt, Scharn. Edst. m. Absenkautom. X33014SME000",0024090000
Wandurinal aus Sanitärporzellan," Absaug-Urinal aus Sanitärporzellan verdeckter Zulauf von hinten, Ablauf nach hinten, komplett mit: - Einlaufgarnitur 1/2"", - Absauge-Sifon, Abgang hinten, mit   Absaugestutzen 50 mm, - mit Befestigungsmaterial und Wandhängern  Farbe                 : weiß ",0832320000
Waschtisch 60 x 46 cm," Duravit Waschtisch D-Code aus Sanitärkeramik, 600x460x175mm mit Überlauf, mit Hahnlochbank Bestellnummer: 2310600000 Farbe: 00 Weiss Ausführung: 1 Hahnloch EAN: 4021534344053 einschl. Bemusterung vor Bestellung einschl. Lieferung von Zahnband o. Dämmunterlage einschl. Befestigungsmaterial für Trockenbauwand einschl. Abdichtung mit Sanitärsilikon Fabrikat/Typ: Duravit/D-Code liefern und montieren",2310600000
"Urinal, Zulauf von hinten, absaugend, Abgang waagrecht,"," Urinal, Zulauf von hinten, absaugend, Abgang waagrecht, Befestigung inklusive. DURAVIT ME by Starck Urinal Duravit Rimless® Design by Philippe Starck aus Sanitärkeramik, Urinal mit patentierter Duravit Rimless® Spültechnologie, optimale Spülwirkung mit 0,5 Liter, Zulauf von hinten, absaugend, Für Siphon Abgang waagrecht (verdeckt) Ø 50mm, Be festigung inklusive. HygieneGlaze (antibakterielle Keramikglasur auf Zinn-Zink Basis), unter Zugrundelegung der Normen JIS 2801 und BS ISO 22196 mit eine n Wirkungsgrad von 99,9%. Abmessungen(BxTxH) 300x350x580mm. Weiß. Mit HygieneGlaze  Fabrikat: DURAVIT Typ: Rimless  liefern und montieren",2809302000
 Tiefspülklosett Basic Fabrikat: Duravit Typ: D-Code, ,0184090000
Urinal," Urinal aus Sanitärkeramik, optimale Spülwirkung mit 0,5 Liter, Zulauf von hinten, absaugend. Für Siphon Abgang waagrecht (verdeckt) Ø 50mm, Befestigung inklusive. Abmessungen(BxTxH) 300x350x580mm. Farbe: Weiß. Fabrikat/Typ der Planung: Duravit Urinal ME by Starck Dry (2809300000) oder gleichwertiger Art gewählt @61 Textergänzungen des Bieters Fabrikat/Typ: '..................................................'",2809300000
"Möbelwaschtisch, 1030 x 490 mm, ohne hahnloch, mit Überlauf"," Möbelwaschtisch, ohne Hahnloch, mit Überlauf, aus Sanitärporzellan, Farbe weiß. Breite:			1030 mm Tiefe:			490 mm Höhe:			175 mm Hersteller:		Duravit Typ:		ME by Starck Artikel-Nr.:		2336100060",2336100060
Handwaschbecken DuraSquare 450mm," Handwaschbecken DuraSquare 450mm Weiß, o.ÜL, m.HLB, 1 HL",0732450041
WC-Sitz für zuvor beschriebenes WC Starck ME, WC-Sitz für zuvor beschriebenes WC Starck ME,0020090000
"Tiefspül-Wand-WC 4,5 o. 6 l"," Tiefspül-WC, 4,5/ 6 l, CE, EN 997 6 A/C, EN 38 aus Sanitärporzellan, CE-gekennzeichnet, wandhängend, mit glasiertem Spülrand, mit Kunststoffspülverteiler für gleichbleibendes Spülbild für Wandeinbauspülkasten oder Wandeinbaudruckspül er einschl. Hahnverlängerungen, einschl. Klosettsitz mit Deckel - Scharniere Edelstahl und Befestigungsmaterial, Schallschutzset und  Silikonfuge liefern und einbauen. Abstand der WC-Sitzbefestigungslöcher ca. 155 mm. Größe:                      360x540x320mm Befestigung:              Gewindestangen M 12 x 150 Zulauf:                      von hinten Abgang:                    waagerecht Farbe:                       weiß (alpin)",2200090000
Tiefspül-WC Sanitärporzellan glasiert abgerundet hängend Ausladung 500," Tiefspül-WC DIN EN 997, aus Sanitärporzellan, glasiert, Farbton weiß, abgerundet, spülrandfrei, wandhängend, Spülmenge 6 l, Ausladun g über 500 bis 600 mm, Abgang waagerecht, Befestigung mit Schrauben, verdeckt, mit Schallschutz DIN 4109-1, einschl. Verfüllen der F ugen, mit elastischem Dichtstoff DIN EN 15651-3, Basis Silicon, Fugenbreite 5 mm, Farbton weiß, .",2529090000
 WC-Anlage Duravit Starck 3," Komplette WC-Anlage bestehend aus: 1   wandhängendem Tiefspülklosett aus Kristall- Porzellan, incl. verchr. Abschlusskappen, mit Schallschutz-Set, spülrandlos, rimless     Farbe:             weiß     Fabrikat der Planung: DURAVIT     Typ der Planung:        Starck 3     Gewähltes Fabrikat: ......................     Gewählter Typ:  ......................  1  Spezial-Klosettsitz mit Deckel, Farbe weiß, aus Duoplast, mit Scharniere aus Edelstahl, abnehmbar,  mit Absenkautomatik  1 Schallschutz-Set zu Wand-WC  liefern, ins Gebäude tragen und betriebsfertig montieren",45270900A1
 Tiefspül-WC Sanitärporzellan glasiert hängend Ausladung 500-600mm," Tiefspül-WC, aus Sanitärporzellan, glasiert, Farbton weiß, wandhängend, Spülmenge 6 l, Ausladung über 500 bis 600 mm, Abgang waagerecht, Befestigung mit Schrauben, verdeckt, Hersteller/Typ ' Duravit / Starck 3' .",0065001000
 Papierrollenhalter chrom, Duravit Papierrollenhalter Karree Bestellnummer: 0099551000 Farbe: 10 Chrom  liefern und montieren,0099551000
 Wand-Tiefspülklosett Behindertengerecht ," Wand-Tiefspülklosett Behindertengerecht weiss  Incl. alle Klein-, Neben- und Befestigungs- und Dichtungsmaterialien, die zur fachgerechten Montage notwendig sind Fabrikat : Duravit Typ : D-CODE 355x700 oder glw.  gewähltes Fabriat: ..................................... gewählter Typ: ......................................  komplett liefern und fachgerecht betriebsfertig montieren ",2228090000
 Duravit Waschtisch D-Code 60x46cm weiß," Duravit Waschtisch D-Code 60x46cm weiß aus Sanitärkeramik 600x460x175mm mit Überlauf, mit Hahnlochbank Farbe: 00 Weiß Alpin  oder gleichwertig angeb. Fabrikat: '..............................'",2310600000
Waschbecken Sanitärporzellan unterfahrbar B 650-700mm Ausladung 500-55," Waschbecken, Beckenaußenform rechteckig, aus Sanitärporzellan, Farbton weiß, glasiert, hochglatt, mit Loch für Einlocharmatur, ohne Überlauf, für Ablaufventil, unterfahrbar DIN 18040, Breite über 650 bis 700 mm, Ausladung über 500 bis 550 mm, Befestigung an Instal lationselement, mit Schallschutz DIN 4109-1, einschl. Verfüllen der Fugen, mit elastischem Dichtstoff Industrieverband Dichtstoffe I VD-Merkblatt Nr 3-1, Volumenschwund kleiner gleich 10 %, Basis Silicon, Fugenbreite 5 mm, Farbton weiß, @11 Textergänzungen des Auftraggebers Hersteller und Typ ' Duravit/ Duravital' oder gleichwertig, @12 Textergänzungen des Bieters Hersteller und Typ ' ....................................................' vom Bieter einzutragen.",2330650000
Urinal," Urinal ,  DIN  1390,   EN  80 aus Sanitärporzellan, mit Einlaufverbinder, inkl.   1,0   Liter Absaugeformstück mit unsichtbarem , f ixiertem und selbstkalibrierendem Multiparametersensor für kontaktfreie Meßmethode gegenüber dem Abwasser ;  Durchfluss ca.  :    0,25  l / s Einstellbare Spülzeit :    5  sec . Zeitverzögerung bei Nutzung:    ca.   10  Sek.  Stadionbetriebsmodus alle  60  Sek .  bei Dauernutzung,   Selbsterkennende Multinutz ung Voreingestellte Hygienespülung alle  24  Std . , Nachspülung  0,2  Liter zum Füllen des Geruchverschlusses , Mindestgröße  : Breite ca. :         360  mm, Höhe ca. :          610  mm Ausladung ca .:  370  mm Befestigung: verdeckte innenliegende Befestigung mit Abdeckkappen weiß Zulauf: von hinten Abgang: nach hinten Betriebsdruck min. 1bar, max.10bar mit dauerhaft gebrannter,   porenfreier Glasur  Oberflächenrauheitswert nach DIN  4768 - ISO  4287  Ra  =  0,01 µm  mit Urinalsieb E delstahl einschl.  Urinal - Absauggeruchverschluß, aus Kunststoff , für verdeckte Montage,  Abgangsstutzen waagerecht, einschl.  Schallschutzset",0829300000
Urinal, (Gewähltes Fabrikat und Typ ist einzutragen),0847370000
" Wand-WC Tiefspüler, barrierefrei"," Duravit Wand-WC Starck 3 Vital Tiefspüler aus Sanitärkeramik 360x700x320mm, barrierefrei für 6 Liter Spülwasser Bestellnummer: 2203090000 Farbe: 00 Weiß  liefern und montieren",2203090000
" Duravit Starck 3 Wand-WC Vital 700 mm Tiefspüler,barrierefrei,weiß,HYG"," Duravit Wand WC Starck 3 aus Sanitärkeramik 700x370x355mm, Tiefspüler, Spülrand geschlossen, Abgang waagerecht, Wandhängend  Farbe:   weiß hochglanz, Ausführung:   Wand WC  Fabr.:   Duravit Typ:   Starck 3  oder gleichwertig  Fabrikat: ____________________________  Typ: ____________________________ ",0062610000
Tiefspülwand-WC einschl. Sitz," - Wand-WC - Tiefspüler aus Sanitärkeramik ohne Spülrand 360x540x320mm, - für 6 Liter Spülwasser  einschl. geprüfter Schallschutz-Matte (silikonverträglich)  einschl. Form-, Verbindungs-, Dichtungs- und Befestigungsmaterial  - einschl. passenden Sitz zum vorher genannten WC - aus Kunststoff - mit Absenkautomatik - Scharniere Edelstahl - Farbe: weiß  Farbe: weiß  geplantes Fabrikat/Typ: Duravit/Starck 3",45270900A1
 Waschtisch 60 x 46 cm," Duravit Waschtisch D-Code aus Sanitärkeramik, 600x460x175mm mit Überlauf, mit Hahnlochbank Bestellnummer: 2310600000 Farbe: 00 Weiss Ausführung: 1 Hahnloch EAN: 4021534344053  einschl. Bemusterung vor Bestellung einschl. Lieferung von Zahnband o. Dämmunterlage einschl. Befestigungsmaterial für Trockenbauwand einschl. Abdichtung mit Sanitärsilikon  Fabrikat/Typ: Duravit/D-Code  liefern und montieren",2310600000
WC Sitz," Duravit WC-Sitz Starck 3 mit Absenkautomatik Scharniere Edelstahl, für 210409, weiss Duravit WC-Sitz Starck 3 aus Kunststoff mit Absenkautomatik SoftClose, abnehmbar Scharniere Edelstahl, für 210409 Bestellnummer: 0067790000 Farbe: 00 Weiss EAN: 4021534403989 @60 Textergänzungen des Bieters Hersteller/Fabrikat: ............................................................ vom Bieter einzutragen",0067790000
Duschwanne 90 x 180," Duravit Duschwanne Ecke links, Ecke rechts D-Code aus Sanitäracryl 900x1800 x85 mm, Rechteckig, Glänzend, Inkl. Montageanleitung Bestellnummer: 720165000000000",720165000000000
 wie vor / Duravit Starck 3," Leistung wie zuletzt im vollen Wortlaut beschrieben, jedoch  Hersteller: Duravit Typ   Starck 3   einschl. Nebenarbeiten und Befestigungsmaterial",2200090000
Waschtisch 550 x 440 mm," Waschtisch 550 x 440 mm mit Überlauf aus Sanitärkeramik. Rechteckige Beckenform mit vorn abgerundeten Ecken und einer markanten, schmalen Keramikkante. Hahn lochbank mit Hahnloch für Einloch. Abmessungen(BxTxH):  550x440x170mm Farbe:                                                    Weiß Fabrikat der Planung:  Duravit Typ:                                                       DuraStyle Artikel-Nr.:                        2319550000 Lieferung und Montage einschließlich erforderlichem Zubehör.",2319550000
Wand WC," Duravit Wand-WC Starck 3 540 mm Tiefspüler, weiss Duravit Wand-WC Starck 3 Tiefspüler aus Sanitärkeramik 360x540x320mm, für 6 Liter Spülwasser Bestellnummer: 2200090000 Farbe: 00 Weiss EAN: 4021534223037 Hersteller/Fabrikat:     '............................................................' vom Bieter einzutragen",2200090000
" WC-Sitz, Softclose,"," WC-Sitz, Softclose, Edelstahl-Scharnier, weiss   Incl. alle Klein-, Neben- und Befestigungs- und Dichtungsmaterialien, die zur fachgerechten Montage notwendig sind  Fabrikat : Duravit Typ : D-Code oder glw.  gewähltes Fabriat: ...................................... gewählter Typ: ......................................  komplett liefern und fachgerecht betriebsfertig montieren ",0067390000
" Waschtisch 660 mm, behindertengerechte Ausführung"," Waschtisch 660 mm,  nach DIN 1386/DIN EN 32/DIN 18024-2/DIN 18025-2 behindertengerechte Ausführung, unterfahrbar, aus Sanitärporzellan, vollflächig glasiert, geschlossene Oberfläche, Oberfläche leicht reinig- und desinfizierbar, Wandseite plan, Vorderseite konkav geformt, Kanten und Ecken gerundet, Rand griffgünstig ausgebildet (Wulstform) ohne Überlauf, Herstellen Hahnloch, Farbton    weiß Maße B x T    (650-670) x (550-570) mm Waschmuldentiefe   120-160 mm einschl. Standrohrablaufventil, Standrohr sowie Ms verchromter Aufhängehaken (einschl. Montage) für Standrohr, einschl. Unterputzsifon mit Abdeckplatte weiß, einschl. Befestigungsset zur Befestigung am Traggerüst, einschl. und Schallschutzset. einschl. integrierten Seifenspender im Waschbecken, Entnahmehöhe 85 cm Einhandbedienung  Oberkante Waschtisch   800 mm  Nutzung als behindertengerechten Waschtisch in barrierefreier Nasszelle. ",2329650000
Tiefspül-WC," Tiefspül-WC, spülrandlos, 4,5/6 l, wandhängend, 540mm Ausladung CE, EN 997 - CL1 - 5/6A - 6C, EN 33 für Wandeinbauspülkasten oder Wandeinbaudruckspüler CE-gekennzeichnet Abmessungen: Breite : 355 mm Tiefe : 540 mm Farbe : weiß(alpin) Form : eckig Material : Sanitärporzellan Gewicht : 17,8 kg Einschl. Befestigungsmaterial zur schallgedämmten Montage an Montageelement angebotenen Fabrikats. Einschl. allen notwendigem Zubehör passend zu Wand-Tiefspül-WC angebotenen Fabrikats sowie aller Anschlüsse und Einbindungen. Fabrikat der Planung: Geberit Renova Plan oder gleichwertig.",2570090000
 Waschtisch Vital," Waschtisch für Behinderte,  Fabrikat:   DURAVIT  Typ:    Starck 3   Duravit Starck 3 Waschtisch Vital Design by Philippe Starck, mit Überlauf aus Sanitärkeramik.Barrierefrei nach DIN 18040- 1 und DIN 18040-2. Rechteckige Beckenform mit 35 mm breitem Rand und tierferliegender Hahnlochbank für Einlocharmatur. Wandanschuss mit Aufkantung 35x40 mm als Spritzschutz. Innenbecken 470x350 mm. Abmessungen: 700x545x160 mm.  Weiß",0309700000
 DURAVIT Badewanne Acryl Durastyle 170x75x46cm Rückenschräge links weis s (Alternative zu Position 1)," Duravit Badewanne DuraStyle aus 5 mm Sanitäracryl, 1700x750x480mm Rechteck, Einbauversion mit 1 Rückenschräge links Farbe: 00 Weiß Hersteller: Duravit Typ: 700296000000000 Liefern und montieren",700296000000000
" Behinderten Waschtisch, Größe 65 cm, weiß"," Behinderten Waschtisch, Größe 65 cm, weiß aus Sanitärporzellan, unterfahrbar, ohne Überlauf Fabrikat:  DURAVIT Typ: Vital, Starck 3 oder gleichwertig angeboten'..........' (vom Bieter zu ergänzen) einschl. Expressbefestigung liefern und montieren",0309600000
" Tiefspül-WC als Behinderten-WC, wandhängend"," Duravit Wand-WC Starck 3 Vital Tiefspüler aus Sanitärke ramik 360x700x320mm, barrierefrei für 6 Liter Spülwasser Bestellnummer: 22030900001 Farbe: 00 Weiss Oberfläche: WonderGliss Fabrikat: Geberit (Keramag) Typ: Vitalis Artikel-Nr.: 201500000  ,  - einschl. aller Klein-,Dicht- und Befestigungsmaterial ien, beh. WC-Anlage  Duravit WC-Sitz Starck 3 aus Kunststoff ohne Absenkauto matik Scharniere edelstahl Bestellnummer: 0063810000 Farbe: 00 Weiss,  Liefern und montieren.",22030900001
 Waschtisch 600x450x190mm," Waschtisch 600x450x190mm aus Sanitärkeramik mit Überlauf, mit Hahnlochbank Farbe: 00 Weiss Ausführung: 1 Hahnloch Duravit, Starck 3 Art.-Nr. 0300600000",0300600000
Badewanne Ecke links," Badewanne Ecke links, mit nahtloser Verkleidung und Gestell, mit zwei Rückenschrägen. Material: durchgefärbter Mineralguss mit seidenmatter und angenehmer Oberfläche (DuraSolid® A) in weiß. Ablauf (Ø52mm) und Überlauf mittig. Abmessungen. LxBxH:   1850x950x610mm Wannenboden: 1040x485m Innentiefe:  460mm Höhe Wasserstand: 360 mm Nutzinhalt:  252 Liter inkl. Wandprofil zur Schalldämmung, passender Ab- und Überlaufgarnitur Quadroval (chrom), Wannenabdichtband und umlaufender Silkonfuge mit Rundschnur (2 seitig) liefern und nach Herstellerangaben montieren Fabrikat: Duravit Typ:  Luv Badewanne",790126000000000
" Waschtisch 60 x 46 cm, Bäder"," Waschtisch aus Feinfeuerton. Armaturenbank: 1 Hahnloch mittig durchgestochen. Befestigung mit 2 Stockschrauben M10 x 140 mm (K710767). In Bädern.  Norm: DIN EN 14688 CL 10, DIN EN 31 Farbe: Weiß (Alpin) Außenmaße (BxTxH): 600x460x175 mm Innenbecken (BxTxH): 480x280x125 mm Armaturenbank (BxT): 600x120 mm Abstand Mitte Hahnloch / Rückwand: 60 mm Wasserinhalt Innenbecken: 5,5 l Gewicht: 17,5 kg  einschl. Bemusterung vor Bestellung einschl. Lieferung von Zahnband o. Dämmunterlage einschl. Befestigungsmaterial für Trockenbauwand einschl. Abdichtung mit Sanitärsilikon  Hersteller: Ideal Standard Serie: Connect Artikel-Nr.: E714101  liefern und montieren  oder gleichwertig  angebotenes Fabrikat:'..........'",2310600000
 WC-Sitz D-Code mit Deckel weiss Scharniere Edelstahl Duravit , WC-Sitz mit Deckel weiss Scharniere Edelstahl WC-Sitz aus Kunststoff ohne Absenkautomatik zu vorstehenden WC mit Ausladung 700 mm Hersteller/Typ: '........................................',0060310000
Duschwanne Starck Slimline 1600x900x 60mm," Duravit Duschwanne Starck Slimline aus 4 mm Sanitäracryl, 1600x900x60mm Rechteck Bestellnummer: 720131000000001 Farbe: 00 Weiss Oberfläche: Antislip EAN: 4021534893025 Einschließlich: Montagesysteme nach Vorgabe des Herstellers, Duschwannen-Antidröhn-Set, Duschwannen-Schalldämmset, Wannen-Anschluss-Schalldämmband WAS 70, DICHTSET FLEX. Ablaufventil verchromt mit Siphon 1 1/4"" ",790126000000000
 Badewanne 170x75 cm mit Wannenfüßen," Badewanne 170x75 cm mit Wannenfüßen  wie vor, jedoch  ohne Wannenträger",790127000000000
 Tiefspül-WC," Tiefspülklosett, aus Sanitärporzellan, wandhängend Wasserzulauf von hinten Befestigung an WC-Montageelement Farbton: weiß, mit rückwärtigem Abgang (waagerecht) mit Innenverbinder und Dichtungs- manschette, einschl. Anschlußrohr, Ablaufstück und Rosette Maße: 560/355 mm, Gewicht: 15 kg Spülwasserbedarf: 6 Liter einschl. Befestigungsset einschl. Schallschutzset  komplett liefern und montieren  Die erforderlichen Dichtungs-, Befestigungs- und Kleinmaterialien sind in den EP einzurechnen. ",2200090000
 Klosettsitz mit Deckel, Klosettsitz mit Deckel nach DIN 19516 mit Deckel nach DIN 19516 abnehmbar mit Madenschraube gesichert Scharniere Messing verchromt mit Absenkautomatik   ' Fabrika der Planung: Geberit Typ: Renova plan Nr. 1 oder gleichwertig ' ' '  Angebotenes Fabrikat:               ' ...................................................... '                  (vom Bieter einzutragen)  Typ:      ' ...................................................... '                  (vom Bieter einzutragen) ,0067390000
WC-Sitz mit Deckel Erwachsen,,0020710000
 Plan-Handwaschbecken 500 x 300," Plan Handwaschbecken Eigenschaften - unterbaufähig - reduzierte Randhöhe - 10 Jahre Nachkaufgarantie - eingebrannte, dauerhafte Spezialglasur mit porenfreier   hydrophiler Oberfläche, zur Flächendesinfektion geeignet - komplett geschlossener Überlaufkanal Technische Eigenschaften - Farbe: weiß - Oberfläche: KeraTect - Werkstoff: Sanitärkeramik - Nettogewicht: 16,500 kg - Hahnloch: mittig - Überlauf: sichtbar - Befestigungspunkte: 2 - B / Breite (cm): 50 cm - H / Höhe (cm): 16,5 cm - T / Tiefe (cm):  30 cm  einschl. Befestigungsset einschl. Schallschutzset  als Option für Montage im DG komplett liefern und montieren ",0751500000
 Tiefspül-WC Sanitärporzellan glasiert hochglatt abgerundet hängend Ausladung 500-600mm WC-Sitz Fuge verfüllen elast.Dichtstoff Silicon B 5mm," Tiefspül-WC DIN EN 997, aus Sanitärporzellan, glasiert, hochglatt, Standardfarbton, abgerundet, spülrandfrei, wandhängend, Spülmenge 6 l, Ausladung über 500 bis 600 mm, Abgang waagerecht, mit WC-Sitz, Deckel mit Absenkautomatik, Befestigung an Installationselement, mit Schallschutz DIN 4109, einschl. Verfüllen der Fugen, mit elastischem Dichtstoff DIN EN 15651-3, Basis Silicon, Fugenbreite 5 mm, Farbton weiß, Fugenausbildung dreieckig.",45510900A1
" Tiefspül-WC, 4,5/6 l Duravit D-Code"," Tiefspül-WC, 4,5/6 l Duravit D-Code DURAVIT D-Code Wand-WC Design by sieger design, Tiefspüler aus Sanitärkeramik wandhängend für 4,5 Liter Spülwasser mit innen glasiertem Spülrand und mit keramischem Spülwasserverteiler. Bodenfreiheit 60/45mm bei Einbauhöhe 400mm. Abmessungen(BxTxH)355x545x355/340mm. Weiß.     einschl. allen Klein-,Dichtund Befestigungsmaterials   Schallschutzset für Wand-WC zur Montage zwischen Wand-WC und Fliesenspiegel   Liefern und montieren.   gepl. Fabrikat.: Duravit   gepl. Typ: D-Code   oder gleichwertig.     gew. Fabrikat: .....................   gew. Typ : .......................   Vom Bieter einzutragen.",2535090000
"Wand-Tiefspül-WC Compact, 350x480 mm",,2211090000
 WC-Sitz Deckel weiss Scharniere Edelstahl," WC-Sitz aus hochwertigem Kunststoff. Deckel mit Sitz, verdeckte Edelstahl Scharniere, Ausführung ohne Absenkautomatik. Weiß. Passend zu vorangeführtem WC ",0020010000
Klosettsitz mit Deckel," Klosettsitz, zum vorbeschriebenen WC, WC-Sitz aus Duroplast mit übergreifendem Deckel mit höhenverstellbaren Standard L-Scharnieren Scharniere aus Edelstahl, mit einrastbarer, ovaler Unterlegscheibe zur leichteren Montage, Befestigung von unten Leichte Reinigung durch integrierte, leicht erhabene Sitzpuffer Größe: ca. Breite 370 mm, Ausladung: ca. 453 mm Farbton weiß. Gewicht: ca. 2,5 kg Befestigung an Registerelement oder Traggerüst, bzw. mit Schrauben direkt an der Wand, einschl. Schallschutzset, Einschl. Befestigungs- und Dichtungsmaterial liefern und montieren.",0067310000
 Urinale," Duravit Urinale Modell Starck 3 - WN 082725 Zulauf von hinten ohne Spülrand für 1/2"" Anschluß incl. Spüldüse Zulauf-Set, Schaftventil mit keramischer Ventilabdeckhaube # 72 mm, Tassensifon # 32 mm Farbe weiß (Modell ohne Fliege) incl. den Befestigungselementen Maße: B = 245 mm, H = 700 mm, T = 300 mm liefern und montieren  ",0827250000
Waschbecken wandhängend Sanitärporzellan B 550-600mm Ausladung 450-500," Waschbecken DIN EN 31 (wandhängend), aus Sanitärporzellan, Farbton weiß, glasiert, ohne Hahnloch, mit Überlauf, für Ablaufventil, Br eite über 550 bis 600 mm, Ausladung über 450 bis 500 mm, mit Schallschutz DIN 4109-1, @1 Textergänzungen des Auftraggebers Hersteller und Typ 'Duravit / Vero' oder gleichwertig, @2 Textergänzungen des Bieters Hersteller und Typ vom Bieter einzutragen .",2350600060
Klapprost für Ausgussbecken," Klapprost für Ausgussbecken chrom, einschließlich Befestigung an zurvor genannten Ausgussbecken",0050011000
 Behinderten WT EG," Behinderten WT Waschtisch mit Überlauf aus Sanitärkeramik. Barrierefrei gemäß DIN 18040-1 und DIN 18040-2. Großes rechteckiges Becken mit runden Ecken und Hahnlochbank mit Hahnloch für Einlocharmatur. Einbauhöhe 800mm. Abmessungen(BxTxH)600x550x155/130mm.  Befestigung: an Montageelement mit Gewindestangen M10 Farbe:   weiß  Einschließlich Befestigungsmaterial, mit Ablaufventil und Herstellung aller Bohrungen liefern und betriebsfertig montieren.  geplantes Fabrikat:    DURAVIT  geplanter Typ:    D-Code Vital 231260 oder gleichwertiger Art  Gewähltes Fabrikat:  '' (vom Bieter einzutragen)  Gewählter Typ:  '' (vom Bieter einzutragen) liefern und betriebsfertig montieren.",2312600000
" HWB 500 mm, Duravit Vero"," Handwaschbeckenanlage 500 mm, weiß Fabrikat Duravit Typ Vero oder gleichwertig angeboten Fabrikat/Typ:'Duravis Typ Vero' (vom Bieter einzutragen) für 1- und 3 Locharmatur Waschbecken aus Kristallprozellan mit Ab- und Überlauf einschl. Expressbefestigung liefern und montieren",0704450000
Waschtischanlage barrierefrei 600x555mm," aus Sanitärporzellan, weiss, Größe 600 x 555 mm, mit Überlauf, mit Hahnloch, Hahnlochbank, mit Waschtisch-Schallschutzset und Waschtisch-Befestigungs- satz zur Befestigung an TB-Vorwandelement, einschl.allem Zubehör-, Befestigungs- und Kleinmaterial einschl. Abdichtung mit Sanitärsilikon Bestellung erst nach Bemusterung mit Bauherrn! Fabrikat/Typ der Planung: Duravit D-Code @11 Textergänzungen des Bieters angebotenes Fabrikat/Typ: '.........'   (vom Bieter auszufüllen)",2312600000
Ausgussbecken Sanitärporzellan," Ausgussbecken, schockgeprüft, aus Sanitärkeramik, Farbton weiß, wandhängend, mit Spülrand, mit Rückwand, mit Klapprost, chrom, incl. Befestigung. Rechteckige Beckenform mit 35 mm breitem Rand und 100 mm hoch gezogener Rückwand als Spritzschutz. Befestigungspunkte für Montage eines Klapprostes. Einschließlich Befestigungen. Abmessungen ( ca. ): Innenbecken : B 410 x T 350 mm Breite : 480 mm Tiefe:    425 mm Gesamthöhe :  300 mm Fabrikat/Typ der Planung: Duravit, Starck 3 oder gleichwertig @60 Textergänzungen des Bieters Fabrikat: .................... @61 Textergänzungen des Bieters Typ: ....................",0067121000
Waschbecken Sanitärporzellan unterfahrbar B 650-700mm Ausladung 500-," Waschbecken, Beckenaußenform rechteckig, Beckeninnenform rechteckig, aus Sanitärporzellan, Farbton weiß, glasiert, mit Loch für Einl ocharmatur, mit Überlauf, für Ablaufventil, unterfahrbar DIN 18040, Breite über 650 bis 700 mm, Ausladung über 500 bis 550 mm, Befes tigung an Installationselement, mit Schallschutz DIN 4109-1, Ausführung gemäß Einzelbeschreibung,",0309700000
WC-Sitz,,0067310099
 Waschtischanlage bestehend aus:," Waschtischanlage bestehend aus:  1 Waschtisch Duravit Vero 1200 x 470 mm 2 Einhand-Waschtischbatterie Grohe Concetto 1/2""   Ausladung 101 mm, mit Temperaturbegrenzer   mit Zugknopf-Ab- und Überlaufgarnitur 4 Eckventil 1/2"" 2 Röhrengeruchverschluß verchromt 1 1/4""  liefern und montieren",0454120024
 DURAVIT Halbsäule f.Waschtisch ME by Starck Wondergliss Duravit, Duravit Halbsäule ME by Starck aus Sanitärkeramik für 233560000 Hersteller: Duravit Typ: 0858400000 Liefern und montieren,0858400000
"Duravit-D-Code Wand-Tiefspül-WC 54,5cm x 35,5cm,"," Duravit-D-Code Wand-Tiefspül-WC 54,5cm x 35,5cm, 4,5 I, spülrandlos Farbe: weiß liefern und montieren",2570090000
 Reserve-Rollenhalter chrom, Duravit Reserve-Rollenhalter Karree Bestellnummer: 0099561000 Farbe: 10 Chrom  liefern und montieren,0099561000
" Waschtisch 60 cm, weiß, Hahnloch "," Waschtisch 60 cm, weiß, Hahnloch durchstochen, mit Ab-und Überlauf, Geruchverschluss und Ablaufventil verch. Schallschutz-Set  liefern und montieren",2310600000
"Waschtisch WC Behindert 60x55 cm, unterfahrbar"," Rechteckiger Waschtisch nach DIN 14688 , DIN-EN 32 aus Sanitärporzellan Hahnloch Mitte offen; mit rundem Überlauf unterfahrbar Größe:  Breite:ca. 600 mm, Ausladung:ca. 550 mm, Höhe umlaufender Rand: ca. 80 mm Gesamthöhe ca. 160 mm Breite Innenbecken: ca. 520 mm Ausladung Innenbecken: ca. 400 mm Abstand Mitte Ablauf zur Wand: ca. 205 mm Tiefe Hahnlochbank: ca. 125 mm Abstand Mitte Hahnloch zur Wand: ca. 65 mm Gewicht: ca. 19,1 kg Mit leicht nach vorne geneigter Armaturenbank. Aufkantung an der wandbündigen Seite: ca. 16 mm Befestigung: Stockschrauben M 10 x 120 Farbe: weiß (alpin) Fabrikat der Planung: Vigour Typ: CLP60U @60 Textergänzungen des Bieters gewählter Hersteller/Typ: ........................................................................ vom Bieter einzutragen",0309600000
"Waschtisch 500 x 380mm weiss, aus Sanitärporzellan"," Waschtisch 500 x 380mm weiss, aus Sanitärporzellan, Hahnloch Mitte mit Überlauf Breite: 500 mm Ausladung: 380 mm Farbe: weiss  Fabrikat der Planung: Hersteller: KERAMAG Typ: Renova Nr.1 oder gleichwertig angebotenes Fabrikat des Bieters: @11 Textergänzungen des Bieters '.....................................................................'  liefern und montieren",0705450000
"Waschtisch aus Sanitärkeramik, 1200x470x175mm", vom Bieter einzutragen,0454120024
 Urinal," Urinal  Fabrikat:   DURAVIT  Typ:    Starck 3  Duravit Starck 3 Urinal mit Duravit Rimless,Design by PhilippeStarck, aus Sanitärkeramik, Urinal mit Patentierter Duravit Rimless Spültechnologie, optimale Spülwirkung mit 1 Liter. Urinal mit Zulauf von hinten mit Anschluss 1/2"" ohne Spülrand einschließlich Spüldüse. Zulauf-Set, Schaftventil mit keramischer Ventilabdeckhaube 72 mm sowie Tassensiphon und Befestigung. Abmessungen 245x300x700 mm Farbe weiß",0827250000
 Mehrpreis für Sonderbeschichtung," Mehrpreis für Sonderbeschichtung für leichte Reinigung und Schmutzabweisung Herstellerbezeichnung Wondergliss, Keratect oder dergleichen",07044500001
"Wand-WC Tiefspüler, barrierefrei"," Wand-WC Tiefsp ü ler, barrierefrei aus Sanit ä rkeramik 700x370x355mm, Sp ü lrand geschlossen, Abgang waagerecht, Farbe: 00 weiss Fabrikat:         Duravit Typ:               Starck 3 Vital oder gleichwertig @61 Textergänzungen des Bieters Angebotenes Fabrikat: .............................  @62 Textergänzungen des Bieters Angebotener  Typ: .............................  Bietereintrag",2203090000
" D-CODE Wand-Tiefspül-WC Basic|355 x 560 mm, 6,0 Liter, weiß HyG 038691WE", _,0184092000
 Tiefspül-WC Sanitärporzellan glasiert hängend Ausladung 500-600mm," Tiefspül-WC, aus Sanitärporzellan, glasiert, Farbton weiß, wandhängend, Spülmenge 6 l, Ausladung über 500 bis 600 mm, Abgang waagerecht, Befestigung mit Schrauben, verdeckt, Hersteller/Typ ' Duravit / Starck 3' .",2225090000
"Wand-Tiefspül-WC Compact, 350x480 mm",,2211090000
" Waschtisch 600 x 460 mm, weiß"," so wie zuvor beschriebene Position, jedoch:  Breite: 600 mm Tiefe: 460 mm",2310600000
"ME BY STARCK Wand-Tiefspül-WC#370 x 570 mm,"," ME BY STARCK Wand-Tiefspül-WC#370 x 570 mm, 4,5 Liter, verd.Bef., weiß Lieferantenartikelnummer: 2528090000 01382070WE",2528090000
 Urinal Objekt (wandhängend)," Urinal Objekt (wandhängend)1 Urinal, absaugend aus Sani tärkeramik für Deckel ohne optional mit Zielpunkt Flieg e mit verdecktem Zu- und Ablauf. Außen glatte geschloss ene und konische Bauform. Höhe mit aufgeklapptem Deckel 780mm. Außen glatte geschlossene Form. Abgang  waager echt. Zulassung der LGA Würzburg. Einschließlich Befest igung. Abmessungen(BxTxH)320x285x515mm. Weiß. Typ: DURA VIT Starck  oder gleichwertig, angebotenes  [TB01Fabr.: '' ][TB02Typ: '' ] Lieferung und Montage mit allem sys temgebundenem Zubehör",0835320000
Stand-Flachspül-WC," s.w.v., jedoch Stand-Flachspül-WC @11 Textergänzungen des Bieters angebotenes Fabrikat: '..........' liefern und montieren",2109090000
 Schulbecken Sanitärporzellan B bis 600mm Ausladung bis 500mm Fuge verfüllen elast.Dichtstoff Silicon B 5mm," Schulbecken, aus Sanitärporzellan, Standardfarbton, mit Loch für Einlocharmatur, mit Überlauf, mit rechteckigem Innenbecken, mit gesondertem Ablagefach, Seifen- und Schwammablage, Breite bis 600 mm, Ausladung bis 500 mm, Befestigung an Installationselement, mit Schallschutz DIN 4109, einschl. Verfüllen der Fugen, mit elastischem Dichtstoff DIN EN 15651-3, Basis Silicon, Fugenbreite 5 mm, Farbton weiß, Fugenausbildung dreieckig.",0684600000
 Waschtisch B/T in mm 605/500," Waschtisch, aus Feinfeuerton, mit Hahnloch, ohne Überlauf, Breite in mm bis 605. Ausladung bis 500 mm. Farbton/Oberfläche weiß, Befestigung an Installationstragegerüst, ",2311600000
 Waschtisch aus Sanitärporzellen 600 x 460 mm," Waschtisch aus Sanitärporzellen mit Hahnloch /ohne Überlauf Maße: 600 x 460 mm, eckig, für 3-Loch-Armatur geeignet, mittleres Hahnloch durchgestochen, ohne Überlauf, Befestigung mit 2 Stockschrauben M10x120mm, gemäß den Anforderungen der DIN 18040, Farbe: 01 Weiss Alpin  Fabrikat / Typ: Europa  (R+F:3020100040060)  oder gleichwertiger Art  Fabrikat / Typ: .......................................................",2311600000
" WC-Anlage barrierefrei, 70 cm Ausladung"," Komplette WC-Anlage Behinderte bestehend aus: 1   wandhängendem Tiefspülklosett 70 cm, aus    Kristall-Porzellan, incl. verchr. Abschlusskappen,  mit Schallschutz-Set, als Tiefspül-WC  Farbe:             weiß  wie Fabrikat:  Duravit  Typ:         Vital Starck 3  oder gleichwertiger Art,  Hersteller:             '....................'  Typ:   '....................'  1  Spezial-Klosettsitz ohne Deckel, Farbe weiß,  mit Edelstahlscharnieren  Hersteller:             '....................'  Typ:   '....................'  1  Schallschutz-Set zu Wand-WC  1  PE- Spülrohr-Verlängerung für UP-Spülkästen  liefern, ins Gebäude tragen und betriebsfertig montieren",2203090000
 Acrylbadewanne Duravit D-Code 1700x750 mm," DURAVIT D-Code Badewanne, Design by sieger design, mit einer Rückenschräge. Einbauversion aus 4 mm Sanitäracryl gezogen und durchgefärbt, mit Fußgestell oder Wannenträger (LxBxH) 1670x720x535/540mm. Innentiefe 400 mm. Wannenrandbreite 65mm, an Fußseite 100mm. Wannenrandhöhe 35mm. Abmessungen Wannenboden 1270x520mm, innen am Wannenrand 1535mmx620mm. Ablauf #52mm und Überlauf an Fußseite. Abmessungen(LxBxH) 1700x750x420 mm. Nutzinhalt 120 Liter. Weiß. Hersteller: Duravit Typ: D-Code 70010000000000 Liefern und montieren",700100000000000
 Keramag Tiefspül," Keramag Tiefspül-WC Renova Nr. 1 203040 4,5/6l, wandhängend CE, EN 997 und EN 38540 mm Ausladung für WE-Kasten oder Wandeinbau-Druckspüler Kombinierbar mit WC-Sitz mit Deckel 4,5/6 l, 2535090000",2535090000
 WT Behinderten-Waschbeckenanlage Starck 3," Behinderten-Waschbeckenanlage best. aus: 1  Waschbecken aus Kristall-Porzellan  Barrierefrei nach DIN 18024.2 und 18025.1+2  Kniefreiheit 670x300mm bei Montagehöhe 800mm. Rechteckige Beckenform mit 35mm breitem Rand und tiefer liegender Hahnlochbank für Einloch- optional Dreilocharmatur (bei Bestellung angeben).  Wandanschluss mit Aufkantung 35x40mm  als Spritzschutz. Innenbecken(BxT) 470x350mm.     mit Glasur, mit Hahnloch, mittig, mit Überlauf   Größe:   60 (600 x 545 mm)    Farbe:           weiß     wie Fabrikat:        Duravit     Typ:              vital Starck 3  oder gleichwertig  1 Siebventil DN 32, verchromt  liefern und betriebsfertig montieren",03096000001
 Ausgussbecken Sanitärporzellan glasiert hängend B 400-450mm Ausladung 300-350mm Fuge verfüllen elast.Dichtstoff Silicon B 5mm," Ausgussbecken, aus Sanitärporzellan, glasiert, Standardfarbton, wandhängend, mit Rückwand, mit Klapprost aus Kunststoff, Befestigung an Installationselement, Breite über 400 bis 450 mm, Ausladung über 300 bis 350 mm, mit Schallschutz DIN 4109, einschl. Verfüllen der Fugen, mit elastischem Dichtstoff DIN EN 15651-3, Basis Silicon, Fugenbreite 5 mm, Farbton weiß, Fugenausbildung dreieckig.",0313480000
 WC-Sitz mit Deckel (Barrierefreie Wohnungen)," WC-Sitz mit Deckel, mit Absenkautomatik, Scharniere aus Edelstahl Farbton/Oberfläche weiß.  Fabrikat: Duravit Serie   Darling New Nr.:  0063390000    Angebotenes Produkt: '................................. ..................' VOM BIETER AUSZUFÜLLEN!",0063390000
 WT Behinderten-Waschbeckenanlage Starck 3," Behinderten-Waschbeckenanlage best. aus: 1  Waschbecken aus Kristall-Porzellan  Barrierefrei nach DIN 18024.2 und 18025.1+2  Kniefreiheit 670x300mm bei Montagehöhe 800mm. Rechteckige Beckenform mit 35mm breitem Rand und tiefer liegender Hahnlochbank für Einloch- optional Dreilocharmatur (bei Bestellung angeben).  Wandanschluss mit Aufkantung 35x40mm  als Spritzschutz. Innenbecken(BxT) 470x350mm.     mit Glasur, mit Hahnloch, mittig, mit Überlauf   Größe:   60 (600 x 545 mm)    Farbe:           weiß     wie Fabrikat:        Duravit     Typ:              vital Starck 3  oder gleichwertiger Art,  Hersteller:             ................  Typ:  ................  1 Siebventil DN 32, verchromt  liefern und betriebsfertig montieren",03096000001
" Doppelwaschtisch, Duravit/ Durastyle "," Duravit Möbel-Doppelwaschtisch DuraStyle aus Sanitärkeramik, 1300x480x170mm mit Überlauf, mit Hahnlochbank, Oberfläche: WonderGliss  Fabrikat:   Duravit  Typ:   DuraStyle  Art.-Nr.:   23381300001  Abmessungen:  1300 x 480 mm  Höhe:   170 mm  Oberfläche:  WonderGliss inkl. Verfüllen der Fugen, mit elastischen Dichtstoff nach DIN EN 15651-3; Basis Silicon; Fugenbreite 7 mm; Fugenausbildung dreieckig, Farbton weiß bzw. hellgrau, einschl.:  - Befestigungsschrauben und Dübel,  - Schallschutz-Set für Waschtisch  - Sifon, verchromt, DN 32, R 1 1/4"" kompl. liefern und betriebsfertig montieren.  Angebotenes Fabrikat/Typ:.......................................... /..........................................",23381300001
WT Behinderten-Waschbeckenanlage Starck 3," Behinderten-Waschbeckenanlage best. aus: 1  Waschbecken aus Kristall-Porzellan  Barrierefrei nach DIN 18024.2 und 18025.1+2  Kniefreiheit 670x300mm bei Montagehöhe 800mm.  Rechteckige Beckenform mit 35mm breitem Rand und  tiefer liegender Hahnlochbank für Einloch- optional  Dreilocharmatur (bei Bestellung angeben).  Wandanschluss mit Aufkantung 35x40mm  als Spritzschutz. Innenbecken(BxT) 470x350mm.   mit Glasur, mit Hahnloch, mittig, mit Überlauf    Größe:   60 (600 x 545 mm)   Farbe:  weiß   wie Fabrikat:  Duravit   Typ:   vital Starck 3  oder gleichwertiger Art,  Hersteller:  '....................'  Typ:   '....................' 1  Siebventil DN 32, verchromt liefern und betriebsfertig montieren",0309600000
" Wand-WC Tiefspüler aus Sanitärkeramik 360x545x370mm,"," Wand-WC Tiefspüler aus Sanitärkeramik 360x545x370mm, für 6 Liter Spülwasser Farbe: 00 Weiss   Fabrikat: Duravit Typ: D-Code basic Bestellnummer: 0184090000 EAN: 4021534063954  oder gleichwertiger Art  Fabrikat: '.........' Typ '.........'  liefern und montieren.",0184090000
WC-Sitz mit Deckel Erwachsen,,0020710000
 WC-Sitz Duravit, WC-Sitz mit Deckel Fabrikat:Duravit Typ:Starck 3 Artikelnr.:006381 Farbe:weiß liefern und montieren,0063810000
" WC-Sitzring aus Kunststoff, ohne Absenkautomatik, weiß"," WC-Sitzring aus Kunststoff, ohne Absenkautomatik, weiß verlängerte Ausführung Scharniere edelstahl Farbe: Weiß (Alpin)  passend zum obengenannten WC (barrierefrei)  liefern und nach Herstellerangaben montieren.",0060710000
 Einbauwaschbecken Sanitärporzellan B 500-550mm Ausladung 450-500mm Fuge verfüllen elast.Dichtstoff Silicon B 10mm ," Einbauwaschbecken, Beckeninnenform rechteckig, aus Sanitärporzellan, Farbton weiß, glasiert, mit Armaturenbank, in vorh. Ausschnitt von oben einbauen, mit Überlauf, für Ablaufventil, Breite über 500 bis 550 mm, Ausladung über 450 bis 500 mm, mit Schallschutz DIN 4109, einschl. Verfüllen der Fugen, mit elastischem Dichtstoff DIN EN 15651-3, Basis Silicon, Fugenbreite 10 mm, Hersteller/Typ 'Duravit/Vero 550mm'. ",0315550000
 Renova WWC Tiefspüler," Renova Wand-WC Tiefspüler, weiß  Verwendungszwecke - Für Druckspüler - Für UP-Spülkästen  Eigenschaften - Tiefspül-WC - Wandhängend - Mit Spülrand - Typ 1, Vollmenge 6 / 5 l, nach EN 997 - Bodenfreiheit 7 cm - Für 4,5 l Spülbetrieb geeignet - 10 Jahre Nachkaufgarantie  Technische Eigenschaften - Werkstoff: Sanitärkeramik - B / Breite (cm): 35.5 cm - H / Höhe (cm): 34 cm - T / Tiefe (cm): 54 cm  Fabrikat: Geberit Typ: Renova Artikel-Nr.: 203040000  oder gleichwertiger Art  Hersteller/Typ  '.........' vom Bieter einzutragen ",2535090000
 Stonetto Duschwanne," Stonetto Duschwanne Art.-Nr. 720145 Rechteck, DuraSolid# Q, 50 mm Design by EOOS Varianten Duschwanne 720145380000000 Farbe weiss  inklusive Zubehör: - Schalungsholfe - Schallschutzset - Abdichtset - Duschwannenträger - Duschwannenablauf  liefern und montieren",791100000000000
"Duravit Waschtisch D-Code aus Sanitärkeramik,"," Duravit Waschtisch D-Code aus Sanitärkeramik,  Abmessung  550x430x175mm mit Überlauf, mit Hahnlochbank  Farbe: 00 Weiss Ausführung: 1 Hahnloch   Fabrikat  :        Duravit Artikelnummer: 2310550000  oder gleichwertig angeb. Fabrikat : @1 Textergänzungen des Bieters '..............................'",2310550000
Duschbadewanne Duravit Shower+Bath 170x75," Duschbadewanne Duravit Shower+Bath 170x75 Ausführung Links oder rechts   Duravit Badewanne mit Tür Nische Shower + Bath aus DuraSolid A 750x1700 x510 mm, Rechteckig, Innenfarbe Weiß, Matt, Aussenfarbe Weiß, Matt, Matt, mit Überlauf, Inkl. Fußgestell, Inkl. Bedienungsanleitung, Inkl. Gestell für Verkleidung, Inkl. Montageanleitung, Inkl. montierte Tür, Inkl. Pflegeanleitung, Inkl. Wannenverkleidung, Inkl. Duschabtrennung Bestellnummer: 700454000000000, Farbe: Weiß Matt, Ausführung: Badewanne mit Tür  liefern, einbringen und montieren",700454000000000
" Aufsatzbecken aus Sanitärkeramik, Breite 600 mm, rechteckig"," B/T Innenbecken 550x315mm, Abmessungen außen (B/T/H) 600x470x165mm",2352600000
"Tiefspülklosett-Kombination,"," Tiefspülklosett-Kombination, ohne Spülrand, wandhängend, aus Sanitärporzellan, Abgang waagerecht, Farbe weiß, einschließlich Befestigung, einschließlich Schallschutzunterlagen, Fabrikat: Keramag Typ:        Renova Nr.1 (Mod. 203050) oder gleichwertig, @11 Textergänzungen des Bieters gewähltes Fabrikat: komplett liefern und fachgerecht montieren, unter Hinzulieferung aller notwendigen Materialien so- wie einschließlich aller Nebenarbeiten und Nebenkosten.",0020710000
Ausgußbecken," Ausgussbecken aus Sanitärkeramik, 480x425x300mm ohne Überlauf, ohne Hahnlochbank Farbe: Weiss einschl. Befestigungsmaterial  Leitfabrikat: Hersteller:  Duravit Typ:  Starck 3  oder gleichwertiger Art  angebotenes Fabrikat: @11 Textergänzungen des Bieters Hersteller: '..........' @12 Textergänzungen des Bieters Typ: '..........' ",0313480000
Duravit Quadroval Ab- und Überlaufgarnitur," Duravit Ab- und Überlaufgarnitur mit Zulauf Universal aus Kunststoff, Messing, Abgang waagerecht, Sperrwasserhöhe 50 mm, Abflussrohr drehbar, Inkl. Befestigungsmaterial, Inkl. Montageanleitung Bestellnummer: 791249000001000 liefern und einbauen",791246000001000
"DU Urinal ME by Starck, Zulauf v.hinten"," DU Urinal ME by Starck, Zulauf v.hinten rimless, ohne Fliege, weiß Duravit Urinal ME by Starck aus Sanitärkeramik, 300x350mm Zulauf von hinten, rimless, absaugend Bestellnummer: 2809300000 Farbe: 00 Weiß Ausführung: ohne Fliege",2809300000
Möbel-Waschtisch 600 x 470 mm Duravit," Möbel-Waschtisch, mit Hahnloch, ohne Überlauf, inkl. Schaftventil mit keramischer Ventilabdeckhaube Fabrikat:		Duravit Typ:			DuraSquare Abmessungen:	600 x 470 mm Artikel-Nr.:		235360 Farbe:		weiß liefern und montieren",2353600041
 3-Waschtisch," 3-Waschtisch mit 1 Hl.,Hlb. u.Ül. 650 x 485 mm, weiss 3300002040650 Duravit Waschtisch Starck 3 aus Sanitärkeramik, 650x485x200mm mit Überlauf, mit Hahnlochbank Bestellnummer:  0300650000 Farbe:    00 Weiß Ausführung:   1 Hahnloch Befestigung mit Schrauben, am Installationselement, mit Schallschutzset und Abdichtung zur Wand mit dauerelastischem Silikon  Hersteller/Typ: Duravit / Starck",0300650000
Absauge-Urinal," Absauge-Urinal aus Sanit ä rporzellan, mit verdeckter Befestigung, Farbe wei ß , ohne Fliege, zugelassen f ü r 2 l Sp ü lvolumen, Abmessungen au ß en: Breite: 300 mm, Tiefe: 340 mm, H ö he: 560 mm, Zulauf und Abgang von hinten, einschl. Zulaufgarnitur, Absaugesiphon, Urinalsieb, Schallschutzset und Befestigungsmaterial. Fabrikat:      Duravit oder gleichwertig Typ:             Durastyle gew ä hltes Fabrikat/Typ: @61 Textergänzungen des Bieters ...........................................",2804300000
WC-Tiefspül-Becken," Duravit D-Code Vital Wand-WC Design by sieger design, Tiefspüler mit 700 mm Ausladung, wandhängend, aus Sanitärkeramik für 4,5 Liter  Spülwasser, EWL Klasse 1. Barrierefrei gemäß DIN 18040-1 und DIN 18040-2. Bodenfreiheit 95/155mm bei Einbauhöhe von 450-500mm. Abme ssungen(BxTxH) 360x700x345/405mm. Farbe: weiß.  Montage auf OK Keramik = 46 + 1 cm üOKFFB  einschl. Befestigung mit Schrauben und verchromten Abdeckkappen, einschl. Schallschutzset und Anschlußset für Zu- und Ablauf, einsch l. Abdichtung mit Sanitärsilikon  Fabrikat/Typ: Duravit/D-Code, Vital Best.-Nr.: 2228090000  liefern und montieren   oder gleichwertig",2228090000
Einhebel-Waschtischmischer Unterputz Ausladung 174 mm," Einhebel-Waschtischmischer Unterputz Anschlussart: Grundk ö rper, mit Keramikmischsystem, Ausladung 174 mm, Strahlfromer mit Kippfunktion, Durchflussmenge 5,2 l/min (3 bar), Normalstrahl, Anschlussgr öß e DN15 Lieferumfang: Sichtteile mit Funktionseinheit Oberfl ä che Chrom",C11070003010
Badewanne Duravit Happy D.2," Badewanne  - Einbauversion - mit zwei R ü ckenschr ä gen, - aus 5mm Sanit ä racryl gezogen und durchgef ä rbt. - Innentiefe 460mm - Wannenrandbreite 30/70mm. - Wannenrandh ö he 95mm. - Ab- und Ü berlauf mittig.  Abmessung Au ß en: Breite: 800 mm L ä nge: 1800 mm H ö he: 600 mm  Fabrikat: DURAVIT Typ: Happy D.2 Bestellnummer: 700314000000000  einschlie ß lich: - St ü tzenf üß e, passend f ü r oben beschriebene Badewanne, - Wannenrandanker, Wannenprofilen - Sanit ä rsilikon, Farbe nach Wahl des Bauherren.  Nach Montage die Badewanne in Abstimmung mit der Bauleitung zu bef ü llen und ist dann bis zur Endabnahme so zu sch ü tzen, dass nachfolgende Gewerke ihre Arbeiten ausf ü hren k ö nnen.(Schutzfolien, Schutzvlies). Abstimmung mit Bauleitung und Nachfolgegewerken.  komplett liefern und montieren",790126000000000
Wand WC," Duravit Wand-WC Starck 3 540 mm Tiefspüler, weiss Duravit Wand-WC Starck 3 Tiefspüler aus Sanitärkeramik 360x540x320mm, für 6 Liter Spülwasser Bestellnummer: 2200090000 Farbe: 00 Weiss EAN: 4021534223037 Hersteller/Fabrikat:     '............................................................' vom Bieter einzutragen",2200090000
" Tiefspül-WC, wandhängend, Duravit, Hornberg 530 x 360 mm "," Tiefspül-WC, 6 l, wandhängend Farbrikat:  Duravit Modell:  Hornberg Abmessungen: 530 x 360 mm Montage:  wandhängend Sitzhöhe:  41 cm Abgang:  waagrecht Material:  Sanitärporzellan WC-Farbe:      weiß einschl. Befestigungsschrauben mit Abdeckkappen in weiß  Montage für Wandeinbauspülkasten  oder gleichwertiger Art und Ausführung  Fabrikat:_________________Typ:________________________  liefern und montieren   ",0192090000
 DURAVIT D-Code Waschtisch weiss 650 mm Design by sieger design (2. Alt ernative zu Position 1)," DURAVIT D-Code Waschtisch weiss Design by sieger design, mit Überlauf aus Sanitärkeramik. Großes rechteckiges Becken mit runden Ecken und Hahnlochbank mit Hahnloch für Einloch- optional Dreilocharmatur. Abmessungen(BxTxH)650x500x180mm. Weiß. Montage mit Einlocharmatur Hersteller: Duravit Typ: D-Code 2310650000 Liefern und montieren",2310650000
" Tiefspülklosett, wandhängend"," Tiefspülklosett, wandhängend, aus Sanitärporzellan, Farbe weiß, Fabrikat: DURAVIT/DURAPLUS Type: COMPACT / 0228009 für 6-Liter Spülmenge zugelassen, oder gleichwertiges Fabrikat:  gewähl. Fabrikat/Type:  __________________________     ",2587090000
Stand-Tiefspül-WC," Stand-Tiefspül-WC aus Kristallporzellan, EN 997 - CL1 - glasierter Spülrand, Abgang außen waagrecht, für AP-Spülkasten 6 l, Befestig ung mit 2 Schrauben M6x70 Größe BxLxH:  ca. 36 x 48 x 39 cm Farbton/Oberfläche:  weiß einschl. Reinigung der Aufstellfläche einschl. Befestigung mit Schrauben und verchromten Abdeckkappen, einschl. Anschlußset für Zu- und Ablauf einschl. Abdichtung mit Sanitärsilikon (Montage in Bestandsbädern nach Festlegung durch AG) @11 Textergänzungen des Bieters angebotenes Fabrikat: '..........' liefern und montieren",2108090000
 DURAVIT DuraStyle Wand-WC," DURAVIT DuraStyle Wand-WC Design by Matteo Thun, Tiefspüler wandhängend aus Sanitärkeramik für 4,5 Liter Spülwasser. Aus Hygienegründen mit geschlossenem Spülrand und keramischem Spülwasserverteiler. Rechteckige nach unten konische Beckenform mit markanter, schmaler Keramikkante Flache Deckel-/Sitzkombination. Bodenfreiheit 55/75m bei Einbauhöhe 400mm. Abmessungen(BxTxH) 370x540x345/325mm. Weiß. Best.Nr.2536090000  liefern und montieren  gepl. Fabrikat: Duravit gepl. Typ:  DuraStyle  oder gleichwertig  gew. Fabrikat: ............. gew. Typ : ............. ",2552090000
"Ausgussbecken, 450 x 360 x 335 mm, weiß", vom Bieter einzutragen,0313480000
WC-Sitz aus hochwertigem Kunststoff mit Deckel über den Sitz greifend, WC-Sitz aus hochwertigem Kunststoff mit Deckel über den Sitz greifend. Verdeckte Scharniere aus Edelstahl. Weiß. WC-Sitz ohne Absenkautomatik. passend zum vorher beschriebenen WC angebotenes Fabrikat/Typ  @01 Textergänzungen des Bieters    vom Bieter einzutragen. komplett incl. allem systembedingtem Klein- und Montagematerial liefern und montieren.,0067310000
 DURAVIT DuraStyle WC-Sitz SoftClose," DURAVIT DuraStyle WC-Sitz Design by Matteo Thun, aus Kunststoff mit Deckel. Scharniere Edelstahl. Weiß. WC-Sitz mit Absenkautomatik SoftClose, abnehmbar. Best.Nr.0063790000.  liefern und montieren  gepl. Fabrikat: Duravit gepl. Typ:  DuraStyle  oder gleichwertig  gew. Fabrikat: ............. gew. Typ : ............. ",0063790000
 Waschbecken 615 mm," Waschbecken 615 mm  Waschbecken aus Sanitärporzellan Maße: 615 x 460 x 185 mm Eckig mit Hahnlochbank, Hahnloch durchgestochen mit Überlauf Wandbefestigung Befestigung mit 2 Stockschrauben M10x120 mm  Einschließlich: Befestigungsmaterial und Schallschutz  Fabrikat der Planung:       Duravit Type:                                Scola Farbe:   Weiß Artikelnummer: 0684600011 links   0685600011 rechts   oder gleichwertig  liefern und montieren ",0684600011
Wand-WC mit WC-Sitz ," WC Tiefspüler, geschlossene Form mit WC-Sitz   Verwendungszwecke:  Für UP-Spülkästen   Eigenschaften - Tiefspül-WC - Wandhängend - Spült mit 4,5 l - Typ 1, Vollmenge 6 / 5 / 4 l, nach EN 997 - Geschlossene Form - Einfache Befestigung durch Wandbefestigung für WC - WC-Deckel überlappend - WC-Sitz mit EasyMount-Scharniere - WC-Sitz aus Duroplast   Technische Eigenschaften - Farbe: weiß - Werkstoff: Sanitärkeramik - Höhe: 37,5 cm - Breite: 36 cm - Tiefe: 53 cm - Absenkautomatik: ja - Befestigung: von oben - QuickRelease-Scharniere: abschließbar   Angebotenes Produkt:................................. ",45270900A1
 Waschbecken Sanitärporzellan B 600-650mm Ausladung 450-500mm Fuge verfüllen elast.Dichtstoff Silicon B 10mm ," Waschbecken, Beckenaußenform rechteckig, Beckeninnenform rechteckig, aus Sanitärporzellan, Farbton weiß, glasiert, mit Loch für Einlocharmatur, mit Überlauf, für Ablaufventil, Breite über 600 bis 650 mm, Ausladung über 450 bis 500 mm, Befestigung an Installationselement, mit Schallschutz DIN 4109, einschl. Verfüllen der Fugen, mit elastischem Dichtstoff DIN EN 15651-3, Basis Silicon, Fugenbreite 10 mm, Hersteller/Typ 'Duravit/Vero 600x470mm'. ",0454600000
" Waschtisch-R÷hrensiphon 1 1/4""G mit Verstellrohr 120mm"," Waschtisch-R÷hrensiphon 1 1/4""G mit Verstellrohr 120mm mit Abgangsrohr und Schubrosette Verstellrohr 120 mm Anschluss: 1 1/4 Farbe: chrom",0050260000
"Duravit Serie Duravit No.1 Wand WC, 540 mm"," Duravit Serie Duravit No.1 Wand WC, 540 mm  Weiß Hochglanz, Design by Duravit, Tiefspüler, rimless, 0 l / 6 l, Abgang: waagerecht - große Spülwassermenge: 6 Liter, besonders effizienter, sparsamer Wasserverbrauch: Unified Water Label (UWL) Klasse 1, hygienische Flächenspülung ohne Überspritzen, vollglasierte, sehr glatte Keramik verhindert Keimbildung und Ablagerungen, offener Spülrand Duravit Rimless mit dynamischer Wasserführung: hygienisch einwandfreie Spülergebnisse auch bei kleinen Wassermengen, Tiefspüler: für minimale Geruchsbelästigung, wandhängende Montage, aus hochwertiger, langlebiger Sanitärkeramik: besonders widerstandsfähiges, kratzresistentes Material mit hohem Härtegrad, reinigungsfreundlicher und hygienischer Oberfläche, Antibakterielle Keramikglasur: Nach 24 Stunden 99,9% der Bakterien gehemmt (HygieneGlaze) Abmessung (BxTxH): 365x540x350 mm  Fabrikat: DURAVIT Typ: Duravit No.1 Artikel-Nr.: 2562090000  oder gleichwertiger Art  Hersteller/Typ: @11 Textergänzungen des Bieters '.........' vom Bieter einzutragen",2562090000
" HWB 500 mm, Duravit Vero"," Handwaschbeckenanlage 500 mm, weiß Fabrikat Duravit Typ Vero oder gleichwertig angeboten Fabrikat/Typ:'Duravis Typ Vero' (vom Bieter einzutragen) für 1- und 3 Locharmatur Waschbecken aus Kristallprozellan mit Ab- und Überlauf einschl. Expressbefestigung liefern und montieren",0454500000
WC-Sitz mit Deckel und Absenkautomatik," WC-Sitz mit Deckel und Absenkautomatik für vorgenannte Position. WC-Sitz aus hochwertigem Kunststoff mit Deckel, abnehmbar. Scharniere Edelstahl. Ausführung mit Absenkautomatik. Farbe:                                                    Weiß Fabrikat der Planung:  Duravit Typ:                                                       DuraStyle Artikel-Nr.:                        0063790000 Lieferung und Montage einschließlich erforderlichem Zubehör.",0063790000
"Duravit Waschtisch Architec Vital Med 575 mm o.ÜL, m.HLB,"," Duravit Waschtisch Architec Vital Med aus Sanitärkeramik, 575x520x105mm ohne Überlauf, mit Hahnlochbank barrierefrei Bestellnummer: 0443580000 Farbe: 00 Weiss Ausführung: Hahnloch-Vorstich EAN: 4021534220678",0443580000
 Wandurinal aus Sanitärkeramik," Zulauf und Ablauf nach hinten verdeckt, einschl. Urinal-Absaugesyphon aus Kunststoff, Befestigung mit verchromter Abdeckmutter und Anschlußzubehör Farbe: weiß Richtqualität: Fabrikat: Hersteller: Duravit  Modell: Bill oder gleichwertiger Art  angebotenes Fabrikat:   Hersteller: '.....................................'   Typ: '.....................................' (angebotenes Fabrikat ist vom Bieter mit der vollständigen Bezeichnung präzise anzugeben)",0851350000
 Handwaschbecken Sanitärporzellan 450/350," Handwaschbecken, schockgeprüft, aus Sanitärporzellan, weiß für Einlocharmatur,mit Überlauf Breite: 450 mm, Ausladung: 350 mm Befestigung mit Steinschrauben, - 2 St.Eckventil DN 15 mit Schubrosette - 1 St.Röhrengeruchverschluss 1 1/4"" verchromt    einschl Gummi-Ablaufverbinder - 1 St. Ablaufventil einschl. Siliconfugen ",0705450000
Einhebel-Brausemischer Unterputz," Einhebel-Brausemischer Unterputz, Anschlussart: Grundkörper, mit Keramikmischsystem, 1 Verbraucher, runde Rosette Ø 170 mm, Lieferumfang: Sichtteile mit Funktionseinheit , Durchflussmenge 24,6 l/min (3 bar), empfohlener Betriebsdruck 3 - 5 bar, Oberfläche chrom Lieferumfang: inkl. passendem Grundköper, Unterputz, Einbautiefe 75-105mm, ohne Vorabsperrung, Anschlussgröße DN15 inkl.  Übergängen auf Rohrsystem, Baustopfen liefern und nach Herstellerangaben montieren Fabrikat: Duravit Typ:  C.1",C15210012010
Tiefspül-WC (behindertengerecht)," Tiefspül-WC (behindertengerecht) wandhängendes Tiefspüll-WC, spülrandlos aus Sanitärkeramik weiß mit Oberflächenvergütung wondergliss Maße: 370 x 600 mm Spülwasserbedarf 6/ 4,5 l Abgang waagerecht Farbe weiß wondergliss WC gefertigt nach EN-997 (6 Liter) und EN-38 Angebotenes Fabrikat '....................................................' Komplett liefern und montieren",22260900001
Handwaschbecken 400mm," Handwaschbecken Technische Eigenschaften - Hahnloch: mittig - Überlauf: sichtbar - Farbe: weiß - Werkstoff: Sanitärkeramik - Breite: 40 cm - Höhe: 16,5 cm - Tiefe: 30 cm - Breite Innenbecken: 33 cm - Höhe Innenbecken: 10 cm - Tiefe Innenbecken: 17,5 cm  Einschl. Schallschutzstreifen",0705360008
"Ausgußbecken, Keramik"," Ausgussbecken Starck aus Sanitärkeramik 425x480x300mm ohne Hahnlochbank Wandhängend Farbe: Weiß Hochglanz, Oberfläche:   liefern und montieren.",0313480000
 Stand-WC als Tiefspülklosett 6l als Provisorium," Stand-Tiefspül-WC 6l als Provisorium, Tiefspülklosett, bodenstehend, aus Sanitärporzellan, weiß, mit Bodenbe- festigung, Breite 360 mm, Ausladung 535 mm, Höhe 390 mm, Abgang außen waagerecht, hygienisch mit glasiertem Spülrand, mit sichtbarer Befestigung, einschl. WC- Anschlussstück gerade  Montage des neuen Stand-WC's an das neue Abwassernetz (WC-Vorwandelement), einschl. aller zur Montage benötigten Materialien und späteren Wiederabbau sowie aller Neben- leistungen",0067310000
Handwaschbecken 450 x 320 Duravit," Handwaschbecken, mit Hahnloch und Überlauf Fabrikat:		Duravit Typ:			Starck 3 Größe:		450 x 320 mm Artikelnr.:		075045 Farbe:		weiß liefern und montieren",0750450000
"Wand-Tiefspül-WC Compact, 350x480 mm",,2211090000
 Tiefspül-WC wandhängend," Tiefspül-WC wandhängend  Verwendungszwecke - Für Druckspüler - Für UP-Spülkästen  Eigenschaften - Tiefspül-WC - Wandhängend - Mit Spülrand - Klasse 1, Vollmenge 6 / 5 l, nach EN 997 - Bodenfreiheit 7 cm - Für 4,5 l Spülbetrieb geeignet - 10 Jahre Nachkaufgarantie - Oberfläche schmutzabweisend  Technische Eigenschaften - Farbe: weiß - Werkstoff: Sanitärkeramik - Breite: 37 cm - Höhe: 36 cm - Tiefe: 54,5 cm  Befestigung: Stockschrauben Abgang: waagerecht  angeboten: Hersteller:   Duravit Typ:   D-Code  oder gleichwertig Hersteller:   '.............................' Typ:   '.............................'  liefern und montieren",2535090000
" D-CODE Waschtisch|600 x 460 mm, 1 HL, mit ÜL, weiß 03855WE60", _,2310600000
Waschbecken 550x530 cm,,2310550000
 Duravit Waschtisch D-Code 60x46cm weiß," Duravit Waschtisch D-Code 60x46cm weiß aus Sanitärkeramik 600x460x175mm mit Überlauf, mit Hahnlochbank Farbe: 00 Weiß Alpin  Bestellnummer: 2310600000  oder gleichwertig angeb. Fabrikat :'..............................'",2310600000
" WC Waschtisch,  m. Überlauf", Waschtsich aus Sanitärkeramik  450x350x130 mm Ohne Waschtischunterbau  Mit Hahnloch Mit Überlauf  Farbe:   00 Weiss Oberfläche:  Wondergliss   Fabrikat: Duravit Serie:   Vero Air Artikel-Nr.:  07244500271  Angebotenes Produkt: '................................. ..................' VOM BIETER AUSZUFÜLLEN!,07244500271
" Waschtisch für Menschen mit Behinderung Duravit, Starck 3 Vital  600 x 545 mm  ","  Waschtisch für Menschen mit Behinderung aus Sanitärkeramik, mit Überlauf aus Sanitärkeramik. Barrierefrei gemäß DIN 18040-1 und DIN 18040-2. Rechteckige Beckenform mit 35mm breitem Rand und tiefer liegender Hahnlochbank für Einlocharmatur Wandanschluss mit Aufkantung 35x40mm als Spritzschutz.  Fabrikat:  Duravit Modell:  Starck 3 Vital  Abmessungen: 600 x 545 x 160mm Farbe:       weiß  oder gleichwertig  Fabrikat:__________________ Typ:______________________  liefern und montieren",0309600000
"WC - Sitz, Kunststoff, Beh.-WC ohne Deckel"," WC - Sitz für Behinderten-WC Ausführung : ohne Deckel, aus Kunststoff schwere Ausführung verdeckte Scharniere aus Edelstahl, durchgängige Edelstahlwelle und Winkelpuffer gegen seitliches Verrutschen  bei Belastung mit Befestigungselementen, Farbton       : weiß @60 Textergänzungen des Bieters Fabrikat: ................................................................. @61 Textergänzungen des Bieters Typ: ........................................................................ liefern und einbauen",0060410000
" DURAVIT Vero Waschtisch mit zwei Hahnlöchern, Größe (BxTxH)1000 x 470 x 175mm. ", DURAVIT Vero Waschtisch aus Sanitärkeramik mit Hahnlochbank mit zwei Hahnlöchern im Abstand von 465mm. Rechteckiger Waschtisch. Unterseite geschliffen für Konsolenmontage  Abmessungen(BxTxH)1000 x 470 x 175mm.  Farbe:  weiß für Ausführung: mit Überlauf und zwei Hahnlöcher Best.Nr.  045410..26.  Fabrikat: Duravit  oder gleichwertig  Fabrikat:_________________Typ:________________________  liefern und montieren,0454100026
 Urinalbecken, Urinalbecken Urinal absaugend aus Sanitärkeramik mit Zulauf von hinten Für Siphon Abgang waagerecht optional senkrecht. Außen glatte geschlossene Form. Einschließlich Befestigung. einschließlich Urinal-Absaugesiphon Spülmenge 1 Liter. Abmessungen(BxTxH) 300x340x560mm. Befestigung: an Vorwandelement Zulauf: von hinten Ablauf: nach hinten mit Befestigungssatz Farbe: weiß ,0051120000
 Einhand-Waschtischbatterie DN 15 für Ein-," Einhand-Waschtischbatterie DN 15 für Ein- lochmontage, mit Temperaturbegrenzer, Mengenbegrenzer, mit Keramikkartusche, mit Mousseur, mit Zugstangen-Ablaufgarnitur 1 1/4"", Ausschreibungsfabrikat:  Duravit Typ:      C.1  Größe  M Seriennr.:   C11020001010 Oberfläche: verchromt Liefern und montieren.",C11020001010
 WC-Sitz," DURAVIT Starck 3 Vital WC-Sitz, Design by Philippe Starck, aus hochwertigem Kunststoff mit Deckel über den Sitz greifend. Stabile Scharniere mit durchgehender Scharnierwelle aus Edelstahl mit Winkelpuffern gegen seitliches Verrutschen. Weiß. WC-Sitz ohne Absenkautomatik. Best.Nr. 0062410000  oder gleichwertig Hersteller/Typ: '....................................................' vom Bieter einzutragen.",0062410000
Waschtischanlage 550 x 430 mm," wie zuvor, jedoch Größe 550x430 mm",2310550000
"WC-Sitz - Duravit / ME by Starck m.Absenkautom. Scharniere edelstahl,"," Duravit WC-Sitz ME by Starck aus Kunststoff, abnehmbar mit Abbsenkautomatik Scharniere edelstahl Farbe: 00 Weiss Fabrikat:	DURAVIT Typ:	ME Art.-Nr.:	0020090000 oder gleichwertig @62 Textergänzungen des Bieters Fabrikat: '........................................' @63 Textergänzungen des Bieters Typ: '........................................' liefern und montieren",0020090000
Urinal," Urinal Urinal aus Sanit ä rkeramik Urinal mit Zulauf von hinten Abmessungen: 300 x 350 x 585 mm Material: Sanit ä rkeramik, mit HygieneGlaze Rimless sp ü lrandlose Ausf ü hrung Sp ü lwassermenge: 0,5 l Ablauf: innen waagrecht Installation: an der Wand Befestigungsset Bestandteil der Lieferung einschlie ß lich Absaugsiphon Abgang: waagrecht (versteckt) Durchmesser: 50 mm Durchfluss: 0,5 # 4 l Fabrikat der Planung: Duravit, ME by Starck oder gleichwertig Hersteller/Typ '....................................................' vom Bieter einzutragen einschl. Dicht- und Befestigungsmaterial komplett liefern, montieren und betriebsbereit anschlie ß en.",2809302000
"WC-Becken, wandhängend, Personal",,2562090000
" Vormontage-Set, Netzteil für 230V-Anschluss"," Vormontage-Set, Netzteil für 230V-Anschluss inklusive UP-Dose mit Abdeckung",0050040000
"WC - Sitz, Kunststoff-Thermoplast"," WC - Sitz für Wand- WC Ausführung : mit Deckel ohne Absenkautomatik, aus Thermoplast-Massiv-WC-Sitz geprüft nach DIN 19516, unzerbrechlich mit 10 Jahren Garantie auf die Bruchfestigkeit von Sitz und Deckel, Scharniere aus Edelstahl, verdeckt und Befestigungsschrauben in Edelstahl, einschl.Passhülsen für Schraublöcher, passend zum Sitz, einschl. selbstsichernde Muttern aus Edelstahl - keine Schnellschlussschrauben ! mit Befestigungselementen, passend zu den beschriebenen und gewählten Tiefspül-WC mit zusätzlichen Sicherungs-Set für sichere Befestigung bei starker Beanspruchung Farbton    :     weiß @60 Textergänzungen des Bieters Fabrikat: ............................................ @61 Textergänzungen des Bieters Typ: ................................................... liefern und einbauen",0067310099
" Tiefspüler aus Sanitärkeramik wandhängend für 6 oder 5 ltr.Spülwasser,"," Tiefspüler aus Sanitärkeramik wandhängend für 6 oder 5 ltr.Spülwasser, mit Spülrand Bodenfreiheit 70 mm Abmessungen: 355x 540x 34 mm Farbe: weiß mit Abbdeckkappen und Befestigungen liefern und nach Herstellerrichtlinien einbauen  Angebotenes Fabrikat:  '.....................................'  Angebotener Typ:  '.....................................'",2535090000
Schaftventil für vorstehende Duravit-Waschtische, Schaftventil für vorstehende Duravit-Waschtische Fabrikat:		Duravit Artikel-Nr.:		005038 Farbe:		chrom liefern und montieren,0050381000
 Einbau-Duschewanne (H=85 mm)," Duschwanne aus Acryl und Oberfläche schlag-, kratz- und abriebfest, Wanne im Farbton weiß und mit Dusch- rand 40x35 und Eckablauf 90 mm  und rutschfest  Abmessung:	900 x 900 x 85 mm Gewicht:	14 kg Außenform:	Quadrat  Zubehör, passend zur Duschwanne: - Wannenannker inkl. Schallschutzset - Schallschutz Wannenfüße - Bitumenmatten - Duschwannenträger - Duschwannenablauf (waagerecht) - Duschwannenfüße - Wandprofil zur Schalldämmung  Fabr.-/Typenhinweis: 	Duravit 				D-Code Duschwanne 				oder gleichwertig  angebotenes Fabrikat: 	...................  angebotener Typ: 		...................  Werden bei dem gleichwertig angebotenen Fabrikat und Typ keine Angaben eingetragen, so gilt das Leitfabrikat als angeboten.  Brausewanne komplett montiert unter Hinzulieferung aller erforderlichen Nebenarbeiten und Dichtungs - und Befesti- gungsmaterial.",790129000000000
Waschtisch plan 600x480 mm," Rechteckiger Waschtisch nach DIN 1386, DIN-EN 32 aus Sanitärporzellan mit Wandaufkantung, Hahnloch und Überlauf Größe außen (ca.): Breite:             600 mm, Tiefe :             480 mm, Größe innen (ca.): Breite:             530 mm Tiefe :             280 mm Tiefe Armaturenbank:       210 mm Armaturenloch / Ablauf:      190 mm Wand / Ablauf:           210 mm Höhe umlaufender Rand:       65 mm Höhe Aufkantung:      35 mm Gesamthöhe             225 mm Farbe :               weiß Glasur:               Normalglasur Gewicht:         19 kg Befestigung:    Stockschrauben M 10 x 120 incl. Befestigungsmaterial, Schallschutzset sowie Verfugung mittels Sanitärsilikon (antiseptisch, dauerelastisch, schimmelfrei) Einbau: WC's allgemein, Hausmeister und Arzt-Zimmer komplett liefern und montieren.",0300600000
Waschtischanlage  600 x 460 mm," aus Sanitärporzellan, weiss, Größe 600 x 460 mm, mit Überlauf, mit Hahnloch, Hahnlochbank, mit Waschtisch-Schallschutzset und Waschtisch-Befestigungs- satz zur Befestigung an TB-Vorwandelement, einschl.allem Zubehör-, Befestigungs- und Kleinmaterial einschl. Abdichtung mit Sanitärsilikon  Bestellung erst nach Bemusterung mit Bauherrn!  Fabrikat/Typ: Duravit D-COde angebotenes Fabrikat/Typ:  #..........# (vom Bieter auszufüllen)",2310600000
WC Sitz ohne Deckel," WC-Sitz ohne Deckel passend zu angebotenen Flachspül-WC (Beh.-WC) Farbe: weiß mit durchgehender Edelstahlwelle, Scharnier aus Edelstahl, mit verstellbaren Winkelpuffern Einschl. allen notwendigen Zubehör.",0060910000
Waschtisch mit Hahnloch 60cm, -      mit Überlauf -      aus Sanitärporzellan -      Höhe 170 mm -      Breite 600 mm -      Tiefe 485 mm -      Farbe weiß Fabrikat:  ............................................................. Modell:  ............................................................. Artikel-Nr.:  .............................................................,2310600000
Waschtisch 60x48cm ," Waschtisch 60x48cm, mit Hahnloch, mit Ül., weiß   Eigenschaften: - Reduzierte Randhöhe - Grafisch exakte Konturen - Organisch fließendes Innenbecken - 10 Jahre Nachkaufgarantie - Eingebrannte, dauerhafte Spezialglasur mit porenfreier hydrophiler Oberfläche, zur Flächendesinfektion geeignet   Technische Eigenschaften - Farbe: weiß - Werkstoff: Sanitärkeramik - Höhe: 16 cm - Breite: 60 cm - Tiefe: 48 cm - Befestigungspunkte: 2 - Hahnloch: mittig - Überlauf: sichtbar   Angebotenes Produkt:............................... ",03006000001
" WC-Sitz, Softclose,"," WC-Sitz, Softclose, Edelstahl-Scharnier, weiss   Incl. alle Klein-, Neben- und Befestigungs- und Dichtungsmaterialien, die zur fachgerechten Montage notwendig sind  Fabrikat : Duravit Typ : D-Code oder glw.  gewähltes Fabriat: ...................................... gewählter Typ: ......................................  komplett liefern und fachgerecht betriebsfertig montieren ",0067390000
" Waschtisch, 550x440mm, eckige Form"," Waschtisch, mit Hahnloch, mit rundem Überlauf Hahnloch vorgestochen Abmessungen außen: Breite : 550 mm Tiefe : 440 mm Höhe : 195 mm EN 14688 - CL25, EN 31 Farbe : weiß(alpin) Form : eckig Material : Sanitärporzellan  mit Siebablaufventil 1 1/4 Zoll",2310550000
 D-CODE Wandbidet|weiß 0387522WE, _,2257150000
Waschbecken Sanitärporzellan unterfahrbar B 550-600mm Ausladung 500-55," Waschbecken, aus Sanitärporzellan, Farbton weiß, glasiert, mit Loch für Einlocharmatur, mit Überlauf, für Ablaufventil, unterfahrbar DIN 18040, Breite über 550 bis 600 mm, Ausladung über 500 bis 550 mm, Befestigung an Installationselement, mit Schallschutz DIN 4109-1, einschl. Verfüllen der Fugen, mit elastischem Dichtstoff DIN EN 15651-3, Basis Silicon, Fugenbreite 5 mm, Farbton weiß.",2312600000
"Tiefspülklosett San.Porzellan Set, spülrandlos"," Wand-WC-Set bestehend aus Tiefspüler, wandhängend mit verdeckter Befestigung aus Sanitärkeramik für 4,5 Liter, spülrandlos, Spülwasser nach EWL Klasse 1. Abmessungen(BxTxH)360x530x375mm. Weiß. WC-Sitz ohne Absenkautomatik einschl. Schallschutz-Set, Fabrikat: Geberit Modell: Icon Best.-Nr.: 501.664.00.1",45290900A1
"Duravit Vero Air Waschtisch, 80 x 47cm"," Duravit Vero Air Möbelwaschtisch 80 x 47 cm, h 13,5 cm  mit 1 Hahnloch mit Überlauf mit Standart-Siphon weiß inkl. Lieferung und Montage  Einbauort: Bad/WC KG",2350800000
 Waschtisch 600 x 450 mm Duravit," Waschtisch, mit Hahnloch und Überlauf Fabrikat:Duravit Typ:Starck 3 Größe:600 x 450 mm Artikelnr.:030060 Farbe:weiß liefern und montieren",0300600000
 WC-Sitz Deckel Kunststoff," WC-Sitz mit Deckel, aus Kunststoff, Farbton weiß, mit B efestigungselementen mit Absenkautomatik, aus nichtrost endem Stahl, Werkstoff-Nr 1.4301.",0067390000
 WC-Anlage barrierefrei Starck 3 Wand-WC Vital," WC-Anlage barrierefrei  bestehend aus: wandhängendem Tiefspülklosett 70 cm, aus Kristall-Porzellan, incl. verchr. Abschlusskappen, mit Schallschutz-Set, als Tiefspül-WC Farbe:            weiß wie Duravit, Starck 3,  Wand-WC Vital 36 x 70 oder gleichwertig  einschließlich Spezial-Klosettsitz ohne Deckel Farbe weiß, mit Edelstahlscharnieren  liefern, ins Gebäude tragen und betriebsfertig montieren",0062610000
DURAVIT SensoWash Schnittstellen-Set#in, DURAVIT SensoWash Schnittstellen-Set#in Kombination mit Starck f Lieferantenartikelnummer: 1007290000 03261310,1007290000
 Duravit Wand-Bidet Happy D.2," Duravit Wand-Bidet Happy D.2 aus Sanitärkeramik, 355x540x285mm mit Überlauf, mit Hahnlochbank Durafix inklusive Bestellnummer:    22581500001 Farbe:       00 Weiss  Ausführung:    1 Hahnloch Oberfläche:    WonderGliss",22581500001
WC-Sitz aus Kunststoff mit Absenkautomatik SoftClose," WC-Sitz aus Kunststoff mit Absenkautomatik SoftClose abnehmbar Scharniere Edelstahl Farbe: 00 Weiss  Duravit, Starck 3 Art.-Nr. 0063890000",0063890000
 Waschtischanlage 60 best. aus:," Duravit, Typ Starck 3, Größe ca. 60 x 45 cm. Waschtischarmatur Fabrikat GROHE Typ Eurostyle Cosmopolitan mit Zugstangen-Ablaufgarnitur chrom 2 Eckventilen Röhren-Sivon Schallschutzsett für WT",0300600000
"WC-Sitz derby Edelstahlscharnier abnehmbar mit Absenkautom,"," WC-Sitz derby Edelstahlscharnier abnehmbar mit Absenkautom, liefern und einbauen. Duravit WC-Sitz ME by Starck aus Kunststoff, abnehmbar mit Abbsenkautomatik Scharniere edelstahl Fabrikat: Duravit Modell: Me by Starck Artikel-Nr.: 2009",0020090000
 Waschtisch," DURAVIT Starck 3 Waschtisch Design by Philippe Starck, mit Überlauf aus Sanitärkeramik. Rechteckige Beckenform mit 37mm breitem Rand und tiefer liegender Hahnlochbank für Einloch- optional Dreilocharmatur (bei Bestellung angeben). Wandanschluss mit Aufkantung 35x35mm als Spritzschutz. Innenbecken(BxT)530x280mm. Abmessungen(BxTxH) 600x450x190mm. Weiß. Best.Nr. 0300600000. Mit 3 Hahnlöcher Best.Nr. 0300600030. oder gleichwertig Hersteller/Typ: '....................................................' vom Bieter einzutragen.",0300600000
 Handwaschbecken Sanitärporzellan," Handwaschbecken, Anschlußmaße DIN EN 31 und DIN EN 32, aus Sanitärkeramik, für Einlocharmatur, Hahnloch mittig, mit Überlauf, asymmetrisch, reduzierte Randhöhe, gerade Wandanbindung/Ablagefläche auf der Hahnlochbank, eckiges Design/Form, Breite in mm 500, Ausladung in mm 380, Höhe in mm 165, Farbton/Oberfläche weiß/glasiert, Befestigung mit Stockschrauben M10 x 120.",0706500008
"Wand-WC Duravit Starck 3, mit Spülrand, ohne Wondergliss, inkl. WC Sit"," Wand-WC Duravit Starck 3, mit Spülrand, ohne Wondergliss , inkl. WC Sitz Artikelnummer 252809 WC Anlage Artikelnummer 002009 WC Sitz Tiefspül- Wand WC-Set, Farbe weiß  bestehd aus: -Tiefspül Wand-WC aus Sanitärkeramik - ohne Wonderglis Beschichtung - mit Spülrand - WC-Sitz mit Deckel -mit Absenkautomatik + abnehmbar  inkl. Befestigungsmaterial liefern und montieren",0020010000
 Montage von Urinale," Lieferung und Montage von Urinal mit Urinalsieb inkl. Schallschutzset zum Einbau an die vorhandenen Urinal-Vorwandelemente, zur berührungslosen Spülauslösung mit Infrarotsteuerung Anschluss an E-Netz.  z.B.: Duravit, weiß",0829300000
WC-Sitz mit Deckel," WC-Sitz, aus hochwertigem Kunststoff einschließlich Deckel, Ausführung ohne Absenkautomatik, Scharniere aus Edelstahl. Weiß. Best.Nr. 0067310000 zur Montage auf vorgenanntes Wand-WC  Fabrikat: Duravit Typ: D-Code oder gleichwertig @11 Textergänzungen des Bieters angebotenes Fabrikat/Typ: '..........' (vom Bieter auszufüllen)",0063610000
DU Stand-Bidet ME by Starck 600 mm," DU Stand-Bidet ME by Starck 600 mm mit ÜL, mit HLB, 1 HL, BTW, weiß Duravit Stand-Bidet ME by Starck aus Sanitärkeramik, 370x600mm mit Überlauf, mit Hahnlochbank back to wall, Befestigung inklusive Bestellnummer: 2289100000 Farbe: 00 Weiß Ausführung: 1 Hahnloch",2289100000
" erhöhte Stand-WC,"," Leistung wie vor zuletzt im vollem Wortlaut beschrieben, je doch, Stand-WC, Duravit Stark 3, mit erhöhtem Sitzkomfort, Abmessung 360 x 495 x 490,",0212090000
"Waschtisch, 60x46x17,5cm, weiß, mit Hahnloch, mit Überlauf aus"," Waschtisch, 60x46x17,5cm, weiß, mit Hahnloch, mit Überlauf aus Sanitärkeramik. Großes rechteckiges Becken mit runden Ecken und Hahnlochbank mit Hahnloch für Einlocharmatur. Abmessungen(BxTxH)600x460x175mm. Weiß einschließlich Befestigung und Silikonfuge weiß angebotenes Fabrikat/Typ  @01 Textergänzungen des Bieters    vom Bieter einzutragen. komplett incl. allem systembedingtem Klein- und Montagematerial liefern und montieren.",2310600000
 WC-Keramik," DURAVIT ME by Starck Wand-WC, Design by Philippe Starck, Tiefspüler wandhängend aus Sanitärkeramik mit verdeckter Befestigung. 4,5 Liter Spülwassermenge, EWL Klasse 1. WC mit rechteckige nach unten konische Beckenform mit schmalen Keramikkante. Durafix inklusive. Option: HygieneGlaze (antibakterielle Keramikglasur auf Zinn-Zink Basis), unter Zugrundelegung der Normen JIS 2801 und BS ISO 22196 mit einen Wirkungsgrad von 99,9%. Bodenfreiheit 45/105mm bei Einbauhöhe 400mm. Abmessungen(BxTxH)370x570x355/295mm. Weiß. Best.Nr. 2528090000. Mit HygieneGlaze Best.Nr.2528092000  oder gleichwertig Hersteller/Typ: '....................................................' vom Bieter einzutragen.",2528092000
"DURAVIT D-Code Einbauwaschtisch, 550x400 mm"," DURAVIT D-Code Einbauwaschtisch, 550x400 mm  DURAVIT D-Code Einbauwaschtisch Design by sieger design, zur Montage von unten mit Überlauf aus Sanitärkeramik ohne Hahnlochbank. Rechteckiges Becken mit runden Ecken. Einschließlich Befestigung für Einbau in Holzkonsolen. Abmessungen(BxTxH) Außenmaß: 590/580x430x190 mm, Innenmaß: 560/550x400 mm, Weiß  Fabrikat: DURAVIT Typ: D-Code Artikel-Nr.: 0338560000  oder gleichwertiger Art  Hersteller/Typ: @11 Textergänzungen des Bieters '.........' vom Bieter einzutragen",0338560000
 Waschbecken wandhängend Sanitärporzellan B 650mm Ausladung 505mm," Waschbecken DIN EN 31 (wandhängend), Rechteckige Beckenform mit abgerundeten Ecken, Beckeninnenform rechteckig, aus Sanitärporzellan, Farbton weiß, glasiert, mit Loch für Einlocharmatur, mit Überlauf, Ablaufventil, Befestigung an Installationselement, Abmessungen(BxTxH) 650x505x170/95mm, einschl. Verfüllen der Fugen, mit elastischem Dichtstoff DIN EN 15651-3, Fugenbreite 5 mm,  Hersteller und Typ: DURAVIT Happy D.2 Möbelwaschtisch oder gleichwertig, Hersteller und Typ: '....................................................' vom Bieter einzutragen.",2318650000
 WC-Sitz," DuraStyle WC-Sitz, Design by Matteo Thun & Antonio Rodriguez, aus hochwertigem Kunststoff mit Deckel. Scharniere Edelstahl. Ausführung mit Absenkautomatik. Weiß.  Hersteller/Typ: Duravit/DuraStyle Basic",0020790000
Handwaschbecken wandhängend, Bernstein Handwaschbecken PB2077 Material Mineralguss (Solid Stone) Farbe  Weiß Matt Form  Rechteckig Maße  50 x 30 x 20 cm (B x T x H) Brutto 16 kg    Glatte & porenfreie Oberfläche    Reinigungsfreundliches Material    Vorgebohrtes Armaturenloch    Inkl. Pop-Up in Chrom    Mit integriertem Handtuchhalter    3 vorgebohrte Löcher für die Wandmontage    Mit Befestigungsmaterial oder gleichwertiges Fabrikat @60 Textergänzungen des Bieters Hersteller/Fabrikat: ............................................................ vom Bieter einzutragen,0751500000
Waschtisch 60 x 46 cm," Duravit Waschtisch D-Code aus Sanitärkeramik, 600x460x175mm mit Überlauf, mit Hahnlochbank Bestellnummer: 2310600000 Farbe: 00 Weiss Ausführung: 1 Hahnloch EAN: 4021534344053  einschl. Bemusterung vor Bestellung einschl. Lieferung von Zahnband o. Dämmunterlage einschl. Befestigungsmaterial für Trockenbauwand einschl. Abdichtung mit Sanitärsilikon  Fabrikat/Typ: Duravit/D-Code  liefern und montieren  oder gleichwertig",2310600000
 Tiefspül - WC Duravit Starck 3," Duravit Wand-WC Starck 3 Tiefspüler aus Sanitärkeramik 360x540x320mm, für 6 Liter Spülwasser, mit Spülrand Farbe: weiß Einschl. Befestigung für Wand-WC und Schallschutzset.   Hersteller / Typ: Duravit / Starck 3 #22250900001",22250900001
"Wand-WC Duravit Starck 3, mit Spülrand, ohne Wondergliss,"," Wand-WC Duravit Starck 3, mit Spülrand, ohne Wondergliss Wand-WC Duravit Starck 3, mit Spülrand, ohne Wondergliss , inkl. WC Sitz Artikelnummer 252809 WC Anlage Artikelnummer 002009 WC Sitz Tiefspül- Wand WC-Set, Farbe weiß  bestehd aus: -Tiefspül Wand-WC aus Sanitärkeramik - ohne Wonderglis Beschichtung - mit Spülrand - WC-Sitz mit Deckel -mit Absenkautomatik + abnehmbar  inkl. Befestigungsmaterial liefern und montieren",2528090000
WC-Sitz mit Deckel Kind stehend,,0065700000
"Tiefspül-WC, BF, spülrandlos, 4,5/6l, wandhängend, weiß", vom Bieter einzutragen,2559090000
 Tiefsp#l WC wandh#ngend Duravit D-Code, Tiefsp#lklosett - wandh#ngend - WC-Sitz und Deckel - Schalld#mmband und Silikonfuge - Wassermenge 6 l - wei#  Fabrikat: Duravit Typ: D-Code,0067310000
Tiefspül-WC Sanitärporzellan glasiert abgerundet hängend Ausladung 650," Tiefspül-WC DIN EN 997, als barrierefreie Ausführung DIN 18040, aus Sanitärporzellan, glasiert, Farbton weiß, abgerundet, wandhängend, Spülmenge 6 l, Ausladung über 650 bis 700 mm, Abgang waagerecht, mit WC-Sitz und Rückenstütze, Befestigung an Installationselement, mit Schallschutz DIN 4109-1, einschl. Verfüllen der Fugen, mit elastischem Dichtstoff DIN EN 15651-3, Basis Silicon, Fugenbreite 10 mm, Farbton weiß.",0060410000
 WC-Anlage ," WC-Anlage  bestehend aus: WC-Körper rimless, WC-Anschlußbogen, Schallschutzset, Anschlußzubehör, WC-Sitz und Deckel einschl. Befestigung, sowie Verfüllen zwischen Einrichtungsgegenstand und Wand mit weißem, elastischem, nichtschimmelndem Material;  WC-Körper:      Wandhängendes Tiefspülklosett Material:           Kristallporzellan Fabrikat:           Duravit Modell:             Dura Style Farbe:                weiß   WC-Sitz:  Brille und Deckel aus durchgefärbten Duroplast mit verstellbaren Universalscharnieren aus rostfreiem V2A Edelstahl, Absenkautomatik, Befestigung von unten  Farbe:            weiß  Anschlußbogen:  schwenkbar, DN 100 Eckventil:           1 Stück DN 15  Zu- und Ablaufgarnitur: Spülrohr und Spülrohrverbinder, WC-Anschlußbogen oder Paßstück aus HD-PE, Abdeckkappen für Befestigungs- schrauben  kompl. liefern und montieren   gew. Fabrikat:   ...................  gew. Typ:        ....................",2551090000
Doppel-Waschtisch WC-J/WC-M 100x47 cm," Rechteckiger Waschtisch nach DIN 14688 , DIN-EN 32 aus Sanitärporzellan 2x Hahnloch recht und links offen (mittig je Waschtischhälfte); mit rundem Überlauf (mittig) mit reinigungsoptimierter, nach innen geneigter Beckenrandgestaltung Größe:  Breite:ca. 1000 mm, Ausladung:ca. 470 mm, Höhe umlaufender Rand: ca. 120 mm Gesamthöhe ca. 190 mm Breite Innenbecken: ca. 950 mm Ausladung Innenbecken: ca. 315 mm Abstand Mitte Ablauf zur Wand: ca. 225 mm Tiefe Hahnlochbank: ca. 130 mm Abstand Mitte Hahnloch zur Wand: ca. 65 mm Gewicht: ca. 28 kg Mit leicht nach vorne geneigter Armaturenbank. Aufkantung an der wandbündigen Seite: ca. 16 mm Befestigung: Stockschrauben M 10 x 120 Farbe: weiß (alpin) Fabrikat der Planung: Duravit Typ: Vero Air @60 Textergänzungen des Bieters gewählter Hersteller/Typ: ........................................................................ vom Bieter einzutragen",2350100024
WC-Sitzring DuraStyle Vital aus Kunststo," WC-Sitzring DuraStyle Vital aus Kunststoff, mit Winkelpuffern und durchgehender Scharnierwelle, Scharniere edelstahl Farbe:  Weiss Fabrikat: Duravit Typ: Dura Style Vital oder gleichwertig",0062510000
 DURAVIT Duschwanne Starck Slimline 800x800x 45mm Quadrat weiß," Villeroy&Boch Subway Infinity, Duschwanne, Keramik, Maße: 1200 x 800 x 40 mm, 01 Weiß Alpin Hersteller: Villeroy&Boch Typ: 6229J301 Liefern und montieren",720114000000000
" Klosettsitz mit Deckel, für zuvor genanntes WC"," Klosettsitz mit Deckel, für zuvor genanntes WC  Klosettsitz mit Deckel, bruchfest mit Anlaufschutz, mit Kunststoffpuffern, inkl. Edelstahlscharniere, Vollprofil aus Kunststoff, schwere Ausführung, Farbton weiß  geplantes Fabrikat:    Duravit  geplanter Typ:    0021390000 oder gleichwertiger Art  Gewähltes Fabrikat:  '' (vom Bieter einzutragen)  Gewählter Typ:  '' (vom Bieter einzutragen) liefern und betriebsfertig montieren.",0021390000
" Tiefspülklosett Sanitärporzellan, ohne Spülrand, mit WC-Sitz, Duravit"," umlaufender Glasur am Beckenrand, weiß (hochglanz), ohne Spülrand, wandhängend, Spülwasserbedarf 4,5 l, Abgang waagerecht, 5 Jahre Gewährleistung des Herstellers; mit WC-Sitz, schwere Ausführung, mit Absenkautomatik, mit Edelstahlscharnieren, durchgehende  Welle, Befestigung von oben, einschl. Fuge am Wandanschluss des WC, oben und seitlich, aus dauerelastischem Silikondichtstoff, Farbe wie Keramik, einschl. Schallschutzset für Wandbefestigung, eingebrannte, dauerhafte Spezialglasur mit porenfreier hydrophiler Oberfläche, zur Flächendesinfektion geeignet Hersteller/Typ Duravit/D-Neo - Rimless, HygieneGlaze",2577092000
 Urinalbecken Sanitärporzellan," Urinalbecken DIN 1390, aus Sanitärkeramik, wandhängend, Farbton/Oberfläche weiß, eingebrannte, dauerhafte Spezialglasur mit porenfreier hydrophiler Oberfläche, zur Flächendesinfektion geeignet, mit Spülrand, verdeckte Befestigung, komplett geschlossene Seitenflächen, Geruchsverschluss verdeckt, Abgang: nach hinten, Zulauf: hinten, mit Einlaufverbinder, mit Absaugformstück, Breite in mm 325, Höhe in mm 580, Tiefe in mm 300,  Befestigung Schrauben.",0829302000
 Behinderten-WC ," Wandtiefspülklosett barrierefrei mit 70 cm Ausladung wandhängend aus Sanitärkeramik für 6 Liter Spülwasser. Rechteckige Beckenform vorne übergehend in einen Halbkreis. Aus Hygienegründen mit geschlossenem Spülrand und keramischem Spülwasserverteiler. Bodenfreiheit 140/117mm bei Einbauhöhe 480mm, einschließlich WC-Sitz (mit Deckel) gemäß DIN 18040-1 und DIN 18040-2. Abmessungen(BxTxH) 360x700x320/355mm. Weiß.  Inklusive Befestigungsset. Befestigung an Tragegestell in einer Trockenbauwand.  Hersteller:  Duravit Typ:  Starck 3 Vital  Verwendung: WC Damen, Erdgeschoss",2203090000
 WC Deckel und Sitz," WC Deckel und SitzWC-Sitz, aus hochwertigem Kunststoff mit Deckel abnehmbar und überlappend. Ausführung ohne A bsenkautomatik. Verdeckte Scharniere aus Edelstahl. Wei ß. Typ: DURAVIT Architec Best.-Nr. 006961   [TB01Fabr.: '' ][TB02Typ: '' ] Lieferung und Montage mit allem sys temgebundenem Zubehör",0069610000
Tiefspül-WC," Tiefspül-WC wandhängendes Tiefspülk-WC, spülrandlos aus Sanitärkeramik weiß mit Oberflächenvergütung wondergliss Maße: 360 x 540 mm Oval Spülwasserbedarf 6/ 4,5 l Abgang waagerecht Farbe weiß wondergliss Bemustertes Fabrikat: Duravit Starck 3 Angebotenes Fabrikat @60 Textergänzungen des Bieters '....................................................' Komplett liefern und montieren",25270900001
"Waschtisch, 600mm"," Waschtisch, 600mm aus Sanitärporzellan nach DIN 1386, DIN-EN 31 Hahnloch mitte offen, links und rechts durchschlagbar, mit Überlauf Größe: Breite: 600 mm, Tiefe 490 mm Befestigung: Laschen, Stein-Schrauben einschl. Wandanschlußstreifen, Befestigung: an Vorwandelement, Farbe: weiß (alpin)",2310600000
 Duravit Wand-WC ME by Starck Compact Tiefspüler aus Sanitärkeramik 370 x480x350mm (1. Alternative zu Position 1)," Duravit Wand-WC ME by Starck Compact Tiefspüler aus Sanitärkeramik 370x480x350mm, rimless, Durafix für 4,5 Liter Spülwasser. UWL Klasse 1.weiss. Hersteller: Duravit Typ: 2530090000 Liefern und montieren",2530090000
WC-Sitzring," WC-Sitzring passend zum vorgenannten WC aus Kunststoff 350x404x46mm, ohne Absenkautomatik, mit Winkelpuffer, durchgehende Scharnierwelle, Material Scharnier Edelstahl Farbe: wei ß Fabrikat:         Duravit Typ:               Starck 3 Vital oder gleichwertig @61 Textergänzungen des Bieters Angebotenes Fabrikat: .............................  @62 Textergänzungen des Bieters Angebotener  Typ: .............................  Bietereintrag",0062610000
Duschwanne Starck Slimline 1600x700x 60mm," Duravit Duschwanne Starck Slimline aus 4 mm Sanitäracryl, 1600x700x60mm Rechteck Bestellnummer: 720129000000001 Farbe: 00 Weiss Oberfläche: Antislip EAN: 4021534893025 Einschließlich: Montagesysteme nach Vorgabe des Herstellers, Duschwannen-Antidröhn-Set, Duschwannen-Schalldämmset, Wannen-Anschluss-Schalldämmband WAS 70, DICHTSET FLEX. Ablaufventil verchromt mit Siphon 1 1/4"" ",720129000000001
 Klosettsitz Deckel Kunststoff," WC-Sitz mit Deckel, aus Kunststoff, Farbton weiß, mit Befestigungselementen, aus nichtrostendem Stahl, Werkstoff-Nr 1.4301, gebürstet, Hersteller/Typ ' Duravit / Me by Starck 0020090000 ' .",0020090000
"WT, unterfahrbar, 600 x 550 mm, mit HL, ohne ÜL, weiß", vom Bieter einzutragen,2313600000
"Badewanne, 1,70  x 0,75 m, Acryl"," Einbauwanne aus Sanitäracryl, Ablauf mittig, mit einer Rückenschräge Länge             1700mm Tiefe              750mm F arbe weiß komplett mit Wannen- Ab- und Überlaufgarnitur, Ablauf, verchromt liefern und montieren Fabrikat: Duravit D-Code (#700099000000000)",790227000001000
" Duravit Waschtisch Vero 600 mm mit ÜL, mit HLB, 1 HL, weiss"," Duravit Waschtisch Vero aus Sanitärkeramik, 600x465x165mm mit Hahnlochbank Bestellnummer: 0454600000 Farbe: 00 Weiss Ausführung: mit Überlauf, 1 Hahnloch EAN: 4021534217265  liefern und montieren",0454600000
 DURAVIT DuraStyle Waschtisch 550x440," DURAVIT DuraStyle Waschtisch Design by Matteo Thun, mit Überlauf aus Sanitärkeramik. Rechteckige Beckenform mit vorn abgerundeten Ecken und einer markanten, schmalen Keramikkante. Hahnlochbank mit Hahnloch für Einloch und für Dreilocharmatur. Abmessungen(BxTxH) 550x440x170mm. Weiß.  Liefern und montieren  gepl. Fabrikat: Duravit gepl. Typ:  DuraStyle  oder gleichwertig  gew. Fabrikat: ............. gew. Typ : ............. ",2319550000
" WC-Sitz D-Code weiss Scharniere Edelstahl, mit Absenkautomatik (WC-Sit z für Alternativ-Position 9)"," WC-Sitz weiss Scharniere Edelstahl, mit Absenkautomatik SoftClose.  Fabrikat: Duravit D-Code 0067390000  Fabr./Typ des Bieters:.?.?.?.?.?.?.?.?.?.?.?.?  Liefern und montieren",0067390000
Waschtisch," Waschtisch & Handwaschbecken aus Sanitärkeramik, Hahnloch Mitte offen, Befestigung mit 2 Stockschrauben. Farbe:                                                   weiß Komplett einschl. Schallschutzmatte sowie allem notwendigen Befestigungs- und Kleinmaterial. Für die nachfolgende Position ist vorgesehen: Fabrikat:                           Duravit Typ:                                                       DuraStyle Lieferung und Montage einschließlich erforderlichem Zubehör.",2319550000
 Stonetto Duschwanne," Stonetto Duschwanne Art.-Nr. 720145 Rechteck, DuraSolid# Q, 50 mm Design by EOOS Varianten Duschwanne 720145380000000 Farbe weiss  inklusive Zubehör: - Schalungsholfe - Schallschutzset - Abdichtset - Duschwannenträger - Duschwannenablauf  liefern und montieren",720145380000000
"Duravit-D-Code WC-Sitz mit -Deckel, Soft-Close,"," Duravit-D-Code WC-Sitz mit -Deckel, Soft-Close, Absenkautomatik, Kunststoffscharniere s.w.v",0067390000
Einbau-Waschtisch 600x470mm," Einbau-Waschtisch 600x470mm, Beckenaußenform rechteckig, Breite 600 mm, Ausladung 470 mm, Beckeninnenform rechteckig, Breite 555 mm, Tiefe 320 mm, aus Sanitärporzellan, weiß, glasiert, ohne Hahnloch, ohne Überlauf, zum Einsetzen in Unterbauschrank von oben, einschl. Verfüllen der Fugen, mit elastischem Dichtstoff DIN EN 15651-3, Basis Silicon, K lasse XS 2, Volumenschwund kleiner gleich 20 %, Fugenbreite 5 mm.",0372600000
Waschbecken Sanitärporzellan B 700-800mm Ausladung 450-500mm Fuge verf," Waschbecken, Beckenaußenform rechteckig, aus Sanitärporzellan, Farbton weiß, glasiert, mit Loch für Einlocharmatur, mit Überlauf, fü r Ablaufventil, Breite über 700 bis 800 mm, Ausladung über 450 bis 500 mm, Befestigung an Installationselement, mit Schallschutz DIN  4109-1, einschl. Verfüllen der Fugen, mit elastischem Dichtstoff DIN EN 15651-3, Basis Silicon, Fugenbreite 5 mm.",03426500002
Duravit Waschtisch D-Code 60x46cm weiß," Duravit Waschtisch D-Code 60x46cm weiß aus Sanitärkeramik 600x460x175mm mit Überlauf, mit Hahnlochbank Farbe: 00 Weiß Alpin  Bestellnummer: 2310600000  oder gleichwertig angeb. Fabrikat : @1 Textergänzungen des Bieters '..............................'",2310600000
Ausgussbecken ," Ausgussbecken, ohne Überlauf aus Sanitärkeramik. Rechteckige Beckenform mit 35mm breitem Rand und 100mm hochgezogener Rückwand als Spritzschutz. Optionale Montage eines Klapprost möglich. Abmessungen(BxTxH) 480x425x300mm (Gesamthöhe). Weiß inkl. Siphon     Angbotenes Produkt:................... ",0313480000
" Tiefspül-WC, 4,5 und 6 l, wandhängend , Duravit, PHILIPP STARCK 3, Spülrandlos,  540 x 365 mm  "," Tiefspül-WC, 4,5 und 6 l, wandhängend Farbrikat:  Duravit Modell:  PHILIPP STARCK 3   Spülrandlos Abmessungen: 540 x 365 mm Montage:  wandhängend Sitzhöhe:  41 cm Abgang:  waagrecht Material:  Sanitärporzellan WC-Farbe:      weiß einschl. verdeckter Befestigung  Montage für Wandeinbauspülkasten   liefern und montieren   ",2200090000
"Tiefspül-WC 4,5-6l wandhängend, 54cm Ausl."," Tiefspül-WC 4,5-6l wandhängend aus Sanitärporzellan DIN-EN33 und DIN-EN997 für Unterputzspülkasten -      Zulauf von hinten -      Abgang waagerecht Abmessungen: -      Breite 36,00 cm -      Tiefe 54,00 cm Fabrikat:  .............................................................. Modell:  .............................................................. Artikel-Nr.:  ..............................................................",0184090000
 WC Sitz für Wand WC," WC Sitz passend zu vorher genanntem Wand WC mit Absenkautomatik und abnehmbar Farbe: weiß matt/weiß Bestellnummer: 0020192600  Hersteller: Duravit Typ: WC Sitz, Me by Starck",0020192600
" Duravit Waschtisch Happy D.2 600 mm mit ÜL, mit HLB, 1 HL, weiss"," Duravit Waschtisch Happy D.2 aus Sanitärkeramik, 600x475x175mm mit Überlauf, mit Hahnlochbank Bestellnummer: 2316600000 Farbe: 00 Weiss Ausführung: 1 Hahnloch EAN: 4021534848766 ",2316600000
 Duravit Waschtisch D-Code 55x43cm weiß," Duravit Waschtisch D-Code 55x43cm weiß aus Sanitärkeramik 550x430x150mm mit Überlauf, mit Hahnlochbank Farbe: 00 Weiß Alpin  Bestellnummer: 2310550000  oder gleichwertig angeb. Fabrikat :'..............................'",2310550000
 Tiefspül-WC Sanitärporzellan glasiert hängend Ausladung 650-700mm," Tiefspül-WC DIN EN 997, als barrierefreie Ausführung DIN 18040, schockgeprüft, aus Sanitärporzellan, glasiert, Farbton weiß, wandhängend, Spülmenge 6 l, Ausladung über 650 bis 700 mm, Abgang waagerecht, mit Schallschutz DIN 4109, Hersteller/Typ ' Duravit / Starck 3 Vital' .",2203090000
"  WC-Sitz, Behinderten WC,","  WC-Sitz, Behinderten WC,  Edelstahl-Scharnier, weiss    Incl. alle Klein-, Neben- und Befestigungs- und Dichtungsmaterialien, die zur fachgerechten Montage notwendig sind  komplett liefern und fachgerecht betriebsfertig montieren  ",0060410000
 Duravit Starck 3 Vital Waschtisch 60cm m.Überlauf m.Hahnl.m.HLB weiss, Duravit Waschtisch Starck 3 aus Sanitärkeramik 545x600x200mm mit Hahnlochbank wandhängend  Farbe:   weiß hochglanz Ausführung:  1 Hahnlöcher Wondergliss:  Nein  Fabr.:   Duravit Typ:   Starck 3  oder gleichwertig  Fabrikat: ____________________________  Typ: ____________________________ ,0309600000
Urinal, (Gewähltes Fabrikat und Typ ist einzutragen),0051110000
" Tiefspül-WC Set mit WC Sitz, Spülrandlos"," Tiefspül-WC Set mit Sitz, Spülrandlos - Für UP-Spülkästen Eigenschaften - Tiefspül-WC - Wandhängend - Original rimfree, komplett spülrandlos mit patentiertem Spülstromverteiler -Typ 1, Vollmenge 6 l, nach EN 997  Technische Eigenschaften - Farbe: weiß - Werkstoff: Sanitärkeramik - B / Breite (cm): 37 cm - H / Höhe (cm): 40,5 cm - T / Tiefe (cm): 54 cm - Gewicht: 21,320 kg - Absenkautomatik: ja - Quick-Release-Scharniere: ja - Befestigung: von oben - Scharnierwerkstoff: Messing verchromt   geplantes Fabrikat:    Geberit  geplanter Typ:    Renova; Artikel-Nr.: 500.801.00.1  oder gleichwertiger Art  Gewähltes Fabrikat:  '' (vom Bieter einzutragen)   Gewählter Typ:  '' (vom Bieter einzutragen)  liefern und betriebsfertig montieren.",45700900A1
 Handwaschbecken Sanitärporzellan," Handwaschbecken, Anschlußmaße DIN EN 31 und DIN EN 32, aus Sanitärkeramik, für Einlocharmatur, Hahnloch mittig, mit Überlauf, mittig, reduzierte Randhöhe, gerade Wandanbindung/Ablagefläche auf der Hahnlochbank, eckiges Design/Form, Breite in mm 450, Ausladung in mm 340, Höhe in mm 165, Farbton/Oberfläche weiß/glasiert, Befestigung mit Stockschrauben M10 x 120.",0705450000
 WC Sitz für Wand WC," WC Sitz passend zu vorher genanntem Wand WC mit Absenkautomatik und abnehmbar Farbe: weiß matt/weiß Bestellnummer: 0020192600  Hersteller: Duravit Typ: WC Sitz, Me by Starck",0020192600
"Duravit Papierrollenhalter D-Code, chrom"," Duravit Papierrollenhalter D-Code, chrom Duravit Papierrollenhalter D-Code Farbe: 10 Chrom",0099261000
Waschtisch, Technische Daten: - Farbe:                                                         weiß - Werkstoff:                                                    Sanitärkeramik - Höhe:                                                          160 - Breite:                                                         600 - Tiefe:                                                           545                                                                     mit Hahnlochbank                                                                      mit Überlauf Fabrikat/Typ:                                                 Duravit / Starck 3 Vital Artikelnummer:                                               0309600000                                                                     oder gleichwertiger Art angebotenes Fabrikat:   @61 Textergänzungen des Bieters '....................................................' liefern und montieren,0309600000
 Urinalbecken, Urinalbecken Urinal absaugend aus Sanitärkeramik mit Zulauf von hinten Für Siphon Abgang waagerecht optional senkrecht. Außen glatte geschlossene Form. Einschließlich Befestigung. einschließlich Urinal-Absaugesiphon Spülmenge 1 Liter. Abmessungen(BxTxH) 300x340x560mm. Befestigung: an Vorwandelement Zulauf: von hinten Ablauf: nach hinten mit Befestigungssatz Farbe: weiß (alpin) Ohne Fliege ,0821350000
"Tiefspüler-WC, wandhängend, weiß, mit WC-Sitz"," Tiefspüler-WC CE-gekennzeichnet, wandhängend, 40 mm Bodenfreiheit, mit glasiertem Spülrand, mit keramischem Wasserverteiler für Wandeinbaudruckspü ler oder Wandeinbauspülkasten  Farbe: weiss Form: eckig Material: Sanitärporzellan Gewicht : ca. 16,2 kg Breite: ca. 360 mm Ausladung: ca. 550 mm Höhe: ca. 360 mm Zulauf: von hinten Abgang: waagerecht  Fabrikat der Planung: Fabrikat: Keramag Typ: Renova Nr.1 oder gleichwertig angebotenes Fabrikat des Bieters: @11 Textergänzungen des Bieters '.....................................................................'  liefern und montieren",2535090000
Urinalbecken, Urinalbecken Urinal absaugend aus Sanitärkeramik mit Zulauf von hinten Für Siphon Abgang waagerecht optional senkrecht. Außen glatte geschlossene Form. Einschließlich Befestigung. einschließlich Urinal-Absaugesiphon Spülmenge 1 Liter. Abmessungen(BxTxH) 300x340x560mm. Befestigung: an Vorwandelement Zulauf: von hinten Ablauf: nach hinten mit Befestigungssatz Farbe: weiß (alpin) Ohne Fliege,6958000000
"  WC-Sitz, normal, ","  WC-Sitz, normal,  Edelstahl-Scharnier, weiss Deckel aus Duroplast   Incl. alle Klein-, Neben- und Befestigungs- und Dichtungsmaterialien, die zur fachgerechten Montage notwendig sind ",0067310000
" Urinal aus Sanit#rkeramik 30x34cm Zul. v. hinten, Abg. waag. weiss"," Urinal aus Sanit#rkeramik 30x34cm Zulauf von hinten, 1/2 "" Anschluss Abgang: Siphon innen waagerecht, # 50mm, Keramikfarbe: Wei#, Hochglanz, Design mit Zielpunkt Fliege Abmessungen(BxTxH): 340x300x560mm, Sp#lwirkung mit 1 Liter. Zulauf # Set,f#r Membran als Geruchsverschluss sowie Befestigung. Leitfabrikat: DURAVIT DuraStyle Urinal mit Rimless«, Das angebotenes Fabrikat ist vor Einbau zur Bemusterung vorzustellen.  gew#hltes Fabrikat: ...........................",2804300000
Urinal wasserlos," Urinal aus Sanit ä rporzellan verwendbar f ü r wasserlosen Betrieb ohne Sp ü lrand, mit verdeckter Befestigung, mit mechanischem Gummi-Geruchverschluss und Edelstahlsieb Farbe    : wei ß (alpin) Gr öß e   : B 370 mm, H 710 mm, T 330 mm inkl. Befestigungssatz, Ablaufeinheit, Mit dauerhafter gebrannter, porenfreier Glasur, Oberfl ä chenrauhheitswert nach DIN 4768-ISO 4287 Ra < 0,01 µ m Hinweis: Die zuvor genannten technischen Daten, Abmessungen und Gewichte sind Richtwerte und k ö nnen je nach Hersteller abweichen. Diese Richtwerte sind +/- 5% Toleranz einzuhalten! liefern und montieren",2808300000
WC-Sitz," WC-Sitz  einschl. Edelstahlbefestigung, mit Deckel und Absenkautomatik.  Farbe:            weiß ",0064190096
"Handwaschbecken Duravit Vero Air 450x350 m.HL, weiß"," für Personal-WC aus Sanitärkeramik mit Hahnloch und Überlauf  Fabrikat: Duravit Typ: Vero Air Art.-Nr.: 0724450027  1 Design Geruchverschluss 1 1/4"" x 1 1/2"" mit feststehendem Tauchrohr, Wandanschluss mit Schraubrosette, Dichtungsmaterial  komplett einschl. aller Klein- und Befestigungsmaterialien sowieSchallschutzset liefern, anbringen und mit den Rohrleitungen verbinden",0724450027
Ablageplatte für Waschtisch, Ablageplatte für Waschtisch - aus Sanitärporzellan - mit verdeckten Befestigungsschrauben Abmessungen: Breite:      über 550 mm bis 600 mm Ausladung:   über 100 mm bis 200 mm Farbe:      weiss Befestigung mit Schrauben und Schalldämmeinlage an Leichtbauwand angebotenes @11 Textergänzungen des Bieters Fabrikat/Typ: '.............................',0893600000
"Waschtisch, 55x43x17,5cm, weiß, mit Hahnloch, mit Überlauf aus"," Waschtisch, 55x43x17,5cm, weiß, mit Hahnloch, mit Überlauf aus Sanitärkeramik. Großes rechteckiges Becken mit runden Ecken und Hahnlochbank mit Hahnloch für Einlocharmatur. Abmessungen(BxTxH)550x430x175mm. Weiß einschließlich Befestigung und Silikonfuge weiß angebotenes Fabrikat/Typ  @01 Textergänzungen des Bieters    vom Bieter einzutragen. komplett incl. allem systembedingtem Klein- und Montagematerial liefern und montieren.",2310550000
WC-Sitz für Modell Starck 3, WC-Sitz aus hochwertigem Kunststoff mit Deckel über den Sitz greifend. Verdeckte Scharniere aus Edelstahl. Für Modell Starck 3 Farbe:    Weiß.  Fabrikat: DURAVIT Best.Nr.: 0063810000,0063810000
Handwaschbecken, Handwaschbecken 450 x 340 Fabrikat:      Duravit Typ:D-Code Farbe:weiß inkl. Ab- und Überlaufgarnitur und Waschtisch-Befestigungen,0705450000
" WC-Sitz, Softclose,"," WC-Sitz, Softclose, Edelstahl-Scharnier, weiss   Incl. alle Klein-, Neben- und Befestigungs- und Dichtungsmaterialien, die zur fachgerechten Montage notwendig sind  Fabrikat : Duravit Typ : D-Code oder glw.  gewähltes Fabriat: ...................................... gewählter Typ: ......................................  komplett liefern und fachgerecht betriebsfertig montieren ",0067390000
"Waschtisch WC Behindert 60x55 cm, unterfahrbar"," Rechteckiger Waschtisch nach DIN 14688 , DIN-EN 32 aus Sanitärporzellan Hahnloch Mitte offen; mit rundem Überlauf unterfahrbar Größe:  Breite:ca. 600 mm, Ausladung:ca. 550 mm, Höhe umlaufender Rand: ca. 80 mm Gesamthöhe ca. 160 mm Breite Innenbecken: ca. 520 mm Ausladung Innenbecken: ca. 400 mm Abstand Mitte Ablauf zur Wand: ca. 205 mm Tiefe Hahnlochbank: ca. 125 mm Abstand Mitte Hahnloch zur Wand: ca. 65 mm Gewicht: ca. 19,1 kg Mit leicht nach vorne geneigter Armaturenbank. Aufkantung an der wandbündigen Seite: ca. 16 mm Befestigung: Stockschrauben M 10 x 120 Farbe: weiß (alpin) @60 Textergänzungen des Bieters angebotener Hersteller: ................................................... @61 Textergänzungen des Bieters angebotenes Fabrikat:   .................................................... @62 Textergänzungen des Bieters angebotener Produkttyp: ....................................................",2312600000
 Ausgussbecken ohne Überlauf," Ausgussbecken ohne Überlauf Ausführung wie Hersteller/Type: Duravit/Starck 3 oder gleichwertige Art Angebotener Hersteller/Type:  ....................................... (vom Bieter einzutragen) aus Sanitärkeramik, rechteckige Beckenform mit 35mm breitem Rand und 100mm hoch gezogener Rückwand als Spritzschutz. Inklusiv Befestigung für Montage ohne Klapprost, einschließlich Befestigungsmaterial. Abmessungen(BxTxH):	 480x425x300mm einschl. Wandanschluß mit dauerelastischem Kitt. Zubehör: Klapprost Nr. 0050011000",0050011000
"Wand-WC, Tiefspüler mit 70 cm Ausladung wandhängend"," Wand-WC, Tiefspüler mit 70 cm Ausladung wandhängend aus Sanitärkeramik, für 6 Liter Spülwasser, EWL Klasse 2, rechteckige Beckenform, vorne übergehend in einen Halbkreis, mit geschlossenem Spülrand und keramischem Spülwasserverteiler, Bodenfreiheit 140/117mm bei Einbauhöhe 480mm, einschl. WC-Sitz gemäß DIN 18040-1 und DIN 18040-2, Abm.: (BxTxH) 360x700x320/355mm, liefern.  Farbe: weiß Abgang: waagerecht  Planungsfabrikat: Duravit oder gleichwertig Typ: Starck 3 Wand-WC Vital  Hersteller/Typ  @01 Textergänzungen des Bieters    vom Bieter einzutragen.",0062410000
"Tiefspül-Wand-WC 6l, spülrandlos, normal"," Tiefspül-WC, 4,5/6 l, ohne Spülrand, CE, EN 997 6 AC/5 A, EN 38 aus Sanitärporzellan CE-gekennzeichnet wandhängend, für Wandeinbauspülkasten Maße: ca. 75 mm Bodenfreiheit Breite: ca. 360 mm, Ausladung: ca. 540 mm, Höhe: ca. 355 mm Standardbefestigungshöhe: Oberkante ca. 430 mm Abstand der WC-Sitzbefestigungslöcher ca. 200 mm Befestigung: Gewindestangen M 12 x 150 Zulauf: von hinten Abgang: waagerecht - einschl. Befestigungsmaterial Fabrikat der Planung: Vigour Typ: Derby @60 Textergänzungen des Bieters gewählter Hersteller/Typ: ........................................................................ vom Bieter einzutragen",2527090000
 Schallschutz- und Befestigungsset," Schallschutz- und Befestigungsset für vorstehendes Wand-WC, zur Montage zwischen WC-Körper und Fertigwand",0065001000
Absaugsiphon," Absaugesiphon, Abgang waagerecht (verdeckt) Ø 50mm, 0,5-4l",0051130000
 WC - Sitz  Duravit Starck 3," WC-Sitz, aus hochwertigem Kunststoff mit Deckel über den Sitz greifend. Verdeckte Scharniere aus Edelstahl. WC-Sitz mit Absenkautomatik, abnehmbar. Farbe: weiß   Hersteller / Typ: Duravit / Starck 3 #0063890000",0063890000
" Tiefspül-WC, ohne Spülrand, 4,5/6 l, aus Sanitärporzellan, CE-gekennzeichnet, wandhängend, 70 mm Bodenfreiheit für Wandeinbauspülkasten,"," Tiefspül-WC, ohne Spülrand, 4,5/6 l, aus Sanitärporzellan, CE-gekennzeichnet, wandhängend. Breite: 360 mm, Tiefe: 540 mm Befestigung: Gewindestangen M 12 x 150 Zulauf: von hinten Abgang: innen waagerecht Farbe:weiß-alpin  Mit dauerelastischem Wandabschluss  Hersteller/Typ - Duravit/Philipp Stark 3",2527090000
"Wand-WC Rimless, Tiefspüler wandhängend mit verdeckter"," Wand-WC Rimless, Tiefspüler wandhängend mit verdeckter Befestigung. Spülrandloses Wand-WC mit patentierter  Rimless Spültechnologie aus Sanitärkeramik für 4,5 Liter Spülwasser nach EWL Klasse 1. Außen glatte geschlossene rechteckige Beckenform vorne übergehend in einen Halbkreis. Wandanschluss mit Aufkantung. Bodenfreiheit 60/95mm bei Einbauhöhe 400mm. Abmessungen(BxTxH)360x540x340mm. Weiß. incl. Befestigung und herstellen einer Silikonverfugung weiß angebotenes Fabrikat/Typ  @01 Textergänzungen des Bieters    vom Bieter einzutragen. komplett incl. allem systembedingtem Klein- und Montagematerial liefern und montieren.",2570090000
Wand-WC-Set," Wand-WC-Set Wand-WC Compact Duravit Rimless ® Set, bestehend aus: Wand-WC Compact Duravit Rimless ®  und WC-Sitz, Scharniere Edelstahl, mit Absenkautomatik Farbe: 00 weiss Fabrikat:         Duravit Typ:               D-Neo             oder gleichwertig @61 Textergänzungen des Bieters Angebotenes Fabrikat: .............................  @62 Textergänzungen des Bieters Angebotener  Typ: .............................  Bietereintrag",45870900A1
 D-CODE Waschtisch," D-CODE Waschtisch mit 1 Hl., Hlb. u.Ül. 600 x 460 mm, weiß Duravit Waschtisch D-Code aus Sanitärkeramik, 550x430x175mm mit Überlauf, mit Hahnlochbank Bestellnummer: 2310550000 Farbe: 00 Weiß Ausführung: 1 Hahnloch",2310550000
Waschtisch 600x450x190mm," Waschtisch 600x450x190mm aus Sanitärkeramik mit Überlauf, mit Hahnlochbank Farbe: 00 Weiss Ausführung: 1 Hahnloch  Duravit, Starck 3 Art.-Nr. 0300600000",0300600000
Urinal Variante MR," Urinal aus Sanitärkeramik 350x300x585mm, Position Zulauf Hinten, Absauger, Spülrand rimless, Farbe: Weiß Hochglanz, Ausführung: ohne, Wondergliss: Ja Fabr.:   Duravit Typ:   ME by Starck Art.-Nr.:   28093000001 @11 Textergänzungen des Bieters gewähltes Fabrikat: '..........' @12 Textergänzungen des Bieters Typ: '..........'  Liefern, vom Abladeplatz zum Aufstellungsort transportieren und inkl. erforderlichem Zubehör betriebsfertig montieren.",28093000001
" Duravit WC-Sitz Starck 3 mit SoftClose Scharniere edelstahl, weiss"," Duravit WC-Sitz Starck 3 aus Kunststoff mit Absenkautomatik SoftClose, abnehmbar Scharniere edelstahl Bestellnummer: 0063890000 Farbe: 00 Weiss EAN: 4021534386190  liefern und montieren",0063890000
Wand WC," Duravit Wand-WC Starck 3 540 mm Tiefspüler, weiss Duravit Wand-WC Starck 3 Tiefspüler aus Sanitärkeramik 360x540x320mm, für 6 Liter Spülwasser Bestellnummer: 2200090000 Farbe: 00 Weiss EAN: 4021534223037 Hersteller/Fabrikat:     '............................................................' vom Bieter einzutragen",2200090000
 Duravit WC-Sitz D-Code Compact," Duravit WC-Sitz D-Code Compact ohne SoftClose Scharniere edelstahl, weiss Duravit WC-Sitz D-Code aus Kunststoff ohne Absenkautomatik Scharniere edelstahl  Fabrikat : Duravit Modell : D-Code Art.-Nr.: 0067310099 liefern und montieren",0067310099
 WC-Anlage ," WC-Anlage  bestehend aus: WC-Körper rimless, WC-Anschlußbogen, Schallschutzset, Anschlußzubehör, WC-Sitz und Deckel einschl. Befestigung, sowie Verfüllen zwischen Einrichtungsgegenstand und Wand mit weißem, elastischem, nichtschimmelndem Material;  WC-Körper:      Wandhängendes Tiefspülklosett Material:           Kristallporzellan Fabrikat:           Duravit Modell:             Dura Style Farbe:                weiß   WC-Sitz:  Brille und Deckel aus durchgefärbten Duroplast mit verstellbaren Universalscharnieren aus rostfreiem V2A Edelstahl, Absenkautomatik, Befestigung von unten  Farbe:            weiß  Anschlußbogen:  schwenkbar, DN 100 Eckventil:           1 Stück DN 15  Zu- und Ablaufgarnitur: Spülrohr und Spülrohrverbinder, WC-Anschlußbogen oder Paßstück aus HD-PE, Abdeckkappen für Befestigungs- schrauben  kompl. liefern und montieren   gew. Fabrikat:   ...................  gew. Typ:        ....................",0063790000
WC-Sitz Starck 3 Vital aus Kunststoff," WC-Sitz Starck 3 Vital aus Kunststoff ohne Absenkautomatik mit Winkelpuffern und durchgehender Scharnierwelle, Scharniere  Edelstahl Farbe:  weiß Fabrikat:  Duravit Typ:  Starck 3 Vital",0062410000
Tiefspül-WC Sanitärporzellan glasiert eckig hängend Ausladung 650-700m," Tiefspül-WC, als barrierefreie Ausführung DIN 18040, aus Sanitärporzellan, glasiert, Farbton weiß, eckig, mit geschlossenem Spülrand , mit Bohrungen, wandhängend, Spülmenge 6 l, Ausladung über 650 bis 700 mm, Abgang waagerecht, mit WC-Sitz, ohne Deckel, Befestigung  an Installationselement, einschl. Verfüllen der Fugen, mit elastischem Dichtstoff DIN EN 15651-3, Basis Silicon, Fugenbreite 5 mm, Farbton weiß, Fugenausbildung dreieckig, .",2203090000
"Tiefspül-WC, 6l, 540mm"," Tiefspül-WC, 6l aus Sanitärporzellan CE-gekennzeichnet, geeignet für - Druckspüler - UP-Spülkästen Eigenschaften - Wandhängend - Mit Spülrand - Klasse 1, Vollmenge 6 / 5 l, nach  EN 997 - Bodenfreiheit 7 cm - Für 4,5 l Spülbetrieb geeignet - 10 Jahre Nachkaufgarantie - Farbe: weiß - Werkstoff: Sanitärkeramik - Breite: 35,5 cm - Höhe: 34 cm - Tiefe: 54 cm",2535090000
Kunststoff-Toilettensitz mit Edelstahlwelle," WC-Sitzring, Kunststoff, weiß mit durchgehender Edelstahlscharnierwelle mit Befestigung für vorstehend beschriebenes WC, 700 mm lang",0060910000
 DURAVIT Starck 3 Waschtisch Design  600x450," Duravit Waschtisch Starck 3 aus Sanitärkeramik, 600x450x190mm mit Überlauf, mit Hahnlochbank Ausführung: 1 Hahnloch  Liefern und montieren  gepl. Fabrikat: Duravit  gepl. Typ:  Starck 3  oder gleichwertig  gew. Fabrikat: ............. gew. Typ : ............. ",0300600000
 Behindertengerechter Waschtisch," Waschtisch Vital Design by Philippe Starck, mit Überlauf aus Sanitärkeramik. Barrierefrei gemäß DIN 18040-1 und DIN 18040-2. Rechteckige Beckenform mit 35mm breitem Rand und tiefer liegender Hahnlochbank für Einlocharmatur. Wandanschluss mit Aufkantung 35x40mm als Spritzschutz. Abmessungen(BxTxH)600x545x160mm. Weiß.  einschl. Befestigungsmaterial  Fabrikat der Planung:  Hersteller: Duravit Typ: Starck 3 Vital Art.Nr.:  0309600000  oder gleichwertiger Art  angebotenes Fabrikat:  Hersteller: '..........'  Typ: '..........'",0309600000
" Klassenzimmer-Waschbeckenanlage Fabrikat. Duravit, Modell: SCOLA, Größe 615 x 460 mm  Größe 600 x 480 mm, mit kompl. Zubehör"," Klassenzimmer-Waschbeckenanlage bestehend aus: 1 Waschtisch Größe 615 x 460 mm    Fabrikat. Duravit, Modell: SCOLA    oder gleichwertiger Art,    aus Feuerton, Farbe weiß-alpin,    mit Schwammablage und Abstellfläche,    Becken wahlweise links oder rechts,    mit durchschlagbarem Ventilloch 1 Satz passender WB-Befestigungen 1 verchr. Ablaufventil DN 32    mit Siebplatte und Überlauf,    Schaftlänge 70 mm, 1 verchr. Röhrensifon DN 32    mit verlängertem Tauch- und Wandrohr    sowie großer Rosette, einschl. der    Ablaufverbindung. liefern und montieren",0685600000
 WC-Anlage best. aus:," Wand-Tiefspül-WC Duravit, Typ Starck 3, WC- Sitz Duravit Typ Vital Geberit Betätigungsplatte Geberit Sigma 01 oder Bolero Schallschutzset",0063810000
Waschbecken wandhängend Sanitärporzellan B 550-600mm Ausladung 450-500," Waschbecken DIN EN 31 (wandhängend), aus Sanitärporzellan, Farbton weiß, glasiert, ohne Hahnloch, mit Überlauf, für Ablaufventil, Br eite über 550 bis 600 mm, Ausladung über 450 bis 500 mm, mit Schallschutz DIN 4109-1, @1 Textergänzungen des Auftraggebers Hersteller und Typ 'Duravit / Vero' oder gleichwertig, @2 Textergänzungen des Bieters Hersteller und Typ vom Bieter einzutragen .",2350600070
WC- Sitz D- CODE weiss, WC- Sitz D- CODE weiss,0067310000
" Waschtisch,"," Waschtisch, Sanitärporzellan, Maße: 600 x 460 mm, Eckig, für 3-Loch Armatur geeignet, mittleres Hahnloch durchgestochen, mit Überlauf, inkl. Befestigungsmaterial, Weiß Alpin, inkl. Schallschutzsett.  Fabrikat:  Duravit oder gleichwertig Typ:  D-Code  gewähltes Fabr.: '....................................'   vom Bieter einzutragen  gewählter Typ: '.....................................'   vom Bieter einzutragen",2310600000
Urinal-Becken," Urinal-Becken aus Sanitärkeramik Maße: 300 x 585 x 350 mm Spülwasserbedarf: 0,5l I incl. Befestigungssatz für verdeckte Befestigung Komplette Steuerung,Spülung, Zu- und Ablauf ohne Deckel Farbe Weiß wonderglass bemustertes Fabrikat: Duravit Rimless Angebotenes Fabrikat ................................... Komplett liefern und montieren",28093000001
"Waschtischanlage, rund"," Waschtischanlage, bestehend aus: Aufsatzbecken mit Überlauf aus Sanitärkeramik ohne Hahnloch zur Montage auf Konsole oder Badmöbel, Durchmesser: 420 Abmessungen (BxTxH): 420x420x155mm @11 Textergänzungen des Bieters gew. Fabr.: '..........' @12 Textergänzungen des Bieters gew. Typ: '..........' 1 mess.-verchr. Ablaufventil DN 32 1 mess.- verchr. Rohrgeruchverschluss mit Tauchrohranschluss, 2 mess.-verchr. Eckventile 1/2"", mit Rosette 1 Schallschutzstreifen einschl. Befestigungsmaterial komplett liefern und montieren, einschl. Silikonverfugung",0325420000
 Handwaschbeckenanlage bestehend aus:," Handwaschbeckenanlage bestehend aus:  1 Handwaschbecken Duravit Vero 450 x 350 mm 1 Einhand-Waschtischbatterie Grohe Concetto 1/2""   Ausladung 101 mm, mit Temperaturbegrenzer   mit Zugknopf-Ab- und Überlaufgarnitur 2 Eckventil 1/2"" 1 Röhrengeruchverschluß verchromt 1 1/4""  liefern und montieren",0704450000
Ausgussbecken 480x425 mm Farbe weiß, Ausgussbecken ohne Ü berlauf aus Sanit ä rkeramik. Rechteckige Beckenform mit 35mm breitem Rand und 100mm hochgezogener R ü ckwand als Spritzschutz. Komplett mit zugeh ö rigen Klapprost und Befestigung. Innenbecken(BxT)  410x350mm. Abmessungen(BxTxH)  480x425x300mm (Gesamth ö he). Farbe:  Wei ß,0050011000
 Tiefspül - WC Duravit Starck 3 - Duravit Rimless," Tiefspüler wandhängend mit verdeckter Befestigung. Spülrandloses Wand-WC mit patentierter Duravit Rimless# Spültechnologie aus Sanitärkeramik für 4,5 Liter Spülwasser nach EWL Klasse 1. Außen glatte geschlossene rechteckige Beckenform vorne übergehend in einen Halbkreis. Wandanschluss mit Aufkantung. Bodenfreiheit 60/95mm bei Einbauhöhe 400mm. Abmessungen(BxTxH)360x540x340mm. Farbe: weiß Einschl. Befestigung für Wand-WC und Schallschutzset.   Hersteller / Typ: Duravit / Starck 3 #2527090000",2527090000
Urinale für UP Steuerungen ," Urinal für Unterputzsteuerung   Eigenschaften - Ausspülen der Urinalkeramik mit 0,5 l pro Spülung gewährleistet, unter Einhaltung der EN 13407 - Reinigung des Entwässerungssystems ohne Abnehmen der Keramik - Sprühkopf von vorne austauschbar, ohne Abnehmen der Keramik - Geruchsverschlussaufnahme werkzeuglos   Technische Eigenschaften - Farbe: weiß - Kleine Spülmenge Einstellbereich: 0,5 l - Zielmarkierung: nein - Zulauf: hinten   im Lieferumfang enthalten: - Befestigungsmaterial - Urinalgeruchsverschluss mit Absaugfunktion - Ablaufsieb - Ablaufgarnitur - Rückflussverhinderer - Anschlusswinkel 90G R 1/2""   Zusätzlich zu bestellen - UP-Urinalsteuerung   Fabrikat z.BeispielDuravit My Stark oder gleichwertig   Angebotenes Produkt:....................... ",2809300000
" WT 500 mm, Duravit Vero"," Handwaschbeckenanlage 500 mm, weiß Fabrikat Duravit Typ Vero für 1- und 3 Locharmatur Waschbecken aus Kristallprozellan mit Ab- und Überlauf Größe  500/435 mm, Standardfarbe weiß einschl. Expressbefestigung liefern und montieren",0454500000
 Wandurinal aus Sanitärkeramik," Wandurinal aus Sanitärkeramik Zulauf und Ablauf nach hinten verdeckt, einschl. Urinal-Absaugesyphon aus Kunststoff, Befestigung mit verchromter Abdeckmutter und Anschlußzubehör Farbe: weiß Fabrikat: Hersteller: Duravit  Modell: Bill oder gleichwertiger Art  angebotenes Fabrikat:   Hersteller: '.....................................'   Typ: '.....................................' ",0851350000
 DURAVIT Starck 3 Waschtisch weiss 600 x 450 x 190 mm," DURAVIT Starck 3 Waschtisch Design by Philippe Starck, mit Überlauf aus Sanitärkeramik. Rechteckige Beckenform mit 37mm breitem Rand und tiefer liegender Hahnlochbank für Einloch- Armatur. Wandanschluss mit Aufkantung 35x35mm als Spritzschutz. Innenbecken(BxT)530x280mm. Abmessungen(BxTxH) 600x450x190mm. Weiß. Hersteller: Duravit Typ: Starck 3  0300600000 Liefern und montieren",0300600000
Urinal Sanitärporzellan glasiert Fuge verfüllen elast.Dichtstoff Silic," Urinal, aus Sanitärporzellan, glasiert, Standardfarbton, mit Siphon für Sperrflüssigkeit ohne Wasserspülung, mit Einsatzglocke für S perrflüssigkeit, Urinalsteuerung mit pneumatischer Spülauslösung, Spülmenge einstellbar, Ablauf verdeckt, Befestigung mit Schrauben, mit Schallschutz DIN 4109, einschl. Verfüllen der Fugen, mit elastischem Dichtstoff Indu strieverband Dichtstoffe IVD-Merkblatt Nr. 3-1, Volumenschwund kleiner gleich 10 %, Basis Silicon, zulässige Gesamtverformung 20 %, neutralvernetzend, Fugenbreite 10 mm, Farbton weiß, Fugenausbildung dreieckig. Abmessungen: Breite : 325 mm Tiefe : 300 mm Höhe : 580 mm Zulauf : von hinten Abgang : nach hinten Gewicht : ca. 15,9 kg",2808300000
Urinal-Becken," Urinal-Becken aus Sanitärkeramik Maße: 300 x 585 x 350 mm Spülwasserbedarf: 0,5l I incl. Befestigungssatz für verdeckte Befestigung Komplette Steuerung,Spülung, Zu- und Ablauf ohne Deckel Farbe Weiß wonderglass bemustertes Fabrikat: Duravit Rimless Angebotenes Fabrikat ................................... Komplett liefern und montieren",0051130000
" Waschbecken Größe 600 x 450 mm aus Sanitär-Porzellan für Einlocharmatur, mit keramischen Überlauf, "," Waschbecken aus Sanitär-Porzellan für Einlocharmatur, mit keramischen Überlauf Größe:    600 x 450 mm Farbe:      weiß Fabrikat:  Duravit Modell:  Philipp Starck 3-Waschtisch  liefern und montieren   ",0300600000
Absaug-Urinal Ben," Absaug-Urinal weiß aus Sanitärkeramik Zulauf und Ablauf verdeckt, verdeckte Befestigung, geschlossene Form, mit Spülrand. Farbe:  weiß Fabrikat:  Duravit Typ:  Ben",0847370000
"Duravit Wand-Tiefspül-WC D-Code 54,5x35.5cm weiß"," Duravit Wand-Tiefspül-WC D-Code 54,5x35.5cm weiß Tiefspüler aus Sanitärkeramik 355x545x340mm  Farbe: 00 Weiß Alpin  Bestellnummer: 2209090000  oder gleichwertig angeb. Fabrikat : @1 Textergänzungen des Bieters '..............................' ",2535090000
 WC - Sitz med, WC - Sitz med  mit Deckel weis mit Scharnierwelle aus Duroplast durchgehender Schranierwelle Schanier aus Edelstahl  Bieter gewähltes Fabrikat:    '.........'  Bieter gewählte Type:    '.........'  Ausführung :    weiß  komplett liefern und montieren,0062410000
 WC Sitz für Wand WC," WC Sitz passend zu vorher genanntem Wand WC mit Absenkautomatik und abnehmbar Farbe: weiß matt/weiß Bestellnummer: 0020192600  Hersteller: Duravit Typ: WC Sitz, Me by Starck",0020192600
"Klosettsitz, rollstuhlgeeignet"," Klosettsitz, rollstuhlgeeignet aus hochwertigem Kunststoff mit Deckel über den Sitz greifend, passend zum angebotenen WC. Stabile Edelstahl-Scharniere mit durchgeh ender Scharnierwelle aus Edelstahl mit Winkelpuffern gegen seitliches Verrutschen gesichert. Mit Befestigungselementen; für Wandklosett, mit Deckel, Farbe weiß",0060410000
Urinal-Becken," Urinal-Becken aus Sanitärkeramik Maße: 300 x 585 x 350 mm Spülwasserbedarf: 0,5l I incl. Befestigungssatz für verdeckte Befestigung Komplette Steuerung,Spülung, Zu- und Ablauf ohne Deckel Farbe Weiß wonderglass bemustertes Fabrikat: Duravit Rimless Angebotenes Fabrikat ................................... Komplett liefern und montieren",6958000000
 Elektronic-Urinal," Elektronic-Urinal für Netzanschluss aus Sanitärkeramik mit Zielpunkt Fliege, mit verdecktem Zu- und Ablauf absaugend. Außen glatte geschlossene Form. Abgang waagerecht. Unterhalb des Urinals eingebaute Elektronikeinheit für Netzbetrieb 230 V mit Infrarot-Sensoren und Edelstahlabdeckung,  Fabrikat: DURAVIT Typ: Utronic Best.Nr.: 0830370097  einschl. Netzteil 230 V Best.Nr.: 0050040000  einschl. Absaugesifon Best.Nr.: 0050120000   oder gleichwertiger Art, nach Wahl des Bieters:   Fabr.: .. .. .. .. .. .. .. .. .. .. .. .. .. .. .. .. .. .. .. .. .. .. .. .. ..   Typ: .. .. .. .. .. .. .. .. .. .. .. .. .. .. .. .. .. .. .. .. .. .. .. .. ..   Material und Lohn:",0830370097
Urinale für UP Steuerungen ," Urinal für Unterputzsteuerung   Eigenschaften - Ausspülen der Urinalkeramik mit 0,5 l pro Spülung gewährleistet, unter Einhaltung der EN 13407 - Reinigung des Entwässerungssystems ohne Abnehmen der Keramik - Sprühkopf von vorne austauschbar, ohne Abnehmen der Keramik - Geruchsverschlussaufnahme werkzeuglos   Technische Eigenschaften - Farbe: weiß - Kleine Spülmenge Einstellbereich: 0,5 l - Zielmarkierung: nein - Zulauf: hinten   im Lieferumfang enthalten: - Befestigungsmaterial - Urinalgeruchsverschluss mit Absaugfunktion - Ablaufsieb - Ablaufgarnitur - Rückflussverhinderer - Anschlusswinkel 90G R 1/2""   Zusätzlich zu bestellen - UP-Urinalsteuerung   Fabrikat z.BeispielDuravit My Stark oder gleichwertig   Angebotenes Produkt:....................... ",0050421000
WC-Sitz Duravit Happy D.2 mit Absenkautomatik, WC-Sitz mit Deckel mit Absenkautomatik Scharniere Edelstahl  Farbe : Wei ß Scharnier : Edelstahl  Fabrikat : Duravit Modell : Happy D.2 mit Absenkautomatik Art-Nr. :  0064590000  passend zum vorstehenden WC-Typ  komplett liefern und montieren,0064590000
Doppelwaschtisch 1.200 mm," Waschtisch, aus Sanit ä rkeramik, Farbe wei ß , Beckenunterseite glasiert, mit Ü berlauf, mit Hahnlochbank, 2 Hahnl ö cher, Abmessungen au ß en: Breite: 1.200 mm, Tiefe : 470 mm, H ö he : 175 mm, einschl. Schallschutzset, Montagezubeh ö r. Fabrikat:     Duravit oder gleichwertig Typ:            Vero (045412) gew ä hltes Fabrikat/Typ: @61 Textergänzungen des Bieters ...........................................",0454120024
Waschtisch Duravit D-Neo 600 x 435 mm," Einbauwaschtisch 600 mm - Wei ß Hochglanz, - mit Hahnlochbank, - Anzahl Hahnl ö cher pro Waschplatz: 1 - mit Ü berlauf, - f ü r 1-Loch-Armaturen geeignet, - aus hochwertiger, langlebiger Sanit ä rkeramik: besonders widerstandsf ä higes, kratzresistentes Material mit hohem H ä rtegrad, - reinigungsfreundlicher und hygienischer Oberfl ä che, - f ü r Einbau von oben, - f ü r die Montage mit M ö beln geeignet Farbe: wei ß  einschl. Sanit ä rsilikon  Abmessungen: L ä nge:          600 mm Tiefe:            435 mm H ö he:             170 mm  Fabrikat: Duravit Typ: D-Neo Artikel-Nr.: 0357600027  Nach Montage ist das Objekt bis zur Endabnahme so zu sch ü tzen, dass nachfolgende Gewerke ihre Arbeiten ausf ü hren k ö nnen.(Schutzfolien, Schutzvlies). Abstimmung mit Bauleitung und Nachfolgegewerken.  komplett liefern und montieren",0722430000
"WC-Sitz - DURAVIT / D-Neo, Weiß 376x441x43 mm, mit Absenkautomatik"," DURAVIT D-Neo, WC-Sitz, Weiß 376x441x43 mm, mit Absenkautomatik Abmessungen (BxTxHx) 376x441x43 mm Fabrikat:	DURAVIT Typ:	D-Neo Art.-Nr.:	0021690000 oder gleichwertig @60 Textergänzungen des Bieters Fabrikat: '........................................' @61 Textergänzungen des Bieters Typ: '........................................' liefern und montieren",0021690000
" Handwaschbeckenanlage 500 mm, weiß"," Handwaschbeckenanlage 500 mm, weiß Fabrikat Duravit Typ Vero mit Hahnloch, ohne Überlauf aus Sanitärkeramik mit Hahnlochbank. Rechteckiger Waschtisch mit Hahnloch. liefern und montieren",2350500041
 Waschbecken Sanitärkeramik B 500mm Ausladung 380mm," Leistung wie Position 1.4.3.1., jedoch: Waschbecken, Breite 500 mm, Ausladung 380 mm.  .WC-Vorräume 1.-3.OG .Fachräume",0705450000
Ausgussbecken Keramik mit Ausgußklapprost," Ausgußbecken aus Sanitärkermaik, für Wandmontage Publica Ausgussbecken f. Klapprost, 45x36x33,5cm, ohne Überlauf, weiß Geberit Publica Ausgussbecken für Klapprost Verwendungszwecke - Für Industrie und Handel - Zum Ausschütten von Abwasser Technische Eigenschaften - Werkstoff: Sanitärkeramik - Farbe: weiß - Breite: 45 cm - Höhe: 35 cm - Tiefe: 33,5 cm - Überlauf: ohne - Nettogewicht: 19,000 kg zusätzlicher Lieferumfang - Ausgussbecken Zusätzlich zu bestellen - Klapprost aus Edelstahl, mit Puffern Fabrikat: Geberit Typ: Publica Artikel-Nr.: 367200000 Größe: Breite: 450 mm, Tiefe: 335 mm Stichmaß: 305 mm Befestigung: Steinschrauben Ablauf: außen senkrecht (ohne Siphon) Farbe: weiß (alpin) Mit Ausgußklapprost, aus Messing verchromt, mit Kunststoff- Beckenrandschoner Einbauort: Reinigung KG gewähltes Fabrikat: GEBERIT gewählter Typ: Quelle oder gleichwertig @60 Textergänzungen des Bieters Hersteller/Typ .................................................... vom Bieter einzutragen",0067121000
 Flachspül-WC Sanitärporzellan glasiert eckig bodenstehend Ausladung 500-600mm WC-Sitz Fuge verfüllen elast.Dichtstoff B 5mm," Flachspül-WC DIN EN 997, aus Sanitärporzellan, glasiert , Farbton weiß, eckig, mit offenem, glasierten Spülrand , bodenstehend, Spülmenge 4,5 l, Ausladung über 500 bis 600 mm, mit WC-Sitz, Befestigung an Installationseleme nt, mit Schallschutz DIN 4109-1, einschl. Verfüllen der Fugen, mit elastischem Dichtstoff DIN EN 15651-3, Fuge nbreite 5 mm.",2109090000
 Duravit WC-Sitz," Duravit WC-Sitz Scharniere Edelstahl, für Starck 3 Wand-WC Farbe weiß absenkautomatik  Hersteller/Typ Duravit/Starck 3  oder gleichwertig ",0062410000
"Absaugurinal aus Sanitärporzellan, wandhängend, weiss"," Absaugurinal aus Sanitärporzellan, wandhängend, weiss Zu- und Ablauf von hinten, mit Einlaufverbinder u. Ab- saugformstück/ Geruchsv erschluß. Einschl. Schallschutz- set u. Befestigungszubehör mit Schraubenabdeckung  Fabrikat/Typ: Duravit/ Ben 84737*   o. gleichwertig  Fabrikat/Typ: .....................................",0847370000
" Rechteckiger Waschtisch, B 650, T 500 Duravit D-Code"," Rechteckiger Waschtisch, B 650, T 500 Duravit D-Code DURAVIT D-Code Waschtisch Design by sieger design, mit Überlauf aus Sanitärkeramik. Großes rechteckiges Becken mit runden Ecken und Hahnlochbank mit Hahnloch für Einloch- optional Dreilocharmatur. Abmessungen(BxTxH)650x500x180mm. Weiß. Montage mit Einlocharmatur Best.Nr. 2310650000   Befestigung: Stockschrauben M 10 x 120   Zubehör: 1. Stck höhenverstellbarer Röhrengeruchverschluß mit Rosette verchromt 1. Stck gewölbten Ablaufventil und Überlaufventil, verchromt   2. Stck Eckventile (gew. Fabr. Fa.Schell)   1. Stck Schallentkopplungsband   1. Stck Silikonfuge Farbe entspechend Abstimmung bzw. Bemusterung durch den Bauherren   einschl. allen Klein- ,Dichtund Befestigungsmaterials   Schallschutz-Set für Waschtisch Zur Trennung zwischen schallharter Keramik und der schallharten, in der Regel gefließten Wand. Bestehend aus: selbstklebender Schallschutz-Matte, mit Ausschnitten für Ablauf, Zulauf und Befestigung, mit 2 Schallschutzhülsen für die Befestigungsschrauben Liefern und montieren.   gepl. Fabrikat.: Duravit   gepl. Typ: D-Code   oder gleichwertig.     gew. Fabrikat: .....................   gew. Typ : .......................   Vom Bieter einzutragen.",2310650000
" Duravit Waschtisch Happy D.2 800 mm mit ÜL, mit HLB, 1 HL, weiss"," Duravit Waschtisch Happy D.2 aus Sanitärkeramik, 800x525x175mm mit Überlauf, mit Hahnlochbank Bestellnummer: 2316800000 Farbe: 00 Weiss Ausführung: 1 Hahnloch EAN: 4021534848667 ",2316800000
Urinale für UP Steuerungen ," Urinal für Unterputzsteuerung   Eigenschaften - Ausspülen der Urinalkeramik mit 0,5 l pro Spülung gewährleistet, unter Einhaltung der EN 13407 - Reinigung des Entwässerungssystems ohne Abnehmen der Keramik - Sprühkopf von vorne austauschbar, ohne Abnehmen der Keramik - Geruchsverschlussaufnahme werkzeuglos   Technische Eigenschaften - Farbe: weiß - Kleine Spülmenge Einstellbereich: 0,5 l - Zielmarkierung: nein - Zulauf: hinten   im Lieferumfang enthalten: - Befestigungsmaterial - Urinalgeruchsverschluss mit Absaugfunktion - Ablaufsieb - Ablaufgarnitur - Rückflussverhinderer - Anschlusswinkel 90G R 1/2""   Zusätzlich zu bestellen - UP-Urinalsteuerung   Fabrikat z.BeispielDuravit My Stark oder gleichwertig   Angebotenes Produkt:....................... ",0050040000
" Tiefspül-WC als Behinderten-WC, wandhängend"," Duravit Wand-WC Starck 3 Vital Tiefspüler aus Sanitärke ramik 360x700x320mm, barrierefrei für 6 Liter Spülwasser Bestellnummer: 22030900001 Farbe: 00 Weiss Oberfläche: WonderGliss Fabrikat: Geberit (Keramag) Typ: Vitalis Artikel-Nr.: 201500000  ,  - einschl. aller Klein-,Dicht- und Befestigungsmaterial ien, beh. WC-Anlage  Duravit WC-Sitz Starck 3 aus Kunststoff ohne Absenkauto matik Scharniere edelstahl Bestellnummer: 0063810000 Farbe: 00 Weiss,  Liefern und montieren.",0062410000
Urinal, (Gewähltes Fabrikat und Typ ist einzutragen),0051120000
 Universalbecken Scola," Universalbecken aus Keramik, mit Überlauf, mit Hahnlochbank, mit Hahnlochvorstich oder vorgestochen, Becken links oder rechts Größe: 615 x 460 inkl. systemgebundenem Zubehör liefern und betriebsfertig montieren Größe: B x T:  550 x 440 mm Fabrikat der Planung: Duravit Type der Planung: Scola Farbe:  weiß",0684600011
 WC-Sitz aus Kunststoff mit Absenkautomatik SoftClose, WC-Sitz aus Kunststoff mit Absenkautomatik SoftClose verlängerte Ausführung Scharniere edelstahl Farbe: 00 Weiss   Fabrikat: Duravit Typ: D-Code WC Sitz Bestellnummer: 0060390000 EAN: 4021534822544  oder gleichwertiger Art  Fabrikat: '.........' Typ '.........'  liefern und montieren.,0064190096
 WC-Sitz," WC-Sitz aus Kunststoff weiß, mit Deckel und Universalscharnieren aus V2A Edelstahl, passend für WC aus Pos. vor. ",0063610000
" D-CODE WC-Sitz weiß, Scharniere Edelstahl"," D-CODE WC-Sitz weiß, Scharniere Edelstahl",0067310000
 Plan-Handwaschbecken 500 x 300," Plan Handwaschbecken Eigenschaften - unterbaufähig - reduzierte Randhöhe - 10 Jahre Nachkaufgarantie - eingebrannte, dauerhafte Spezialglasur mit porenfreier   hydrophiler Oberfläche, zur Flächendesinfektion geeignet - komplett geschlossener Überlaufkanal Technische Eigenschaften - Farbe: weiß - Oberfläche: KeraTect - Werkstoff: Sanitärkeramik - Nettogewicht: 16,500 kg - Hahnloch: mittig - Überlauf: sichtbar - Befestigungspunkte: 2 - B / Breite (cm): 50 cm - H / Höhe (cm): 16,5 cm - T / Tiefe (cm):  30 cm  einschl. Befestigungsset einschl. Schallschutzset  als Option für Montage im DG komplett liefern und montieren ",0050521000
" DURAVIT Wand-Tiefspül-WC-Set ME by STARCK weiss rimless, Durafix, WC-S itz m.Absenkautom."," Duravit Wand-WC ME by Starck Compact Rimless, Set bestehend aus: 2530090000 0020190000 Farbe: 00 Weiß Hersteller: Duravit Typ: 45300900A1 Liefern und montieren",45300900A1
 Handwaschbeckenanlage bestehend aus:," Handwaschbeckenanlage bestehend aus:  1 Handwaschbecken Duravit Vero 450 x 350 mm 1 Einhand-Waschtischbatterie Grohe Concetto 1/2""   Ausladung 101 mm, mit Temperaturbegrenzer   mit Zugknopf-Ab- und Überlaufgarnitur 2 Eckventil 1/2"" 1 Röhrengeruchverschluß verchromt 1 1/4""  liefern und montieren",0704450000
 Wandeinbauspülkasten für WC," best. aus:  - 1 Geberit-Kombifix-Wandeinbauspülkasten   mit Tragegerüst für Trockenbau - 1 Drückerplatte Sigma 50 in weiß - 1 Wand-WC Tiefspülklosett weiß   Modell Phillippe-Starck III - 1 Luxus-WC-Sitz, Mod. Phillippe-Starck III   weiß, Scharniere aus Edelstahl - 1 Ablaufgarnitur kompl. - 1 Schallschutz-Set  liefern und montieren",2200090000
Ausgussbecken 480x425mm Starck 3, - Putzraum -  ohne Überlauf aus Sanitärkeramik. Rechteckige Beckenform mit 35mm breitem Rand und 100mm hochgezogener Rückwand als Spritzschutz. Optionale Montage eines Klapprost möglich. Abmessungen(BxTxH)480x425x300mm Innenbecken(BxT)410x350mm. Farbe: weiß  Fabrikat:Duravit Typ: Starck 3 Art.-Nr.: 0313480000  einschließlich Klapprost Art.-Nr.: 005001 liefern und betriebsfertig montieren.,0313480000
Vital Wand-WC Tiefspüler," Duravit Starck 3 Vital Wand-WC Tiefspüler 700 mm für Rollstuhlbenutzer zur Montage auf die Wand, aus Sanitärkeramik für 6 Liter Spülwasser, rechteckige Beckenform übergehend in einen Halbkreis im vorderen Bereich, aus hygienischen Gründen mit geschlossenem Spülrand und mit keramischen Spülwasserverteiler, außen glatte geschlossene Form, Einbauhöhe 480 mm Abmessungen (bxtxh) 360 x 700 x 350 mm Farbe Weiß Best.Nr. 2203090000 Fabrikat: Duravit oder gleichwertig @11 Textergänzungen des Bieters gewähltes Fabrikat: liefern und montieren",2203090000
 Waschbecken 100x47 cm, Waschbecken 100x47 cm,2350100041
 Flachspül-WC Sanitärporzellan glasiert hängend H bis 460mm Ausladung 700mm WC-Sitz ohne Deckel," Flachspül-WC DIN EN 997, als barrierefreie Ausführung DIN 18040, aus Sanitärporzellan, glasiert, Farbton weiß, mit offenem, glasierten Spülrand, wandhängend, Spülmenge 6 l, Sonderhöhe, Höhe bis 460 mm, Ausladung 700 mm, Abgang waagerecht, mit WC-Sitz, ohne Deckel, Befestigung mit Schrauben, verdeckt, mit Schallschutz DIN 4109,  Produkt der Planung oder gleichwertig: Duravit / Starck 3 Wand-WC Vital  Hersteller/Typ '....................' vom Bieter einzutragen.",2203090000
Urinal Sanitärporzellan glasiert Urinal-Deckel," Urinal, aus Sanitärporzellan, glasiert, mit Urinal-Deckel, Farbton weiß, mit Absaugwirkung, mit Absaugformstück, Zulauf oben, Ablauf  unten offen, Befestigung mit Schrauben, Hersteller und Typ Durvait / starck 1 weiß . ",0065910000
" Duravit Wand-WC ME by Starck 570 mm Tiefspüler, rimless, Durafix, weis"," Duravit Wand-WC ME by Starck Tiefspüler aus Sanitärkeramik 370x570x350mm, rimless, Durafix für 4,5 Liter Spülwasser Bestellnummer: 2529090000 Farbe: 00 Weiss EAN: 4021534966774  liefern und montieren",2529090000
 Tiefspül-WC Sanitärporzellan glasiert hochglatt abgerundet hängend Ausladung 500-600mm WC-Sitz Fuge verfüllen elast.Dichtstoff Silicon B 5mm," Tiefspül-WC DIN EN 997, aus Sanitärporzellan, glasiert, hochglatt, Standardfarbton, abgerundet, spülrandfrei, wandhängend, Spülmenge 6 l, Ausladung über 500 bis 600 mm, Abgang waagerecht, mit WC-Sitz, Deckel mit Absenkautomatik, Befestigung an Installationselement, mit Schallschutz DIN 4109, einschl. Verfüllen der Fugen, mit elastischem Dichtstoff DIN EN 15651-3, Basis Silicon, Fugenbreite 5 mm, Farbton weiß, Fugenausbildung dreieckig.",2551090000
 Tiefspül-WC Sanitärporzellan glasiert hochglatt abgerundet hängend Ausladung 500-600mm WC-Sitz Fuge verfüllen elast.Dichtstoff Silicon B 5mm," Tiefspül-WC DIN EN 997, aus Sanitärporzellan, glasiert, hochglatt, Standardfarbton, abgerundet, spülrandfrei, wandhängend, Spülmenge 6 l, Ausladung über 500 bis 600 mm, Abgang waagerecht, mit WC-Sitz, Deckel mit Absenkautomatik, Befestigung an Installationselement, mit Schallschutz DIN 4109, einschl. Verfüllen der Fugen, mit elastischem Dichtstoff DIN EN 15651-3, Basis Silicon, Fugenbreite 5 mm, Farbton weiß, Fugenausbildung dreieckig.",0063790000
 WC-Sitz mit Deckel (Standard)," WC-Sitz mit Deckel, mit Absenkautomatik, Scharniere aus Edelstahl Farbton/Oberfläche weiß.  Fabrikat: Duravit Serie   Darling New Nr.:  0069890000  Angebotenes Produkt: '................................. ..................' VOM BIETER AUSZUFÜLLEN!",0069890000
PUSH-OPEN VENTIL," PUSH-OPEN VENTIL Ablaufventil, passend zu vor genanntem Waschtisch, nicht verschließbar, mit Abdeckung aus Chrom Fabrikat:	DURAVIT Artikel-Nr.:	005052",0050521000
 WC-Sitz Starck 3 Vital," WC-Sitzring Starck 3 Vital aus Kunststoff, ohne Absenkautomatik mit Winkelpuffern und durchgehender Scharnierwelle, Scharniere  Edelstahl Farbe:  Weiss E  Fabrikat:  Duravit Serie:    Starck 3 Vital  oder gleichwertig  Angebotenes Fabrikat / Typ  '..................................' vom Bieter einzutragen",0062610000
Wand-WC," Eigenschaften - Tiefspül-WC -Wandhängend - rimless - Spült mit 4,5 l Technische Eigenschaften: - Farbe:                                                         weiß - Werkstoff:                                                    Sanitärkeramik - Größe:                                                        370x700x360 mm Fabrikat/Typ:                                                  Duravit / Durastyle Compact Artikelnr. :                                                     2559090000 liefern und montieren",2559090000
Urinal," TA TB Urinal, Farbton weiß, mit Membran-Geruchverschluss, ohne Sperrflüssigkeit und ohne Wasserspülung, mit Sieb, Befestigung an Installat ionselement, mit Schallschutz DIN 4109-1, Hersteller und Typ Geberit Renova Nr. 1 wasserlos ArtNr.235170000 oder gleichwertig, vom Bieter einzutragen.",2808300000
 Flachspül-WC Sanitärporzellan glasiert abgerundet hängend Ausladung 500-600mm," Flachspül-WC, aus Sanitärporzellan, glasiert, Farbton weiß, abgerundet, mit wasserabweisender Beschichtung, mit offenem, glasierten Spülrand, wandhängend, Spülmenge 6 l, Ausladung über 500 bis 600 mm, Abgang waagerecht, Befestigung mit Schrauben, verdeckt, mit Schallschutz DIN 4109-1, Hersteller und Typ ' Duravit / Starck 3 Wand-WC' oder gleichwertig, Hersteller und Typ ' ....................................................' vom Bieter einzutragen.",2201090000
Absaugesifon," Absaugesifon zu vorstehendem Urinal Duravit Best.Nr.: 0050120000   oder gleichwertiger Art, nach Wahl des Bieters:  Fabr.:  .. .. .. .. .. .. .. .. .. .. .. .. .. .. .. .. .. .. .. .. .. .. .. .. ..  Typ:  .. .. .. .. .. .. .. .. .. .. .. .. .. .. .. .. .. .. .. .. .. .. .. .. ..   Material und Lohn:",0051120000
Duschwanne 90 x 90," Duravit Duschwanne Ecke links, Ecke rechts D-Code aus Sanitäracryl 900x900 x85 mm, Quadratisch, Glänzend, Inkl. Montageanleitung Bestellnummer: 720102000000000",720102000000000
" Röhrensifon mit verl.Tauch- und Wandrohr, DN 32, chrom"," Röhrensifon mit verl.Tauch- und Wandrohr, DN 32, chrom           /10 Plus-Sifon Röhrengeruchverschluss, aus Messing, mit verlängertem Tauch- und Ablaufrohr und großer Abdeckrosette, güteüberwacht, nach DIN EN 274,",2310600000
 Montage von Waschtischen Behind.-WC," Lieferung und Montage von Handwaschbecken (Behind.-WC), wandhängend mit Zu- und Ablaufgarnitur an vorhandene Montageelemente , inklusive Silikonierung, Schalschutzset und Befestigungsmittel. Die Wasserauslösung erfolgt  berührungslos über Wandmontage der Wasserhähne.  Maße: 500 x 350 mm Material: Sanitärkeramik weiß",2312600000
 Tiefsp#l WC wandh#ngend Duravit D-Code, Tiefsp#lklosett - wandh#ngend - WC-Sitz und Deckel - Schalld#mmband und Silikonfuge - Wassermenge 6 l - wei#  Fabrikat: Duravit Typ: D-Code,0067390000
 WC-Sitz Deckel Kunststoff ," WC-Sitz mit Deckel, aus Kunststoff, Farbton weiß, Ausführung 'Duravit/Darling New' mit Befestigungselementen, aus nichtrostendem Stahl, Werkstoff-Nr 1.4301. ",0069810000
Klapprost, Klapprost für vorbeschriebenes Ausgußbecken  Leitfabrikat: Hersteller:  Duravit Typ:  Starck 3  oder gleichwertiger Art  angebotenes Fabrikat: @11 Textergänzungen des Bieters Hersteller: '..........' @12 Textergänzungen des Bieters Typ: '..........' ,0050011000
Duravit Waschtisch D-Code 60x46cm weiß," Duravit Waschtisch D-Code 60x46cm weiß aus Sanitärkeramik 600x460x175mm mit Überlauf, mit Hahnlochbank Farbe: 00 Weiß Alpin  Bestellnummer: 2310600000  oder gleichwertig angeb. Fabrikat : @1 Textergänzungen des Bieters '..............................' ",2310600000
 Wand-Tiefspülklosett," DURAVIT Starck 3 Vital Wand-WC Design by Philippe Starck, Tiefspüler mit 70 cm Ausladung wandhängend aus Sanitärkeramik für 6 Liter Spülwasser, EWL Klasse 2. Rechteckige Beckenform vorne übergehend in einen Halbkreis. Aus Hygienegründen mit geschlossenem Spülrand und keramischem Spülwasserverteiler.  Bodenfreiheit 140/117mm bei Einbauhöhe 480mm Abmessungen(BxTxH) 360x700x320/355mm.  Weiß  Fabrikat: Duravit Typ: Phillippe Starck 3 Vital  Material und Lohn",2203090000
Duschwanne Starck Slimline 1600x700x 60mm," Duravit Duschwanne Starck Slimline aus 4 mm Sanitäracryl, 1600x700x60mm Rechteck Bestellnummer: 720129000000001 Farbe: 00 Weiss Oberfläche: Antislip EAN: 4021534893025 Einschließlich: Montagesysteme nach Vorgabe des Herstellers, Duschwannen-Antidröhn-Set, Duschwannen-Schalldämmset, Wannen-Anschluss-Schalldämmband WAS 70, DICHTSET FLEX. Ablaufventil verchromt mit Siphon 1 1/4"" ",790103000000000
WAND - BEHINDERTEN - WC - ANLAGE," für Behinderte, Wandtiefspülklosett aus Kristallporzellan weiß, ohne Spülrand, mit verdecktem Abgang, antibakteriell wirkende Keramikglasur und reinigungsfreundliche Beschichtung Größe:    700 x 370 mm Fabrikat:   DURAVIT Modell:    DuraStyle Vital Wand WC rimless Ausführung:   HygieneGlaze und WonderGliss komplett liefern und montieren",2559092000
 WC-Anlage best. aus:," Wand-Tiefspül-WC Duravit, Typ Starck 3, WC- Sitz Duravit Typ Vital Geberit Betätigungsplatte Geberit Sigma 01 oder Bolero Schallschutzset",2203090000
 Tiefspül-WC Sanitärporzellan glasiert abgerundet hängend Ausladung 500-600mm WC-Sitz," Tiefspül-WC, aus Sanitärporzellan, glasiert, Farbton weiß, abgerundet, spülrandfrei, wandhängend, Spülmenge 6 l, Ausladung über 500 bis 600 mm, Abgang waagerecht, Befestigung mit Schrauben, verdeckt, mit Schallschutz DIN 4109, mit passendem WC-Sitz und Deckel, Scharniere Edelstahl.  Hersteller/Typ 'Duravit / Architec Rimless' oder gleichwertig,  Hersteller/Typ '....................' vom Bieter einzutragen.",0069610000
Flachspül-WC Sanitärporzellan glasiert hochglatt abgerundet," Flachspül-WC DIN EN 997, aus Sanitärporzellan, glasiert, hochglatt, Farbton weiß, abgerundet, spülrandfrei, wandhängend, Spülmenge 4 ,5 l, Ausladung über 500 bis 600 mm, Abgang waagerecht, mit WC-Sitz, Deckel mit Absenkautomatik, Befestigung an Installationselement , mit Schallschutz DIN 4109, einschl. Verfüllen der Fugen, mit elastischem Dichtstoff DIN EN 15651-3, Basis Silicon, Fugenbreite 7 m m, Farbton weiß, Fugenausbildung dreieckig, oder gleichwertig, vom Bieter einzutragen.",0020090000
 Urinal Sanitärporzellan glasiert," Urinal, aus Sanitärporzellan, glasiert, Farbton weiß, mit Absaugwirkung, mit Absaugformstück, Zulauf und Ablauf hinten verdeckt, Befestigung an Installationselement, mit Schallschutz DIN 4109, Hersteller/Typ ' Duravit / me by Starck Art.Nr.: 2809300000' .",2809300000
"Tiefspül-WC mit Sitz durchgehender Edelstahlwelle, ohne Deckel", .,2200090000
" Duravit Badewanne Darling New 1700x750mm Einbauversion, RS rechts, weiss"," Duravit Badewanne Darling New aus 5 mm Sanitäracryl, gezogen und durchgefärbt. 1700x750x480mm Rechteck, Einbauversion mit 1 Rückenschräge rechts Bestellnummer: 700243000000000 Farbe: 00 Weiss EAN: 4021534636493  Innenform mit runden Ecken. Innentiefe 460mm. Ablauf mittig. Wannenrandbreite 50/100mm, Wannenrandhöhe 25mm. Abmessung Wannenboden 1150x450mm, innen am Wannrand 1600x600mm.  Fußgestell, Wannenanker, Wandprofil, Ab- und Überlaufgarnitur Quadroval (chrom), Ab- und Überlaufgarnitur Quadroval mit Wanneneinlauf (chrom), Wannenträger, Schallschutzset, passende Wannenverkleidung, passende Wannenauflagen. Nutzinhalt 160 Liter. Abmessungen(LxBxH)1700x750x480mm. Weiß. Best.Nr. 700243000000000.",791368000000000
Wand-Tiefspül-WC D-Neo Rimless," Wand-Tiefsp ü l-WC - Wei ß Hochglanz, - Sp ü lrandlos, - inkl. Durafix, verdeckte Befestigung aus Metall - Minimaler Sp ü lwasserbedarf von lediglich 4,5 Litern, - komplett glasierter Sp ü lrand: - wandh ä ngende Montage, - 1-Mengen-Sp ü lung (Single-Flush), - offener Sp ü lrand Duravit Rimless ® mit dynamischer Wasserf ü hrung  Abmessungen: Breite : 370 mm Tiefe : 540 mm H ö he: 400 mm  Fabrikat : Duravit Modell : D-Neo Art-Nr. : 2577092000  komplett liefern und montieren",2577092000
"DURAVIT D-Neo, Waschtisch 600x440 mm"," DURAVIT D-Neo, Waschtisch 600x440 mm  DURAVIT D-Neo, Design by Bertrand Lejoly, Waschtisch 600 mm Weiß Hochglanz, mit Hahnlochbank, und mit Hahnloch, mit Überlauf, wandhängende Montage, komplett von unten glasiert für mehr Hygiene und damit auch perfekt als Einzellösung geeignet, aus hochwertiger, langlebiger Sanitärkeramik: besonders widerstandsfähiges, kratzresistentes Material mit hohem Härtegrad, reinigungsfreundlicher und hygienischer Oberfläche, Abmessungen (BxTxHx): 600x440x165 mm,  Fabrikat: DURAVIT Typ: D-Neo Artikel-Nr.: 2366600000  oder gleichwertiger Art  Hersteller/Typ: @11 Textergänzungen des Bieters '.........' vom Bieter einzutragen",2366600000
"Wand WC - DURAVIT / D-Neo, 540 mm Weiß"," DURAVIT D-Neo, Wand WC, 540 mm Weiß Hochglanz, Tiefspüler, Duravit Rimless®, 4,5 / 0 l, Abgang: waagerecht, Abmessungen (BxTxHx) 370 x540x400 mm, mit HygieneGlaze Fabrikat:	DURAVIT Typ:	D-Neo Art.-Nr.:	2578092000 oder gleichwertig @60 Textergänzungen des Bieters Fabrikat: '........................................' @61 Textergänzungen des Bieters Typ: '........................................' liefern und montieren",2578092000
WC-Sitz mit Deckel," WC-Sitz mit Deckel runder Bauform, passend zum WC-Becken, Scharniere aus Edelstahl, höhenverstellbar, Material Duroplast, Farbe weiß B x T: ca. 36 cm x 47 cm",0020710000
Waschtisch, (gewähltes Fabrikat und Typ sind einzutragen),2330650000
WC-Tiefspül-Becken," Duravit Wand-WC D-Code, Tiefspüler aus Sanitärkeramik wandhängend für 4,5 Liter Spülwasser, EWL Klasse 1 mit innen glasiertem Spülra nd und mit keramischem Spülwasserverteiler. Bodenfreiheit 60/45mm bei Einbauhöhe 400mm. Abmessungen(BxTxH): 355x545x355/340mm. Farbe: weiß  einschl. Bemusterung vor Bestellung einschl. Befestigung mit Schrauben und verchromten Abdeckkappen, einschl. Schallschutzset und Anschlussset für Zu- und Ablauf einsch l. Abdichtung mit Sanitärsilikon, weiß  Fabrikat/Typ: Duravit/D-Code Best.-Nr.: 2535090000  liefern und montieren   oder gleichwertig @11 Textergänzungen des Bieters angebotenes Fabrikat: '..........'",2535090000
"Duravit Waschtisch Vero 600 mm mit ÜL, mit HLB, 1 HL, weiss"," Duravit Waschtisch Vero als Aufsatzwaschtisch aus Sanitärkeramik, 600x465x165mm mit Hahnlochbank Farbe: 00 Weiss Ausführung: mit Überlauf, 1 Hahnloch Mit Ablaufgarnitur fest, verchromt, einschl. Silikonfuge",0452600000
Waschbecken Sanitärporzellan B 550-600mm Ausladung 400-450mm Fuge verf," Waschbecken, Beckenaußenform rechteckig, aus Sanitärporzellan, Farbton weiß, glasiert, mit hydrophober Beschichtung, mit Loch für Ei nlocharmatur, mit Überlauf, für Ablaufventil, Breite über 550 bis 600 mm, Ausladung über 400 bis 450 mm, Befestigung an Installation selement, mit Schallschutz DIN 4109-1, einschl. Verfüllen der Fugen, mit elastischem Dichtstoff Industrieverband Dichtstoffe IVD-Mer kblatt Nr 3-1, Volumenschwund kleiner gleich 10 %, Basis Silicon, Fugenbreite 5 mm, Farbton weiß, @11 Textergänzungen des Auftraggebers Hersteller und Typ ' Duravit/ DuraStyle' oder gleichwertig, @12 Textergänzungen des Bieters Hersteller und Typ ' ....................................................' vom Bieter einzutragen.",2319550000
" Duravit-Urinal, Farbe weiß"," Duravit-Urinal, Farbe weiß Zulauf von hinten, rimless, für 1/2"" Anschluss, inklusive Spüldüse, Zulauf-Set, Ablaufventil, Tassensiphon # 32 mm sowie Befestigung  mit wondergliss   Hersteller/Typ Duravit/ Stark 3  oder gleichwertig",08272500001
WC Sitz," Duravit WC-Sitz Starck 3 mit Absenkautomatik Scharniere Edelstahl, für 210409, weiss Duravit WC-Sitz Starck 3 aus Kunststoff mit Absenkautomatik SoftClose, abnehmbar Scharniere Edelstahl, für 210409 Bestellnummer: 0067790000 Farbe: 00 Weiss EAN: 4021534403989 @60 Textergänzungen des Bieters Hersteller/Fabrikat: ............................................................ vom Bieter einzutragen",0067790000
" Handtuchhalter, zweiarmig, beweglich, verchromt"," Handtuchhalter, zweiarmig, beweglich, verchrom Ausladung 450 mm Hersteller/Typ Duravit/Karree",0099581000
 Möbel-Handwaschbecken Duravit DuraSquare 450 x 350 mm für Einlocharmat ur (1. Alternative zu Position 1)," Möbel-Handwaschbecken Duravit DuraSquare 450 x 350 mm für Einlocharmatur ohne Überlauf weiss aus Sanitärkeramik, mit Hahnlochbank und einem Hahnloch. Schaftventil mit keramischer Ventilabdeckhaube inklusive. Hersteller: Duravit Typ: DuraSquare 0732450041 Liefern und montieren",0732450041
"Wand-WC Duravit Starck 3, mit Spülrand, ohne Wondergliss, inkl. WC Sit"," Wand-WC Duravit Starck 3, mit Spülrand, ohne Wondergliss , inkl. WC Sitz Artikelnummer 252809 WC Anlage Artikelnummer 002009 WC Sitz Tiefspül- Wand WC-Set, Farbe weiß  bestehd aus: -Tiefspül Wand-WC aus Sanitärkeramik - ohne Wonderglis Beschichtung - mit Spülrand - WC-Sitz mit Deckel -mit Absenkautomatik + abnehmbar  inkl. Befestigungsmaterial liefern und montieren",2528090000
Duravit Waschtisch Vero," Duravit Waschtisch Vero wie vor beschrieben, jedoch für Wandmontage",0454600027
 Ausgussbecken 52x40cm m.Klapprost weiss," Ausgussbecken inkl. Klapprost, Sanitärporzellan, Maße: 520 x 390 mm, ohne Randschoner, ohne Überlauf, Weiß Alpin",0050011000
Aufsatzbecken Duravit Happy D.2," Aufsatzbecken mit Überlauf aus Sanitärkeramik mit Hahnlochbank. Rechteckige Beckenform mit abgerundeten Ecken und feinen Radien. Rückwand unglasiert, Unterseite geschliffen für Montage auf Waschtisch-Konsolen. Überlaufclip Chrom inklusive. Einschließlich Befestigung. Abmessungen(BxTxH) 600x460x170mm. Oberfläche: WonderGliss Weiß. inkl. Silkonfuge, Befestigungsmaterial liefern und nach Herstellerangaben montieren Fabrikat: Duravit Typ:  Happy D.2 Plus",23606000001
WC-Sitz mit Deckel und Absenkautomatik," WC-Sitz mit Deckel und Absenkautomatik für vorgenannte Position. WC-Sitz aus hochwertigem Kunststoff mit Deckel, abnehmbar. Scharniere Edelstahl. Ausführung mit Absenkautomatik. Farbe:                                                    Weiß Fabrikat der Planung:  Duravit Typ:                                                       DuraStyle Artikel-Nr.:                        0063790000 Lieferung und Montage einschließlich erforderlichem Zubehör.",0063790000
 Tiefspül-WC Sanitärporzellan glasiert hängend Ausladung 650-700mm WC-S itz," Tiefspül-WC Sanitärporzellan glasiert hängend Ausladung 650-700mm WC-Sitz Tiefspül-WC DIN EN 997, als barrierefreie Ausführung DI N 18040, aus Sanitärporzellan, glasiert, Standardfarbto n, abgerundet, mit offenem, glasierten Spülrand, wandhä ngend, Spülmenge 6 l, Ausladung über 650 bis 700 mm, Ab gang waagerecht, mit WC-Sitz, Befestigung an Installati onselement, einschl. Verfüllen der Fugen, mit elastisch em Dichtstoff DIN EN 15651-3, Basis Silicon, Fugenbreit e 5 mm, Farbton weiß, Fugenausbildung dreieckig, Ausfüh rung gemäß Einzelbeschreibung, [TA01Einzelbeschreibungs-Nr '4.2' ] [TA02Hersteller/Typ 'Duravit/Vital' oder gleichwertig,]  [TB03Hersteller/Typ ' ................................. ...................' vom Bieter einzutragen] .",0062410000
 Waschtisch unterfahrbar ca. 60 x 55 cm," Waschtisch, ohne Überlauf aus Sanitärkeramik. Barrierefrei gemäß DIN 18040-1 und DIN 18040-2. Großes rechteckiges Becken mit runden Ecken, Hahnlochbank mit Hahnloch für Einlocharmatur, optional ohne Hahnloch. Einbauhöhe 800mm. Abmessungen(BxTxH) ca. 600x555x155/130mm. Weiß.  einschl. Bemusterung vor Bestellung einschl. Lieferung von Zahnband o. Dämmunterlage einschl. Befestigungsmaterial für Trockenbauwand einschl. Abdichtung mit Sanitärsilikon  Fabrikat der Planung: Duravit/D-Code  oder gleichwertig  angebotenes Fabrikat/Typ:  '..........' (vom Bieter auszufüllen)  liefern und montieren",2313600000
"DURAVIT ME by Starck WC-Sitz, Design by Philippe Starck,"," DURAVIT ME by Starck WC-Sitz, Design by Philippe Starck, aus Kunststoff mit Deckel. Scharniere Edelstahl. Weiß. WC-Sitz mit Absenkautomatik, abnehmbar. Best.Nr. 0020190000",0020190000
DU Handwaschbecken D-Code 450 mm," DU Handwaschbecken D-Code 450 mm mit ÜL, mit HLB, 1 HL, weiß Duravit Handwaschbecken D-Code aus Sanitärkeramik, 450x340x145mm mit Überlauf, mit Hahnlochbank Bestellnummer: 0705450000 Farbe: 00 Weiß Ausführung: 1 Hahnloch",0705450000
DURAVIT Vero Waschtisch 600, DURAVIT Vero Waschtisch aus Sanitärkeramik Weiß Rechteckiger Waschtisch. Abmessungen(BxTxH)600x470x165mm. Ausführung: mit Überlauf o hne Hahnloch mit  WonderGliss Oberflächen Ausführung Fabrikat: Duravit Typ: Vero Waschtisch 600,23506000601
"Wand-WC Duravit Starck 3, Spülrandlos, mit Wondergliss, inkl. WC Sitz"," Wand-WC Duravit Starck 3, Spülrandlos, mit Wondergliss inkl. WC Sitz Artikelnummer 452909 WC Anlage Artikelnummer 002009 WC Sitz Tiefspül- Wand WC-Set, Farbe weiß  bestehd aus: -Tiefspül Wand-WC aus Sanitärkeramik - mit Wonderglis Beschichtung - Spülrandlos - WC-Sitz mit Deckel -mit Absenkautomatik + abnehmbar  inkl. Befestigungsmaterial liefern und montieren",45290900A1
 WC-Sitz mit Absenkautomatik, WC-Sitz mit Absenkautomatik  für vorher genanntes WC  Eigenschaften - WC-Deckel überlappend  Technische Eigenschaften - Farbe: weiß - Werkstoff: Duroplast - Befestigung: von oben - Absenkautomatik: ja - Scharnierwerkstoff: Messing verchromt  angeboten: Hersteller:   Duravit Typ:   D-Code  oder gleichwertig Hersteller:   '.............................' Typ:   '.............................'  liefern und montieren,0067390000
 Ausgussbecken ohne Überlauf," Ausgussbecken ohne Überlauf Ausführung wie Hersteller/Type: Duravit/Starck 3 oder gleichwertige Art Angebotener Hersteller/Type:  ....................................... (vom Bieter einzutragen) aus Sanitärkeramik, rechteckige Beckenform mit 35mm breitem Rand und 100mm hoch gezogener Rückwand als Spritzschutz. Inklusiv Befestigung für Montage ohne Klapprost, einschließlich Befestigungsmaterial. Abmessungen(BxTxH):	 480x425x300mm einschl. Wandanschluß mit dauerelastischem Kitt. Zubehör: Klapprost Nr. 0050011000",0313480000
Zulage Wannenträger," Badewannenträger aus FCKW-freiem, geschäumten Polystyrol schall- und wärmedämmend passend zu vorstehend beschriebener Badewanne  Länge: ca. 1800 mm Tiefe: ca. 800 mm Höhe: ca. 600 mm  liefern und montieren",791466000000000
  Absaug-Urinal Ben," Absaug-Urinal weiß aus Sanitärkeramik Zulauf verdeckt von hinten, Ablauf verdeckt, verdeckte Befestigung, geschlossene Form, mit Spülrand, für Wandeinbauspülkasten Abmessungen: BxTxH=370x350x705 mm Farbe:  weiß Oberfläche:  Fabrikat: Duravit Typ:         Ben  oder gleichwertig  Angebotenes Fabrikat / Typ  '..................................' vom Bieter einzutragen",0847370000
 Badewanne Duravit," Duravit Badewanne P3 Comforts aus 5 mm Sanitäracryl, 1700x750x460mm Rechteck, Einbauversion mit 1 Rückenschräge gemäß Grundriss Farbe: 00 Weiss  inkl. Ablauf- und Überlaufgarnitur (Quadroval), Wannenträgern und Farbset in Chromoptik inkl. Wannenanker und Schallschutzset  Fabrikat: Durvait Modell: P3 Comforts",791368000000000
 Waschtisch ca. 60 x 46 cm," Duravit Waschtisch D-Code aus Sanitärkeramik, ca. 600x460x175mm mit Überlauf, mit Hahnlochbank Farbe: weiß  einschl. Bemusterung vor Bestellung einschl. Lieferung von Zahnband o. Dämmunterlage einschl. Befestigungsmaterial für Trockenbauwand einschl. Abdichtung mit Sanitärsilikon  Fabrikat der Planung: Duravit/D-Code oder gleichwertig  angebotenes Fabrikat/Typ:  '..........' (vom Bieter auszufüllen)  liefern und montieren",2310600000
" DURAVIT D-Code Urinal weiss Design by sieger design, Zulauf von hinten  mit 1/2"" (Alternative zu Position 1)"," DURAVIT D-Code Urinal weiss Design by sieger design, Zulauf von hinten mit 1/2"" Anschluss, aus Sanitärkeramik ohne Spülrand, mit Spüldüse. Zulauf-Set mit Ablaufventil, Tassensiphon # 32mm und Befestigung. Außen glatte geschlossene Form. Abmessungen(BxTxH)305x290x560mm. Weiß. Ohne Fliege Hersteller: Duravit Typ: 0829300000 Liefern und montieren",0829300000
Tiefspülklosett Sanitärporzellan hängend H bis 450mm Ausladung 650-700," Tiefspül-WC DIN EN 997, als barrierefreie Ausführung DIN 18040, aus Sanitärporzellan, glasiert, Farbton weiß, abgerundet, spülrandfr ei, wandhängend, Spülmenge 6 l, Sonderhöhe, Höhe bis 450 mm, Ausladung über 650 bis 700 mm, Abgang waagerecht, mit WC-Sitz, ohne Dec kel, Befestigung an Installationselement, mit Schallschutz DIN 4109-1, einschl. Verfüllen der Fugen, mit elastischem Dichtstoff DIN EN 15651-3, Basis Silicon, Fugenbreite 5 mm.",2228090000
" WT 600 mm, Duravit Vero"," Waschtischanlage 600 mm, weiß Fabrikat Duravit Typ Vero für 1- und 3 Locharmatur Waschbecken aus Kristallprozellan mit Ab- und Überlauf Größe  600/465 mm, Standardfarbe weiß einschl. Expressbefestigung liefern und montieren",0454600000
 Universalbecken ca. 615x460x185mm (BxTxH) rechts ," Universalbecken ca. 615x460x185mm (BxTxH) rechts  mit Überlauf aus Sanitärkeramik mit Hahnlochbank, für Einlocharmatur. Rechteckig mit kreisrundem Becken rechts. Leicht erhöhter Rand gegen Ablaufen des Spritzwassers.  Weiß. Mit Hahnlochbank  liefern und montieren",0685600000
"Wand-WC 700 mm Tiefspüler, barrierefrei, weiss"," Wand-WC Tiefsp ü ler aus Sanit ä rkeramik Abmessung 360x700x320mm, barrierefrei f ü r 6 Liter Sp ü lwasser Farbe: Wei ß",2228090000
Waschtisch 600 mm mit Überlauf und Hahnloch weiss, Waschtisch aus Sanit ä rkeramik Abmessung 600x440x170mm mit Ü berlauf mit Hahnlochbank Farbe:                  Wei ß  Waschtisch in rechteckiger Beckenform mit vorn abgerundeten Ecken und einer markanten schmalen Keramikkante. Waschtisch f ü r Einlocharmatur,2319600000
 Duravit Urinal ME by Starck aus Sanitärkeramik," Duravit Urinal ME by Starck aus Sanitärkeramik, lllxbbbxhhhmm Zulauf von hinten, rimless, absaugend Bestellnummer: 2809300000 Farbe: 00 Weiss Ausführung: ohne Fliege EAN: 4021534993251  liefern und montieren",2809300000
 Klosettsitz Deckel Kunststoff," WC-Sitz mit Deckel, aus Kunststoff, Farbton weiß, mit Befestigungselementen, aus nichtrostendem Stahl, Werkstoff-Nr 1.4301, gebürstet, Hersteller/Typ ' Duravit / Me by Starck 0020090000 ' .",0020090000
" Tiefsspül-WC wandhängend, verlängerte Ausführung"," Tiefsspül-WC wandhängend, verlängerte Ausführung  Ausld. 70cm, weiß schmutzabweisend  Verwendungszwecke - Für Druckspüler - Für UP-Spülkästen  Eigenschaften - Tiefspül-WC - Wandhängend - Typ 1, Vollmenge 6 l, nach EN 997 - Mit Spülrand - Erhöhte Keramikoberkante 41 cm bei Standardbefestigungshöhe - Bodenfreiheit 7 cm - Besonders für die Nutzung durch Rollstuhlfahrer geeignet  - Entspricht der DIN 18040  Technische Eigenschaften - Werkstoff: Sanitärkeramik - B / Breite (cm): 36 cm - H / Höhe (cm): 34,5 cm - T / Tiefe (cm): 70 cm  angeboten: Hersteller:   Duravit Typ:   D-Code Vital  oder gleichwertig Hersteller:   '.............................' Typ:   '.............................'  liefern und montieren",2228090000
 DURAVIT Stark III WC Sitz mit Absenkautomatik, Duravit WC-Sitz Starck 3 aus Kunststoff mit Absenkautomatik Scharniere edelstahl Farbe: 00 Weiss  Liefern und montieren  gepl. Fabrikat: Duravit  gepl. Typ:  Starck III  ,0063890000
" Renova WC-Sitz, Befestigung von unten"," Renova WC-Sitz, Befestigung von unten universal, weiß  Eigenschaften - WC-Deckel überlappend  Technische Eigenschaften - Werkstoff: Duroplast - Befestigung: von unten - Absenkautomatik: nein - Scharnierwerkstoff: Edelstahl  Fabrikat: Geberit Typ: Renova Artikel-Nr.: 572165000  oder gleichwertiger Art  Hersteller/Typ  '.........' vom Bieter einzutragen ",0067310000
" D-CODE Waschtisch 650 x 500 mm, weiß"," D-CODE Waschtisch 650 x 500 mm, weiß",2310650000
Duravit Waschtisch Vero," Duravit Waschtisch Vero wie vor beschrieben, jedoch für Wandmontage",0454600000
 Urinalbecken Sanitärporzellan," Urinalbecken DIN 1390, aus Sanitärkeramik, wandhängend, Farbton/Oberfläche weiß, eingebrannte, dauerhafte Spezialglasur mit porenfreier hydrophiler Oberfläche, zur Flächendesinfektion geeignet, mit Spülrand, verdeckte Befestigung, komplett geschlossene Seitenflächen, Geruchsverschluss verdeckt, Abgang: nach hinten, Zulauf: hinten, mit Einlaufverbinder, mit Absaugformstück, Breite in mm 325, Höhe in mm 580, Tiefe in mm 300,  Befestigung Schrauben.",0829302000
Waschbecken," Waschtisch 600x460 wie zuvor beschrieben, jedoch ohne Überlauf Fabrikat:      Duravit Typ:D-Code med Farbe:weiß inkl. Ab- und Überlaufgarnitur und Waschtisch-Befestigungen",2311600000
 Tiefspül-WC Sanitärporzellan glasiert hängend Ausladung 650-700mm ," Tiefspül-WC, als barrierefreie Ausführung DIN 18040, Spülrandlos, aus Sanitärporzellan, glasiert, Farbton weiß, wandhängend, Spülmenge 6 l, Ausladung über 650 bis 700 mm, Abgang waagerecht, Befestigung an Installationselement, mit Schallschutz DIN 4109, einschl. Verfüllen der Fugen, mit elastischem Dichtstoff DIN EN 15651-3, Fugenbreite 10 mm. einschl. Befestigungsset, Hersteller/Typ 'Duravit/DuraStyle Vital 700Tiefspüler rimless' oder gleichwertig, Hersteller/Typ '.....................................' vom Bieter einzutragen.  ",25590900001
Stand-WC," Stand-WC Erstellung und Prüfung gemäß DIN EN 997, für 4,5 / 6 Liter-Spülung, aus Sanitärporzellan, weiß, runde Bauform, mit vollständig glasierten Spülrand, Befestigung auf Fertigfußbode n, mit verdeckter Bodenbefestigung, Wasserzulauf von hinten, mit waagerechtem Ablaufabzweig, mit Tiefspülknie und Schüssel, mit Anti drönmatte und Schallschutzzubehör; Die WC-Montageanschlüsse sind gemäß DIN EN 33 vorzusehen. B x T x H: ca. 36 cm x 47 cm x 41 cm",2184090000
DuraSquare Waschtisch geschliffen," ohne Überlauf, mit Hahnlochbank, Schaftventil mit keramischer Ventilabdeckhaube inklusive, Befestigung inklusive, 600x470 mm, Gefert igt aus der Spezialmasse DuraCeram Fabrikat/Typ: Duravit Waschtisch DuraSquare Art-Nr: 2353600071",2353600071
Waschtisch," Waschtisch  Barrierefrei gemäß DIN 18040-1 und DIN 18040-2. Rechteckige Beckenform mit 35mm breitem Rand und tiefer liegender Hahnlochbank für Einloch- optional Dreilocharmatur (bei Bestellung angeben). Wandanschluss mit Aufkantung 35x40mm als Spritzschutz. Abmessungen(BxTxH) 600x545x160mm. Weiß. einschl. Geberit UP Ablaufgarnitur, Eckventilen, Befestigungen.  Fabrikat: Duravit Typ: Duravit Style Vital  liefern und montieren",2329650000
" Duravit Waschtisch ME by Starck 600 mm mit ÜL, mit HLB, 1 HL, weiss"," Duravit Waschtisch ME by Starck aus Sanitärkeramik, 600x400x180mm mit Überlauf, mit Hahnlochbank Bestellnummer: 2343600000 Farbe: 00 Weiss Ausführung: 1 Hahnloch ",2343600000
" Duravit Urinal ME by Starck, Zulauf v.hinten rimless, ohne Fliege, weiss WonderGliss"," Urinal aus Sanitärkeramik, Zulauf von hinten, rimless, absaugend Breite:				330 mm Tiefe:				350 mm Höhe:				580 mm Farbe: 				00 Weiss Ausführung:			ohne Fliege Oberfläche: 			WonderGliss  Fabr.: 		Duravit Typ: 		ME by Starck 28093000001  komplett liefern und montieren",28093000001
" SCOLA Universalbecken mit Ablage, weiß"," Universalbecken mit Ablage, weiß aus Sanitärkeramik mit Sonderoberfläche, Hahnloch vorgestochen, mit Überlauf Becken links oder rechts nach Einbausituation, Größe 615 x 460 mm Gewicht: 24 kg Befestigung mit Muttern M 10 an Trockenbau-Tragegerüst Planungsfabrikat Duravit, Duravital Typ Scola oder gleich-/höherwertig angeboten: '..........' liefern und montieren",0684600000
"Wand-WC Tiefspüler aus Sanitärkeramik 360x540x345mm,"," Wand-WC Tiefspüler aus Sanitärkeramik 360x540x345mm, rimless, Durafix für 4,5 Liter Spülwasser Farbe: 00 Weiss  Duravit, Starck 3 Art.-Nr. 2527090000",2527090000
Badewanne Duravit Happy D.2," Badewanne  - Einbauversion - mit zwei R ü ckenschr ä gen, - aus 5mm Sanit ä racryl gezogen und durchgef ä rbt. - Innentiefe 460mm - Wannenrandbreite 30/70mm. - Wannenrandh ö he 95mm. - Ab- und Ü berlauf mittig.  Abmessung Au ß en: Breite: 800 mm L ä nge: 1800 mm H ö he: 600 mm  Fabrikat: DURAVIT Typ: Happy D.2 Bestellnummer: 700314000000000  einschlie ß lich: - St ü tzenf üß e, passend f ü r oben beschriebene Badewanne, - Wannenrandanker, Wannenprofilen - Sanit ä rsilikon, Farbe nach Wahl des Bauherren.  Nach Montage die Badewanne in Abstimmung mit der Bauleitung zu bef ü llen und ist dann bis zur Endabnahme so zu sch ü tzen, dass nachfolgende Gewerke ihre Arbeiten ausf ü hren k ö nnen.(Schutzfolien, Schutzvlies). Abstimmung mit Bauleitung und Nachfolgegewerken.  komplett liefern und montieren",790103000000000
" Tiefspül-WC wie vor, jedoch als barrierefreie Ausführung DIN 18040; Ausladung über 650 bis 700 mm;", als barrierefreie Ausführung DIN 18040 Ausladung über 650 bis 700 mm ,2559090000
 WC-Sitz," WC-Sitz mit Deckel und Edelstahlscharnieren, passend zu Tiefspülklosett Duravit D-Code mit Absenkautomatik Farbe:weiß",0067390000
 DURAVIT Stark III Wand-WC," Duravit Wand-WC Starck 3 Tiefspüler aus Sanitärkeramik 360x540x345mm, Durafix inklusive für 4,5 Liter Spülwasser  Liefern und montieren  gepl. Fabrikat: Duravit  gepl. Typ:  Starck III  ",2225090000
Duravit WC-Sitz DuraStyle mit Absenkautomatik Scharniere," Duravit WC-Sitz DuraStyle aus Kunststoff abnehmbar, mit Absenkautomatik Scharniere edelstahl Bestellnummer: 0020790000 Farbe: 00 Weiss EAN: 4053424051734",0020790000
Tiefspül - WC mit 70cm Ausladung," Tiefspül WC aus Sanitärporzellan, DIN 1385 Teil 6, DIN- EN 38, wandhängend, Wasserzu- und Ablauf innen waagerecht, Farbton weiß, mit glasiertem Spülrand und Kunststoffspülverteiler, Befestigung an Tragegerüst, mit Zulassung für Schutzraumbau, rollstuhlger echt, Sitzhöhe 48 cm, verlängertes Spülrohr. Einschl. Befestigungsmaterial, Schallschutzmatte und Schallschutzhülsen. Inkl. Spezialsitz mit Deckel, mit durchgehender Scharnierwelle in Chromnickelstahl und Schnellbefestigung, Farbton weiß, einschl. Befestigungsmaterial für Wand- Flachspül- WC (für Hygieneanforderungen und erhöte Belastung)",0060410000
 Duravit Zulaufgarnitur für Urinale mit Wasseranschluss hinten," Zulaufgarnitur für Urinale mit Wasseranschluss hinten, zu v.g. Urinal  Fabr.: 		Duravit Typ: 		6958000000  komplett liefern und montieren",6958000000
 Urinaldeckel derby abnehmbar, Urinaldeckel derby abnehmbar Edelstahlscharn. Absenkautom. weiss VIG. DEUDAS ,0024090000
 Waschtisch Sanitärporzellan," Waschtisch, Anschlußmaße DIN EN 31 und DIN EN 32, aus Sanitärkeramik, für Einlocharmatur, Hahnloch mittig, mit Überlauf, mittig, reduzierte Randhöhe, gerade Wandanbindung/Ablagefläche auf der Hahnlochbank, eckiges Design/Form, Breite in mm 600, Ausladung in mm 480, Höhe in mm 185, Farbton/Oberfläche weiß/glasiert, Befestigung mit Stockschrauben M10 x 120.",2310600000
 Wand-Tiefspül-WC ohne Spülrand sichtbare Befestigung weiss," Wand-Tiefspül-WC ohne Spülrand sichtbare Befestigung aus Sanitärporzellan DIN-EN33 und DIN-EN997 für Unterputzspülkasten mit 4 l, 5 l und 6l Inhalt verdeckter Abgang waagerecht Höhe:   355 mm Breite: 360 mm Tiefe:  540 mm Farbe:  weiß  ",2570090000
WC-Tiefspüler behindertengerecht Ausladung 70cm wand- häng. aus," WC-Tiefspüler behindertengerecht Ausladung 70cm wand- häng. aus Sanitärporzellan, , Spülwasserbedarf 6Liter, Wasserzulauf von hinten, Befestigung an Installations- block speziell für Behinderten-WC. Einschl. Schallschutzset, Befestigungsmaterial und Schraubenabdeckung. Farbe: weiss  Fabrikat/Typ: Keramag/ Vitalis    oder gleichwertig  Fabrikat/Typ: ....................................",0060410000
Flachspül-WC (Beh. WC)," Flachspül-WC - Wandhängend - Klasse 1, Vollmenge 6 l, nach EN 997 - mit Spülrand - Keramische Fase gegen seitliches Verrutschen des WC-Sitzes - Bodenfreiheit 9 cm bei Montagehöhe 450 mm - besondere Eignung für die Nutzung durch Rollstuhlfahrer - offener, vollständig glasierter Spülrand - Verdeckte Wandbefestigung - Verlängertes Spülrohr Technische Eigenschaften - Farbe: weiß - Werkstoff: Sanitärkeramik - Breite: ca. 39 cm - Höhe: ca. 36 cm - Tiefe: ca. 70 cm Einschl. Befestigungsmaterial zur schallgedämmten Montage an Montageelement angebotenen Fabrikats. Einschl. allen notwendigem Zubehör passend zu Wand-Flachfspül-WC angebotenen Fabrikats sowie aller Anschlüsse und Einbindungen. Fabrikat der Planung: Geberit Renova Comfort Flachspül-WC, 6 Liter, wandhängend, 700 mm Ausladung und 390 mm Breite oder gleichwertig.",2228090000
" D-CODE Med Waschtisch|650 x 500 mm, 1 HL, ohne ÜL, weiß 0387400WE65", _,2311650000
Tiefspül-WC (behindertengerecht)," Tiefspül-WC (behindertengerecht) wandhängendes Tiefspüll-WC, spülrandlos aus Sanitärkeramik weiß mit Oberflächenvergütung wondergliss Maße: 370 x 600 mm Spülwasserbedarf 6/ 4,5 l Abgang waagerecht Farbe weiß wondergliss WC gefertigt nach EN-997 (6 Liter) und EN-38 Angebotenes Fabrikat '....................................................' Komplett liefern und montieren",22030900001
DU Waschtisch DuraStyle 600 mm," DU Waschtisch DuraStyle 600 mm mit ÜL, mit HLB, 1 HL, weiß Duravit Waschtisch DuraStyle aus Sanitärkeramik, 600x440x170mm mit Überlauf, mit Hahnlochbank Bestellnummer: 2319600000 Farbe: 00 Weiß Ausführung: 1 Hahnloch",2319600000
Absauge-Urinal," Absauge-Urinal aus Sanit ä rporzellan, mit verdeckter Befestigung, Farbe wei ß , ohne Fliege, zugelassen f ü r 2 l Sp ü lvolumen, Abmessungen au ß en: Breite: 300 mm, Tiefe: 340 mm, H ö he: 560 mm, Zulauf und Abgang von hinten, einschl. Zulaufgarnitur, Absaugesiphon, Urinalsieb, Schallschutzset und Befestigungsmaterial. Fabrikat:      Duravit oder gleichwertig Typ:             Durastyle gew ä hltes Fabrikat/Typ: @61 Textergänzungen des Bieters ...........................................",0051120000
 Badewanne 180x80 cm mit Wannenträger," Badewanne 180x80 cm mit Wannenträger  Rechteck Einbauversion oder für Verkleidung mit zwei Rückenschrägen aus 4mm Sanitäracryl gezogen und durchgefärbt.  Farbe: weiß  Maße (LxB) 1800x800mm  einschließlich: - Wannenträger aus Styropor, Wandanker und Wandprofil - Ab- und Überlaufgarnitur - Schallschutzset und passende Wannenauflagen  einschl. Erstbefüllung mit Trinkwasser nach dem Einbau und Sanitärsilikon, Farbe nach Wahl des Bauherren  vor Bestellung gemeinsames Aufmaß mit Bauleitung  komplett liefern und montieren  Fabrikat: Duravit Typ: D-Code  oder gleichwertig  gew. Fabrikat: .............  gew. Typ : ............. ",790226000001000
 WC-Anlage," 1,00 TECEprofil Modul für Wand-WC BH 1120 mm, mit Tece-Spk. 1,00 TECEprofil Modulbefestigung tiefenverstellbar, mit Schnellverschluss 1,00 TECEloop Glas WC-Betätigungsplatte 2-Mengen-Sp., Glas weiß Taste weiß 1,00 ME BY STARCK Wand-Tiefspül-WC spülrandl. inkl. Durafix, weiß 1,00 ME BY STARCK WC-Sitz abnehmbar softclose, Scharniere Edelstahl, weiß 1,00 Schallschutz-Set f. Wand-Klosett u. -Sitzwaschbecken liefern und montieren",0020090000
" Einbauwaschtisch aus Sanitärkeramik,"," Einbauwaschtisch aus Sanitärkeramik, mit Überlauf, mit Hahnlochbank, Einbau von oben, 1 Hahnloch Farbe: weiß 500x465x180mm  einschl. Befestigungsmaterial  Fabrikat der Planung:  Hersteller: Duravit Typ: Vero  oder gleichwertiger Art  angebotenes Fabrikat:  Hersteller: '..........'  Typ: '..........'",0315500000
 Urinalbecken Sanitärporzellan," Urinalbecken DIN 1390, aus Sanitärkeramik, wandhängend, Farbton/Oberfläche weiß, eingebrannte, dauerhafte Spezialglasur mit porenfreier hydrophiler Oberfläche, zur Flächendesinfektion geeignet, mit Spülrand, verdeckte Befestigung, komplett geschlossene Seitenflächen, Geruchsverschluss verdeckt, Abgang: nach hinten, Zulauf: hinten, mit Einlaufverbinder, mit Absaugformstück, Breite in mm 325, Höhe in mm 580, Tiefe in mm 300,  Befestigung Schrauben.",0829300000
 Wandurinal Einschließlich Siphon Zulauf von Oben," Wandurinal Einschließlich Siphon Zulauf von Oben  Zulauf von Oben, Ablauf nach hinten, weiß  BxHxT: 305x565x290mm  Incl. alle Klein-, Neben- und Befestigungs- und Dichtungsmaterialien, die zur fachgerechten Montage notwendig sind  Fabrikat : Duravit Typ : D-Code oder glw.  gewähltes Fabriat: ...................................... gewählter Typ: ......................................  komplett liefern und fachgerecht betriebsfertig montieren  ",0828300000
WC," WC  Duravit Wand-WC ME by Starck Tiefspüler aus Sanitärkeramik 370x570x350mm, Durafix inklusive für 4,5 Liter Spülwasser Bestellnummer: 2528090000 Farbe: 00 Weiss  1 x  Duravit WC-Sitz ME by Starck aus Kunststoff, abnehmbar mit Abbsenkautomatik Scharniere edelstahl Bestellnummer: 0020090000 Farbe: 00 Weiss  1 x WC Element; Hygienespülung integriert, selbsttragend, für Trockenbaumontage, geeignet für Beplankung mit Gipskartonplatten, pulv erbeschichteter Rahmen, für WC Keramiken mit einer Ausladung von <= 625 mm, höhenverstellbare Füße 0-240 mm, SensoWash-Vorbereitung,  elektronische Betätigung von vorne, Abflachungen für optimalen Zugang von Presswerkzeug, Meterriss und Mittelrissmarkierung, werkze uglose Montage der transparenten Revisionsschutzplatte, Erfüllt die Schallschutzanforderungen nach DIN 4109 und VDI 4100 (in Verbind ung mit Schallschutzset # WD6015 000 000), Spülkasten, UP-Spülkasten CE geprüft nach EN 14055, maximales Spülvolumen 9l, Füllhöhenma rkierung, 2-Mengen Spültechnik, einstellbare Spülmengen, schwitzwassergedämmt, Drossel zur Regulierung des Spülstroms, Lieferumfang,  Rohbauset inkl. UP-Netzteil 100-240 V AC /24 V DC, PE-Wand-WC-Ablaufbogen DN 90/90, PE-Wand-WC-Anschlussgarnitur DN 90, Wand-WC-Bef estigungsset M12, Montagezubehör für Ständerleichtbauweise, Montagezubehör für Einzelmontage, PE-Wand-WC-Reduktion DN 90/110 für Abl aufbogen, 2 Abdeckkappen , vormontiertes WC-Element für Wand-WC, Sekundärspannung: 24 V  1 x Betätigungsplatte; berührungslos, infrarotgesteuerte Spülauslösung von vorne, ohne mechanische Tasten, Tastenbeleuchtung aktivie rt sich beim Herantreten, Spülauslösung durch Berühung oder berührungslos möglich, für aufgesetzte Montage, 2-Mengen Spültechnik, Be trieb mit Kleinspannung: 24 V DC SELV, Schutzart IP X4, Schutzklasse III, mit verwechslungssicheren Steckverbindern, Funktionsumfang , Geruchsabsaugung, Infrarot-Näherungssensor, Hygienespülung, Auto-Spülen, Reinigungsfunktion, Nachtlicht, Sperrfunktion, Notstromve rsorgung, Funktionen einstellbar über Fernbedienung, Lieferumfang, Montagerahmen, Montagezubehör, Frontplatte Glas  Fabrikat: Duravit Typ: ME by Starck  liefern und montieren",2528090000
DU Waschtisch DuraStyle 600 mm," DU Waschtisch DuraStyle 600 mm mit ÜL, mit HLB, 1 HL, weiß Duravit Waschtisch DuraStyle aus Sanitärkeramik, 600x440x170mm mit Überlauf, mit Hahnlochbank Bestellnummer: 2319600000 Farbe: 00 Weiß Ausführung: 1 Hahnloch",2319600000
 Wandprofil," Wandprofil Länge 3300 mm, zur Schalldämmung und Abdichtung  Fabrikat:  DURAVIT Art.-Nr.:  790125000000000  liefern und montieren",790126000000000
 Einzelwaschbecken B/T 500/470 mm," Einzelwaschbecken B/T 500/470 mm Farbe weiß, aus Sanitärporzellan  Hersteller/Typ Duravit/Vero Artikel: 045450  oder gleichwertig",0454500000
 Wannenträger für vor beschriebene Badewanne, Wannenträger für vor beschriebene Badewanne  EAN: 4021534401909    Hersteller:	Duravit Typ:		Wannenträger Best.Nr.:	790473000000000  liefern und montieren. ,790473000000000
" Absauge-Urinal, Zulauf verdeckt, weiß"," Absauge-Urinal, Zulauf verdeckt, weiß",0829300000
 Urinal Fabrikat: Duravit Typ: D-Code, ,0829300000
Urinalbecken, Urinalbecken Urinal absaugend aus Sanitärkeramik mit Zulauf von hinten Für Siphon Abgang waagerecht optional senkrecht. Außen glatte geschlossene Form. Einschließlich Befestigung. einschließlich Urinal-Absaugesiphon Spülmenge 1 Liter. Abmessungen(BxTxH) 300x340x560mm. Befestigung: an Vorwandelement Zulauf: von hinten Ablauf: nach hinten mit Befestigungssatz Farbe: weiß (alpin) Ohne Fliege,0051120000
 Möbelhandwaschbecken," Duravit Möbel-Handwaschbecken Happy D.2 aus Sanitärkeramik, 500x360x140mm mit Überlauf, mit Hahnlochbank komplett liefern und montieren Fabrikat: Duravit  Bestellnummer: 0710500000 Farbe:   00 Weiss Ausführung:  1 Hahnloch EAN:  4021534856006 Art.-Nr.:  0710500000",0710500000
Duravit Waschtisch Vero," Duravit Waschtisch Vero wie vor beschrieben, jedoch als Doppelwaschtisch mit 2 Hahnlöchern, breite 100 cm",0454100024
 Montage von WC," Lieferung und Montage von WC wandhängend, weiß, spülrandlos,  Markenprodukt z.B. Duravit Typ D-Neo einschließlich Schallschutzset und WC Sitzring mit Deckel und Sensor- Auslösung WC aus Sanitärporzellan, CE-gekennzeichnet für Wandeinbauspülkasten Befestigung: Gewindestangen M 12 x 150 Zulauf: von hinten, Abgang: waagerecht Befestigung: Gewindestangen M 12 x 150, an vorhandenes Vorwandelement liefern und montieren",45770900A1
"Handwaschbecken, aus Sanitärporzellan, 45cm"," Handwaschbecken nach DIN 1386, DIN-EN 32 aus Sanitärporzellan rechteckige Form mit schmalen umlaufenden Rand, dezent abgerundeten Ecken und Hahnlochbank mit Hahnloch für Einlocharmatur Hahnloch Mitte offen; rechts und links durchschlagbar mit rundem Überlauf Breite:                                450 mm, Ausladung:    340 mm, Breite Innenbecken:  ca.420 mm Ausladung Innenbecken: ca.190 mm Abstand Mitte Ablauf zur Wand: ca.170 mm Tiefe Hahnlochbank: ca.110 mm einschl. Schallschutz-Set, Farbton: weiß. Befestigung 'an Vorwandelementen'. Befestigung:  Stockschrauben M 10 x 120 einschl. Schallschutz-Set, liefern und montieren: Fabrikat:                            Duravit Modell:                                Handwaschbecken D-Code 0705450000",0705450000
 Duravit Wand-WC Darling New," Duravit Wand-WC Darling New Tiefspül-WC, Farbe weiß Grösse: 370x540 mm  Hersteller/Typ Duravit/Darling New Art. 254509",2545090000
DU Handwaschbecken DuraStyle 450 mm," DU Handwaschbecken DuraStyle 450 mm ohne ÜL, mit HLB, 1 HL, weiß Duravit Handwaschbecken DuraStyle aus Sanitärkeramik, 450x340x115mm ohne Überlauf, mit Hahnlochbank Bestellnummer: 0708450000 Farbe: 00 Weiß Ausführung: 1 Hahnloch",0708450000
 Klosettanlage bestehend aus:," Klosettanlage bestehend aus:  Wand-Tiefspül-WC Duravit Vero 545 mm Schallschutzset zu Wand-WC Betätigungsplatte Bolero WC-Sitz Vero mit Deckel weiß, Scharniere Edelstahl, mit Absenkautomatik  liefern und montieren",0067690000
"Tiefspülklosett aus Sanitärkeramik, wandhän-"," Tiefspülklosett aus Sanitärkeramik, wandhän- gend, für Wandeinbau-Spülkasten, spülrandlos, mit allen Dicht- und Befestigungsmaterialien. Ausschreibungsfabrikat:    Duravit Serie:           D-Code Best.-Nr.:       2200090000 Farbe: weiß Ausladung   54 cm einschl. WC-Sitz mit Deckel, Edelstahl-Scharniere mit Absenkautomatik Fabrikat:  Duravit Modell:  D-Code komplett liefern und montieren.",2200090000
 WC-Sitz mit Deckel für Wand-WC," WC-Sitz, aus hochwertigem Kunststoff einschließlich Deckel, Ausführung ohne Absenkautomatik, Scharnieren aus Edelstahl. Weiß.  zur Montage auf vorgenanntes Wand-WC  Fabrikat der Planung: Duravit/D-Code oder gleichwertig  angebotenes Fabrikat/Typ:  '..........' (vom Bieter auszufüllen)  liefern und montieren ",0067310000
Waschbecken wandhängend Sanitärporzellan B 550-600mm Ausladung 450-500," Waschbecken DIN EN 31 (wandhängend), aus Sanitärporzellan, Farbton weiß, glasiert, ohne Hahnloch, mit Überlauf, für Ablaufventil, Br eite über 550 bis 600 mm, Ausladung über 450 bis 500 mm, mit Schallschutz DIN 4109-1, @1 Textergänzungen des Auftraggebers Hersteller und Typ 'Duravit / Vero' oder gleichwertig, @2 Textergänzungen des Bieters Hersteller und Typ vom Bieter einzutragen .",2350600060
 Tiefspül-WC Duravit Starck 3 Vital , Breite: 360 mm Länge: 700 mm Höhe: 320 mm / 355 mm Material: Keramik Sanitärfarbe: Weiß (Alpin) Gewicht: 33 kg Montageart: Wandhängend Ausführung: Tiefspüler barrierefrei Spülmenge: 6 liter  Fabrikat: Duravit Typ:         Vital  liefern und montieren oder gleichwertig  Fabrikat:  ..........................................  Typ:         ..........................................,2203090000
" Waschtisch, m. Hl./o. Ül. 660x555 mm, unterfahrbar"," Waschtisch, m. Hl./o. Ül. 660x555 mm, unterfahrbar, weiss Waschtisch aus Kristallporzellan. DIN EN 18040. Armaturenbank: Hahnloch mittig durchgestochen. Ohne Überlauf. Befestigung mit 2 Stockschrauben M10 x 140 mm. Montage nur in Verbindung mit nicht verschliessbarem Schaftventil. Umlaufende Griffmulde durchglasiert Norm: DIN EN 14688 CL 00, DIN EN 31, DIN 18040 Oberfläche: Weiss (Alpin) Aussenmasse (BxTxH): 600x545x175 mm Innenbecken Breite: 410 mm Armaturenbank (BxT): 600x130 mm # Fabrikat / Typ:    Duravit vital Starck 3 oder gleichwertiger Art, # liefern und montieren",0309600000
"Duschwanne, Stahl, Acryl, 90x80x4,5cm"," Rechteck-Duschwanne, aus Sanitäracryl, Farbton weiß, Abmessung:  90 x 80 cm Tiefe:                                 4,5 cm Ablaufloch-Durchm:  90mm Fabrikat: Duravit Stark Slimline o.glw..................",720118000000000
 Tiefspül-WC," Wand-Tiefspül-WC barrierefrei, weiß aus Sanitärkeramik, Spülmenge 6 l. Für Wandeinbauspülkasten Abmessungen: 360x700x320 mm Farbe:  weiß Oberfläche: WonderGlilss  Fabrikat: Duravit Typ: Starck 3  oder gleichwertig  Angebotenes Fabrikat / Typ  '..................................' vom Bieter einzutragen",2203092000
 WC-Anlage barrierefrei Starck 3 Wand-WC Vital," Komplette WC-Anlage barrierefrei bestehend aus: 1  wandhängendem Tiefspülklosett 70 cm, aus    Kristall-Porzellan, incl. verchr. Abschluss-    kappen, mit Schallschutz-Set, als Tiefspül-WC    ähnlich Starck 3 Wand-WC Vital 36 x 70     gewähltes  Fabrikat/Typ:  '....................'  1 Spezial-Klosettsitz ohne Deckel    Farbe weiß, mit Edelstahlscharnieren  liefern, ins Gebäude tragen und betriebsfertig montieren",2203090000
" Toilettenpapierhalter Kunststoff 1Rolle Halteelement, geschlossen, Duravit"," Verchromter Toilettenpapierhalter, geschlossene Ausführung, für Rollenbreite 100 mm, Breite 138 mm, Höhe 118 mm, Ausladung 89 mm verdeckte Befestigung mit korrosionsfreiem Befestigungsmaterial Hersteller/Typ Duravit/Karree",0099551000
 Einhand-Waschtischbatterie DN 15 für Ein-," Einhand-Waschtischbatterie DN 15 für Ein- lochmontage, mit Temperaturbegrenzer, Mengenbegrenzer, mit Keramikkartusche, mit Mousseur, mit Zugstangen-Ablaufgarnitur 1 1/4"", Ausschreibungsfabrikat:  Duravit Typ:      C.1  Größe  S Seriennr.:   C11020001010 Oberfläche: verchromt Liefern und montieren.",C11020001010
 Waschtisch," Waschtisch aus Sanitärkeramik, 1200x470x175mm mit Hahnlochbank Farbe: 00 Weiss Ausführung: mit Überlauf, 2 Hahnloch, geschliffen  Hersteller/Typ: Duravit / Vero",0454120000
" Geruchsverschluss für Handwaschbecken und Reihenwaschtische1 1/4"""," Geruchsverschluss für Handwaschbecken und Reihenwaschti sche1 1/4""Design Geruchsverschluss für Handwaschbecken und Doppelwaschtische, 1 1/4"" Flaschensiphon zylinderfö rmig; mit Prüfzeichen Material: Messing, verchromt für Wandanschluß R 1 1/4 x DN 40,  Fabrikat der Planung: Du ravit Design Siphon Art.-Nr.: 005036  Angebotenes Fabri kat:   [TB11'.......................................... ..'  ](vom Bieter anzugeben)  liefern und montieren",0050361000
" Urinal absaugend aus Sanitärkeramik, DURAVIT Duraplus  Best.Nr. 083060000.","   Urinal absaugend aus Sanitärkeramik, mit verdecktem Zu- und Ablauf. Für Siphon Abgang waagerecht. Zulassung der LGA Würzburg. Außen glatte geschlossene Form. Abmessungen(BxTxH)3 45 x 315 x 615mm.  Farbe:  weiß. Fabrikat: DURAVIT Typ:  Duraplus  Best.Nr. 083060000. Montagehöhe: 650 mm über OKFFB  oder gleichwertiger  Fanrikat:_________________Typ:_______________________  liefern und montieren ",0830360000
"Ausgussbecken-Klapprost, Edelstahl, mit Gummischutz", Ausgussbecken-Klapprost Farbe:     Chrom Material:  Messing verchromt Inklusive Klappscharnier mit integrierter Wandbefestigung und Rostpuffer. Lieferumfang: - Klapprost - 2 Klappscharniere - 2 Stockschrauben M 8 x 110 mm - 2 Dübel 10mm - 2 U-Scheiben mit Gummischeibe - 2 Befestigungsbuchse mit Bund Abmessungen: Breite:  275 mm Tiefe:   300 mm Höhe:   20 mm,0050011000
 Poresta Badewannenträger für Badewanne 1800 x 800 mm (Alternative zu P osition 2), Badewannenträger für Badewanne 1800 x 800 mm aus Polystyrol Hersteller: Duravit Typ: 791446 Liefern und montieren,791446000000000
 Wand-WC Tiefspüler mit 70 cm  Ausladung, Wand-WC Tiefspüler mit 70 cm  Ausladung wandhängend aus Sanitärkeramik für 6 Liter  Spülwasser.  Außen glatte geschlossene rechteckige  Beckenform vorne übergehend in einen Halbkreis. Aus Hygienegründen mit geschlossenem Spülrand und keramischem Spülwasserverteiler. Bodenfreiheit 140 mm  bei Einbauhöhe 480 mm einschl. WC-Sitz (ohne Deckel). Abmessungen (b x t x h) 360 x 700 x 350 mm. incl. Schallschutzset ,2559090000
 WC-Sitz Deckel Kunststoff," WC-Sitz mit Deckel, aus Kunststoff, Farbton weiß, mit Befestigungselementen mit Absenkautomatik, aus nichtrostendem Stahl, Werkstoff-Nr 1.4301, gebürstet, Hersteller/Typ ' Duravit / Starck 3 mit Absenkautomatik' .",0063890000
 Waschbecken Sanitärporzellan B 500-550mm Ausladung 400-450mm," Waschbecken, aus Sanitärporzellan, Farbton weiß, glasiert, mit Loch für Einlocharmatur, mit Überlauf, für Ablaufventil, Breite über 500 bis 550 mm, Ausladung über 400 bis 450 mm, Befestigung an Installationselement, mit Schallschutz DIN 4109,  Hersteller/Typ ' Duravit / Starck 3' .",0300550000
Waschtisch aus Sanitärkeramik," Waschtisch aus Sanit ä rkeramik 600x470x165mm mit Hahnlochbank Farbe: 00 weiss Ausf ü hrung: mit Ü berlauf, 3 Hahnl ö cher Fabrikat:         Duravit Typ:               Vero               oder gleichwertig @61 Textergänzungen des Bieters Angebotenes Fabrikat: .............................  @62 Textergänzungen des Bieters Angebotener  Typ: .............................  Bietereintrag",0454600000
 Tiefspülklosett Sanitärporzellan," Tiefspülklosett DIN EN 997 schockgeprüft, aus Sanitärporzellan, weiß, wandhängend, mit glasiertem Rand Breite: ca. 360 mm Ausladung: 480 mm, Spülwasserbedarf 6l, Abgang waagerecht, Befestigung mit Schrauben, verdeckt, einschl. - 1 St.  Befestigungssatz - 1 St. Anschlussgarnitur - 1 St. Schallschutzset einschl. Silikonfugen ",2211090000
Waschtisch unterfahrbar 60 x 55 cm," Waschtisch Vital Design by sieger design, mit Überlauf aus Sanitärkeramik. Barrierefrei gemäß DIN 18040-1 und DIN 18040-2. Großes re chteckiges Becken mit runden Ecken, Hahnlochbank mit Hahnloch für Einlocharmatur, optional ohne Hahnloch. Einbauhöhe 800mm. Abmessun gen(BxTxH)600x555x155/130mm. Weiß. Mit Einlocharmatur Best.Nr. 2313600000.   einschl. Bemusterung vor Bestellung einschl. Lieferung von Zahnband o. Dämmunterlage einschl. Befestigungsmaterial für Trockenbauwand einschl. Abdichtung mit Sanitärsilikon  Fabrikat/Typ: Duravit/D-Code, Vital  liefern und montieren   oder gleichwertig  angebotenes Fabrikat:  @11 Textergänzungen des Bieters '..........'",2313600000
 Tiefspül-WC (Beh. WC), Tiefspül-WC - Wandhängend - verlängerte Ausladung - eckiges Design - Entspricht DIN der 18040 - ohne Spülrand - Keramische Fase gegen seitliches Verrutschen des WC- Sitzes - Bodenfreiheit 9 cm bei Montagehöhe 450 mm - besondere Eignung für die Nutzung durch Rollstuhlfahrer - Verdeckte Wandbefestigung - Verlängertes Spülrohr  Technische Eigenschaften - Farbe: weiß - Werkstoff: Sanitärkeramik - Breite: ca. 39 cm - Höhe: ca. 36 cm - Tiefe: ca. 70 cm  Einschl. Befestigungsmaterial zur schallgedämmten Montage an Montageelement angebotenen Fabrikats.,2559090000
 Rechteckiger Waschtisch 600/470," Rechteckiger Waschtisch aus Sanitärporzellan mit Armaturenbank, mit schmalem Beckenrand, ca. 25 mm breit, mit Überlauf, mit Hahnloch, ungeschliffen Maße:600/470/165 mm Farbe weiß  einschl. Befestigungsmaterial  Fabrikat der Planung:  Hersteller: Duravit Typ: Vero Air  oder gleichwertiger Art  angebotenes Fabrikat:  Hersteller: '..........'  Typ: '..........'   ",2350600000
" WC-Sitz mit Deckel für o.g. WC,",,0067310000
"Waschtisch, aus Sanitärporzellan, 60cm"," Waschtisch nach DIN 1386, DIN-EN 32 aus Sanitärporzellan, rechteckige Form ohne umlaufenden Rand, abgerundete Ecken und Hahnlochbank mit Hahnloch für Einlocharmatur Hahnloch Mitte offen; mit rundem Überlauf Breite:                                600 mm, Ausladung:    440 mm, Gesamthöhe  ca.170 mm Breite Innenbecken:  ca.525 mm Ausladung Innenbecken: ca.270 mm einschl. Schallschutz-Set, Farbton: weiß. Befestigung 'an Vorwandelementen'. Befestigung:  Stockschrauben M 10 x 120 einschl. Schallschutz-Set, liefern und montieren: Fabrikat:                            Duravit Modell:                                DuraStyle Waschtisch 2319600000",2319600000
Duravit C.1," Duravit C.1 Waschtischarmatur M mit Zugstangen-Ablaufgarnitur, Chrom Höhe: 17,5cm, Ausladung: 11,3cm  inkl. Lieferung und Montage  Einbauort: Bad/WC KG",C11020001010
" Duravit Wand-Tiefspül-WC D-Code 54,5x35.5cm weiß"," Duravit Wand-Tiefspül-WC D-Code 54,5x35.5cm weiß Tiefspüler aus Sanitärkeramik 355x545x340mm  Farbe: 00 Weiß Alpin  in spülrandloser Ausführung  oder gleichwertig angeb. Fabrikat: '..............................' ",45700900A1
"DURAVIT ME by Starck Wand-WC Duravit Rimless® Compact,"," DURAVIT ME by Starck Wand-WC Duravit Rimless® Compact, Design by Philippe Starck, Tiefspüler wandhängend aus Sanitärkeramik mit verdeckter Befestigung, spülrandloses WWC mit patentierter Duravit Rimless® Spültechnologie. 4,5 Liter Spülwassermenge, EWL Klasse 1. WC mit rechteckige nach unten konische Beckenform mit schmalen Keramikkante, kurze Ausladung. Durafix inklusive. Option: HygieneGlaze (antibakterielle Keramikglasur auf Zinn-Zink Basis), unter Zugrundelegung der Normen JIS 2801 und BS ISO 22196 mit einen Wirkungsgrad von 99,9%. Bodenfreiheit 50/105mm bei Einbauhöhe 400mm. Abmessungen(BxTxH)370x480x350/295mm. Weiß. Mit HygieneGlaze Best.Nr. 2530092000.",2530092000
" Tiefspül-WC für Menschen mit Behinderung, Duravit  Wand-WC Starck 3 Vital, 360x700"," Tiefspül-WC aus Sanitärkeramik, für Menschen mit Behinderung Wandhängend, Fabrikat: Duravit Modell:  Wand-WC Starck 3 Vital Abmessungen: 360x700x320mm, barrierefrei für 6 Liter Spülwasser Farbe:  weiß einschl. Befestigungsmaterial und Abdeckkappen  Montagehöhe 480 mm OK Keramik  liefern und montieren ",2203090000
Wandtiefspül-WC 550 x 440 mm," Wand-WC Tiefspüler wandhängend. Spülrandloses Wand-WC mit patentierter Spültechnologie aus Sanitärkeramik für 4,5 Liter Spülwasser, EWL Klas se 1. Rechteckige nach unten konische Beckenform mit markanter, schmaler Keramikkante. Flache Deckel-/Sitzkombination. Bodenfreiheit  50/75mm bei Einbauhöhe 400mm. Abmessungen(BxTxH):  370x540x350/325mm Farbe:                                                    Weiß Fabrikat der Planung:  Duravit Typ:                                                       DuraStyle Artikel-Nr.:                        2538090000 Lieferung und Montage einschließlich erforderlichem Zubehör.",2538090000
" Tiefspül-WC für Menschen mit Behinderung, Duravit  Wand-WC Starck 3 Vital, 360x700"," Tiefspül-WC aus Sanitärkeramik, für Menschen mit Behinderung Wandhängend, Fabrikat: Duravit Modell:  Wand-WC Starck 3 Vital Abmessungen: 360x700x320mm, barrierefrei für 6 Liter Spülwasser Farbe:  weiß einschl. Befestigungsmaterial und Abdeckkappen  Montagehöhe 480 mm OK Keramik  liefern und montieren ",2203090000
" WC-Sitz D-Code weiss Scharniere Edelstahl, ohne Absenkautomatik"," WC-Sitz weiss Scharniere Edelstahl, ohne Absenkautomatik. Hersteller: Duravit Typ: D-Code 006731 Liefern und montieren",0067310000
" Tiefspüler, barrierefrei, Ausladung 700 mm"," Tiefspüler, barrierefrei, Ausladung 700 mm  Tiefspüler mit 70 cm Ausladung wandhängend aus Sanitärk eramik für 6 Liter Spülwasser, EWL Klasse 2. Rechteckig e Beckenform vorne übergehend in einen Halbkreis. Aus H ygienegründen mit geschlossenem Spülrand und keramische m Spülwasserverteiler. Bodenfreiheit 140/117mm bei Einbauhöhe 480mm einschl. A bmessungen(BxTxH) 360x700x320/355mm. Weiß.  DURAVIT DuraStyle Wand-Tiefspül-WC Vital, weiß oder gleichwertig",2559090000
 Urinal Ben 370x350 mm," DURAVIT Urinal Ben aus Sanitärkeramik ohne optional mit Zielpunkt Fliege mit Zulauf verdeckt von hintenabsaugend. Für Siphon Abgang waagerecht optional senkrecht. Großes Urinalbecken, außen glatte geschlosseneForm. Prüfzeugnis der LGA Würzburg. Abmessungen(BxTxH) 370x350x705mm. Weiß. Ohne Fliege, Zulauf von hinten, absaugend, Abgang innen senkrecht oder waagrecht, Größe 370 x 350 mm  Fabrikat der Planung:  Duravit Typ der Planung:         Ben Urinal Best.Nr.    0847370000 oder gleichwertiger Art, Gewähltes Fabrikat:  '....................' Gewählter Typ:   '....................'  liefern, ins Gebäude tragen und betriebsfertig montieren",0847370000
"DURAVIT ME by Starck Wand-WC Duravit Rimless® Compact,"," DURAVIT ME by Starck Wand-WC Duravit Rimless® Compact, Design by Philippe Starck, Tiefspüler wandhängend aus Sanitärkeramik mit verdeckter Befestigung, spülrandloses WWC mit patentierter Duravit Rimless® Spültechnologie. 4,5 Liter Spülwassermenge, EWL Klasse 1. WC mit rechteckige nach unten konische Beckenform mit schmalen Keramikkante, kurze Ausladung. Durafix inklusive. Option: HygieneGlaze (antibakterielle Keramikglasur auf Zinn-Zink Basis), unter Zugrundelegung der Normen JIS 2801 und BS ISO 22196 mit einen Wirkungsgrad von 99,9%. Bodenfreiheit 50/105mm bei Einbauhöhe 400mm. Abmessungen(BxTxH)370x480x350/295mm. Weiß. Mit HygieneGlaze Best.Nr. 2530092000.",2530092000
Waschtisch 60 x 47 cm," Waschtisch 600mm aus DuraCeram®, ohne Überlauf, mit Hahnlochbank und umlaufendem Rand. Schaftventil mit keramischer Ventilabdeckhaub e inklusive, Beckenform mit präziser und paralleler Linienführung, weiche und runde Übergänge, Randstärke von 5mm. - Abmessungen (BxTxH) 600x470x145mm - Weiß inkl. Befestigungsmaterial Fabrikat/Typ: Duravit DuraSquare Waschtisch 600x470, 1-HL, m.ÜL, weiß LCC Art.-Nr.: 2353600041",2353600041
" Tiefspül-WC, wandhängend, Duravit, Hornberg 530 x 360 mm "," Tiefspül-WC, 6 l, wandhängend Farbrikat:  Duravit Modell:  Hornberg Abmessungen: 530 x 360 mm Montage:  wandhängend Sitzhöhe:  41 cm Abgang:  waagrecht Material:  Sanitärporzellan WC-Farbe:      weiß einschl. Befestigungsschrauben mit Abdeckkappen in weiß  Montage für Wandeinbauspülkasten  oder gleichwertiger Art und Ausführung  Fabrikat:_________________Typ:________________________  liefern und montieren   ",0065000000
 Montage von Ausgüssen Wandmontage," Lieferung und Montage von Ausgüssen (Wandmontage) mit Zu- und Ablaufgarnitur an vorhandene Montageelemente , inklusive Silikonierung, Schallschutzzset und Befestigungsmittel. Die Wasserauslösung erfolgt berührungslos über Wandmontage der Wasserhähne.  Maße: 350 x 350 mm Material: Sanitärkeramik weiß oder Edelstahl",0050011000
" Whirlwanne Rechteck, L 1800 B 800"," Whirlwanne Rechteck, für Wannenverkleidung mit zwei Rückenschrägen, aus 5mm Sanitäracryl gezogen und durchgefärbt, Innentiefe 460mm, Wannenrandbreite 80/100mm, Wannenrandhöhe 35mm, Wannenaufkantung 750x75mm, Wannenboden 990x310mm, Innenmaß Wanne 1640x620mm, Ab-und Überlauf mittig Nutzinhalt 180 Liter, Abmessungen (L/B/H)1800x800x480mm, weiß Ausstattung: 4 flache Schwenkdüsen (Wasser) 12 flache, regelbare Bodendüsen (Luft) 6 flache, regelbare Seitendüsen (Luft und Wasser) LED-Weißlicht, 2 Strahler 2 flache, regelbare Fußdüsen (Luft und Wasser) Hersteller/Typ Duravit/DuraStyle, System L incl. Wandprofil zur Schalldämmung, 3 St. Wannenanker zur Befestigung und Unterstützung von Badewannen an der  Wand und Ab-und Überlaufgarnitur mit Wanneneinlauf, lange Ausführung, für Whirlwannen, Ablaufdurchmesser 52mm, Bowdenzuglänge 750mm",790103000000000
 Klosettanlage," Klosettanlage Farbe / Oberfläche: alpinweiß / Zubehörteile verchromt bestehend aus Tiefspülklosett, wandhängend Fabrikat: Duravit Typ: Starck 3 Nr. 220009.00  Klosettsitz mit Deckel Fabrikat: Duravit Typ: Starck 3 Nr. 006381.00  Abdeckplatte für Wandeinbauspülkasten Fabrikat: Geberit Typ: Sigma01 Nr. 115.770.21.5  sowie Anschlußgarnitur, Dichtungs- und Befestigungsmaterial",2200090000
WC Sitz ohne Deckel, WC-Sitz ohne Deckel passend zu angebotenen Tiefspül-WC Farbe: weiß mit durchgehender Edelstahlwelle Einschl. allen notwendigem Zubehör.,0067310000
Waschbecken 550x530 cm,,2310550000
"Doppel-Waschtisch, aus Sanitärporzellan, 100cm, Aufsatz-WT"," Doppel-Waschtisch nach DIN 1386, DIN-EN 32 aus Sanitärporzellan, als Aufsatz-Waschtisch, rechteckige Form und mit Hahnlochbank, 2 Hahnlöcher, mit Überlauf Breite:                                1000 mm, Ausladung:    470 mm, Gesamthöhe  ca.175 mm Farbton: weiß. zum Aufsetzen auf bauseitige Platte, liefern und montieren: Fabrikat:                            Duravit Modell:                                Vero 0454100024",0454100024
DURAVIT Befestigung zur Montage des Starck 3," DURAVIT Befestigung zur Montage des Starck 3 Ausgussbeckens ohne Klapprost, Chrom  Fabrikat: DURAVIT Typ: Starck 3 Artikel-Nr.: 0067121000  oder gleichwertiger Art  Hersteller/Typ: @11 Textergänzungen des Bieters '.........' vom Bieter einzutragen",0067121000
Badewanne, Badewanne für private Badezimmer und Hotels - Zum Einbau mit Wannenträgern - Abgang am Fußende - Rechteckig - Farbe: weiß - Werkstoff: Sanitäracryl - Gesamtvolumen: 205 l - Nutzinhalt: 135 l - Länge: 170 cm - Breite: 75 cm - Höhe: 47 cm,700100000000000
Waschtisch unterfahrbar," Waschtisch, unterfahrbar mit Hahnloch, mit Überlauf Farbe : weiß(alpin) Material : Sanitärporzellan Unterfahrbar und Kniefreiheit beim Sitzen, für die Nutzung durch Rollstuhlfahrer geeignet, Innenbecken vollständigen Ablage der Unterarme, umgreifbare Front- und Seitenbereiche zum Heranziehen und Festhalten. ca. Abmessungen außen: Breite : 600 mm Tiefe : 550 mm Höhe : 155 mm ca. Zargenhöhe: 55 mm ca. Abmessungen innen: Breite : 450 mm Tiefe : 400 mm Höhe : 100 mm ca. Abstand Mitte Ablauf zur Wand : 185 mm ca. Tiefe Hahnlochbank : 120 mm ca. Abstand Mitte Hahnloch zur Wand : 65 mm Einschl. Schaftsiebventil 1 1/4"" mit Überlauf Messing, verchromt, mit Profildichtung, allen notwendigem Zubehör passend zu Waschtisch angebotenen Fabrikats sowie aller Anschlüsse  und Einbindungen, einschl. Befestigungsmaterial zur Montage an Montageelement angebotenen Fabrikats. Fabrikat der Planung: Geberit Renova Comfort Waschtisch, 650 x 550 mm, mit Hahnloch, mit Überlauf, unterfahrbar oder gleichwertig.",2312600000
"Waschtisch, 600 mm, Standard"," Waschtisch, mit Hahnloch, mit Überlauf, EN 14688, Farbe weiß, Material Sanitärporzellan, Breite ca. 600 mm, Tiefe ca. 480 mm, einsch ließlich Schallschutzset zur akustischen Entkopplung vom Baukörper und Befestigungsmaterial. Einschl. Montage. Einbauort: WE-Typ 01 + 02",2310600000
Tiefspül-WC," Tiefspül-WC, spülrandlos, 4,5/6 l, wandhängend, 540mm Ausladung CE, EN 997 - CL1 - 5/6A - 6C, EN 33 für Wandeinbauspülkasten oder Wandeinbaudruckspüler CE-gekennzeichnet Abmessungen: Breite : 355 mm Tiefe : 540 mm Farbe : weiß(alpin) Form : eckig Material : Sanitärporzellan Gewicht : 17,8 kg Einschl. Befestigungsmaterial zur schallgedämmten Montage an Montageelement angebotenen Fabrikats. Einschl. allen notwendigem Zubehör passend zu Wand-Tiefspül-WC angebotenen Fabrikats sowie aller Anschlüsse und Einbindungen. Fabrikat der Planung: Geberit Renova Plan oder gleichwertig",2570090000
" Mehrpreis für Porzellan ""CERAMIC PLUS"""," Mehrpreis für Porzellan ""CERAMIC PLUS"" ""ZULAGE"" für vorstehende Position, anstatt in Standardausführung, in pflegeleichter Ausführung ""CERAMIC PLUS""",07324500411
Waschtisch 60x48cm ," Waschtisch 60x48cm, mit Hahnloch, mit Ül., weiß   Eigenschaften: - Reduzierte Randhöhe - Grafisch exakte Konturen - Organisch fließendes Innenbecken - 10 Jahre Nachkaufgarantie - Eingebrannte, dauerhafte Spezialglasur mit porenfreier hydrophiler Oberfläche, zur Flächendesinfektion geeignet   Technische Eigenschaften - Farbe: weiß - Werkstoff: Sanitärkeramik - Höhe: 16 cm - Breite: 60 cm - Tiefe: 48 cm - Befestigungspunkte: 2 - Hahnloch: mittig - Überlauf: sichtbar   Angebotenes Produkt:............................... ",0300600000
Waschtisch," als Waschtisch, Abmessungen ca: HxBxT: 185x600x480mm",2311600000
 Wand-Tiefspül-WC ME by Starck 57x37cm weiß o.Spülrand," Wand-Tiefspül-WC einschl. Schallschutzset und Befestigungssatz, mit weißem Silikon dauerelastisch versetzen und Anschluss ausfugen Größe:               570x370x350mm Farbe:               weiss Fabrikat:              Duravit Serie:      Wand-WC ME by Starck Liefern und montieren",2529090000
Klosettsitz rechteckig mit Deckel," Klosettsitz mit Deckel in verlängerter Ausführung, abnehmbar, aus durchgefärbten Duroplast gemäß DIN 19516, in Rechteck- form mit abgerundeten Ecken und feinen Radien, ergono- misch geformt. Hersteller/Typ:  Duravit / Happy D.2 oder gleichwertiger Hersteller/Typ Ausführung Schaniere: Edelstahl Befestigung: von oben Farbe: weiß alpin Absenkautomatik: ohne Mit schmutzkantenfreier Auflageseite und verstellbaren Puffern.",0064610000
" Waschtisch,Keramik,weiß,B 600mm,ÜL"," Waschtisch, aus Sanitärporzellan, Farbton weiß, mit Seifenablage, für Einlocharmatur, mit Überlauf, für verdeckte Befestigung mit Steinschrauben. Breite   	: >550 bis 600 mm, Ausladung 	: >450 bis 500 mm,  Hersteller / Typ: ' ..................................................' vom Bieter einzutragen",2310600000
" Tiefspülklosett beh., wandh., 700 mm"," Tiefspülklosett für Behinderte,  Fabrikat:  DURAVIT  Typ:   Starck 3 Vital  mit WonderGliss Oberfläche. Duravit Starck 3 Vital Wand-WC by Philippe Starck, Tiefspüler mit 60cm Ausladung wandhängend aus Sanitärkeramik für 6 Lieter Spülwasser. EWL Klasse 2 Rechteckite Beckenform vorne übergehend in einen Halbkreis. Aus Hygienegründen mit geschlossenem Spülrand und keramischemSpülwasserverteiler. Bodenfreiheit 140/117 mm bei Einbauhöhe 480 mm einschlielich WC-Sitz (ohne Dekel) gemäß DIN 18040-1 und DIN 18040-2,Farbe weiß Zubehör: Schallschutz-Set",22030900001
 Wand-Tiefspül-WC," Wand-WC Tiefspüler wandhängend mit verdeckter Befestigung. Spülrandloses Wand-WC mit patentierter Spültechnologie aus Sanitärkeramik für 4,5 Liter, EWL Klasse 1. Runde Beckenform übergehend in einen Halbkreis im vorderen Bereich mit breitem Rand. Außen glatte geschlossene Form. Bodenfreiheit 60/105mm bei Einbauhöhe 400mm. Abmessungen(BxTxH) 365x540x340/295mm. Weiß.",2529090000
" Waschtisch, 600mm"," Waschtisch, 600mm aus Sanitärporzellan nach DIN-EN 31 Hahnloch mitte offen, links und rechts durchschlagbar, mit Überlauf, eckige Bauform mit abgerundeten Kanten Größe: Breite: 600 mm, Tiefe 480 mm Befestigung: Laschen, Stein-Schrauben einschl. Wandanschlußstreifen, Farbe: weiß (alpin) Hygieneoberfläche bestehend aus antibakterieller Glasur und reinigungsfreundlicher Oberflächenbeschichtung einschließlich Überlaufgarnitur, Siphon",23506000001
 Reserve Papierhalter für Stützklappgriff, Reserve Papierhalter für Stützklappgriff,0829300000
Waschbecken, Waschtisch 600x460 Fabrikat:      Duravit Typ:D-Code Farbe:weiß inkl. Ab- und Überlaufgarnitur und Waschtisch-Befestigungen,2310600000
WC-Sitz mit Deckel weiß," WC-Sitz mit Deckel wei ß und Edelstahlscharnieren, abnehmbar Hinweis: Die zuvor genannten technischen Daten, Abmessungen und Gewichte sind Richtwerte und k ö nnen je nach Hersteller abweichen. Diese Richtwerte sind +/- 5% Toleranz einzuhalten! liefern und montieren",0063890000
 Waschbecken Sanitärporzellan B 700-750mm Ausladung 450-500mm ," Waschbecken Sanitärporzellan B 700-750mm Ausladung 450-500mm Waschbecken, Beckenaußenform oval, Beckeninnenform oval, aus Sanitärporzellan, Standardfarbton, glasiert, mit Loch für Einlocharmatur, mit Überlauf, für Ablaufventil, Breite von 700 bis 750 mm, Ausladung über 450 bis 500 mm, Befestigung mit Konsole, einschl. Verfüllen der Fugen, mit elastischem Dichtstoff DIN EN 15651-3, Basis Silicon, sauervernetzend, Fugenbreite 9 mm, Farbton weiß, Fugenausbildung dreieckig. ",0030751000
Duschwanne Starck Slimline 1600x750x 60mm," Duravit Duschwanne Starck Slimline aus 4 mm Sanitäracryl, 1600x750x60mm Rechteck Bestellnummer: 720131000000001 Farbe: 00 Weiss Oberfläche: Antislip EAN: 4021534893025 Einschließlich: Montagesysteme nach Vorgabe des Herstellers, Duschwannen-Antidröhn-Set, Duschwannen-Schalldämmset, Wannen-Anschluss-Schalldämmband WAS 70, DICHTSET FLEX. Ablaufventil verchromt mit Siphon 1 1/4"" ",790126000000000
 Wand-Tiefspül-WC derby plus care 70cm, Wand-Tiefspül-WC derby plus care 70cm ohne Spülrand sichtbare Bef. weiss VIG DEPWWCOS70 ,2203090000
 Behinderten-Waschbeckenanlage best. aus:," Behinderten-Waschbeckenanlage best. aus: 1  Waschbecken aus Kristall-Porzellan  Barrierefrei nach DIN 18024.2 und 18025.1+2  Kniefreiheit 670x300mm bei Montagehöhe 800mm. Rechteckige Beckenform mit 35mm breitem Rand und tiefer liegender Hahnlochbank für Einlocharmatur  Wandanschluss mit Aufkantung 35x40mm  als Spritzschutz. Innenbecken(BxT) 470x350mm.     mit Glasur, mit Hahnloch, mittig, ohne Überlauf  mit seitlich umlaufender Wulst zur besseren  Griffmöglichkeit    Größe:    60 (600 x 545 mm)    Farbe:            weiß  1 Schaftventil DN 32, verchromt  1  Röhrenablauf, aus Messing, verchromt,    für Unterputz--Sifon mit Abdeckrosette,    verchromt  liefern und betriebsfertig montieren",0309600000
"Beh.-Waschtisch 55 cm, weiß"," Waschtisch 550 mm aus Sanitärporzellan, mit einem Hahnloch, mit Überlauf, EN 14688 CL 25 unterfahrbar nach DIN 18024 Teil 2, DIN 18025 Teil 1+2 für die Nutzung durch Rollstuhlfahrer geeignet Zwei Wasserebenen im breiten Innenbecken ermöglichen die Utensilienablage im Frontbereich bei Teilanstauung und reduzieren damit den Reinigungsaufwand, Leicht umgreifbare Front- und Seitenbereiche, durch multifunktionale Zargenhöhe, zum mühelosen Heranziehen und Festhalten Mit sanft abgerundeten Ecken und Kanten für angenehme Armauflagen und Abstützbereiche Mit reinigungsfreundlicher Aufkantung an der Wand Größe:Breite: 550 mm, Tiefe: 550 mm Zargenhöhe: 55 mm Breite Innenbecken: 420 mm Ausladung Innenbecken: 375 mm Abstand Mitte Ablauf zur Wand: 185 mm Tiefe Hahnlochbank: 120 mm Abstand Mitte Hahnloch zur Wand: 65 mm Befestigung: Steinschrauben M10 x 120 in Verbindung mit Ablaufgarnitur für Wandeinbau Farbe: weiß (alpin) Einbauort: Beh.-WC, Beh.-WT Klassenräume gewähltes Fabrikat: GEBERIT gewählter Typ: Renova  Comfort oder gleichwertig @60 Textergänzungen des Bieters Hersteller/Typ .................................................... vom Bieter einzutragen",2312600000
"DU Urinal Rimless ME by Starck, weiß"," DU Urinal Rimless ME by Starck, weiß Abgang waagrecht, Ausf. f. Deckel, HYG 3301487048000",2812302000
 WT Behinderten-Waschbeckenanlage Starck 3," Behinderten-Waschbeckenanlage best. aus: 1  Waschbecken aus Kristall-Porzellan  Barrierefrei nach DIN 18024.2 und 18025.1+2  Kniefreiheit 670x300mm bei Montagehöhe 800mm. Rechteckige Beckenform mit 35mm breitem Rand und tiefer liegender Hahnlochbank für Einloch- optional Dreilocharmatur (bei Bestellung angeben).  Wandanschluss mit Aufkantung 35x40mm  als Spritzschutz. Innenbecken(BxT) 470x350mm.     mit Glasur, mit Hahnloch, mittig, mit Überlauf   Größe:   60 (600 x 545 mm)    Farbe:           weiß     wie Fabrikat:        Duravit     Typ:              vital Starck 3  oder gleichwertiger Art,  Hersteller:             ................  Typ:  ................  1 Siebventil DN 32, verchromt  liefern und betriebsfertig montieren",0309600000
" Wand-WC, Tiefspüler (Standard)"," aus Sanitärkeramik 365 x 570 x 345, Durafix inklusive für 4,5 Liter Spülwasser  Farbe:   00 Weiss Oberfläche:  Wondergliss Spülrand: Ohne Spülrand  Fabrikat: Duravit Typ:  Wand-WC Tiefspüler Serie   Darling New Nr.:  25570900001   Angebotenes Produkt: '................................. ..................' VOM BIETER AUSZUFÜLLEN!",25570900001
 Wand-Tiefspül-WC Starck 3 Weiss 360 x 540 mm," DURAVIT Starck 3 Wand-WC Design by Philippe Starck, Tiefspüler aus Sanitärkeramik wandhängend für 6 und 4,5 Liter Spülwasser nach EN 997. Mit Prüfzeugnis der LGA Würzburg. Außen glatte geschlossene rechteckige Beckenform vorne übergehend in einen Halbkreis. Wandanschluss mit Aufkantung. Aus Hygienegründen mit geschlossenem Spülrand und keramischem Spülwasserverteiler. Bodenfreiheit 60/20mm einer Einbauhöhe 400mm. Abmessungen(BxTxH)360x540x320mm. Weiß. Hersteller: Duravit Typ: 2200090000 Liefern und montieren",2200090000
" Waschtisch mit ÜL, mit 1 HL 600x470 mm"," Duravit Waschtisch Vero aus Sanitärkeramik, 600x465x165mm mit Hahnlochbank Farbe: 00 Weiss Ausführung: mit Überlauf, 1 Hahnloch  Fabrikat : Duravit Modell : Vero liefern und montieren ",0454600000
" Duravit Starck 3 Wand-WC Vital 700 mm Tiefspüler,barrierefrei,weiß,HYG"," Duravit Wand WC Starck 3 aus Sanitärkeramik 700x370x355mm, Tiefspüler, Spülrand geschlossen, Abgang waagerecht, Wandhängend  Farbe:   weiß hochglanz, Ausführung:   Wand WC  Fabr.:   Duravit Typ:   Starck 3  oder gleichwertig  Fabrikat: ____________________________  Typ: ____________________________ ",0062410000
 Handwaschbecken 450x320x155mm," Handwaschbecken 450x320x155mm aus Sanitärkeramik, mit Hahnlochbank, Farbe: 00 Weiss Ausführung: mit Überlauf, 1 Hahnloch Duravit Starck 3, Art.-Nr. 0750450000",0750450000
" Möbelhandwaschbecken aus Sanitärkeramik, Breite 380 mm, rechteckig"," Möbelhandwaschbecken 380 mm aus Sanitärkeramik ohne Überlauf und mit Hahnlochbank für Einlocharmatur rechts, rechteckiges Becken mit einer kleinen seitlichen Ablagefläche auf der Hahnlochbank. Gestraffte Flächen, kleine exakte Radien und schmale Ränder, B/T Innenbecken 240x195mm. Abmessungen außen (B/T/H) 380x250x140mm. weiß Hersteller/Typ Duravit/Vero Air mit Raumsparsiphon",0724380000
 Tiefsp#l WC wandh#ngend Duravit D-Code, Tiefsp#lklosett - wandh#ngend - WC-Sitz und Deckel - Schalld#mmband und Silikonfuge - Wassermenge 6 l - wei#  Fabrikat: Duravit Typ: D-Code,2535090000
Urinalbecken, Urinalbecken Urinal absaugend aus Sanitärkeramik mit Zulauf von hinten Für Siphon Abgang waagerecht optional senkrecht. Außen glatte geschlossene Form. Einschließlich Befestigung. einschließlich Urinal-Absaugesiphon Spülmenge 1 Liter. Abmessungen(BxTxH) 300x340x560mm. Befestigung: an Vorwandelement Zulauf: von hinten Ablauf: nach hinten mit Befestigungssatz Farbe: weiß (alpin) Ohne Fliege,2804310000
 Waschtisch 60 x 47 cm Duschbad Basic Fabrikat: Duravit Typ: D-Code, ,2310600000
 Badewanne 180x80 cm mit Wannenträger," Badewanne 180x80 cm mit Wannenträger  Rechteck Einbauversion oder für Verkleidung mit zwei Rückenschrägen aus 4mm Sanitäracryl gezogen und durchgefärbt.  Farbe: weiß  Maße (LxB) 1800x800mm  einschließlich: - Wannenträger aus Styropor, Wandanker und Wandprofil - Ab- und Überlaufgarnitur - Schallschutzset und passende Wannenauflagen  einschl. Erstbefüllung mit Trinkwasser nach dem Einbau und Sanitärsilikon, Farbe nach Wahl des Bauherren  vor Bestellung gemeinsames Aufmaß mit Bauleitung  komplett liefern und montieren  Fabrikat: Duravit Typ: D-Code  oder gleichwertig  gew. Fabrikat: .............  gew. Typ : ............. ",700101000000000
 Waschtisch 600 x 545 Duravit Vital," Waschtisch aus Sanitärporzellan, 600 x 545 mm, mit Hahnloch in der Mitte, weiss, einschließlich Befestigungsmaterial. Mit Überlauf  Fabrikat:              Duravit Serie:        Vital  liefern und montieren oder gleichwertig  Fabrikat:  ..........................................  Typ:         ..........................................   ",0309600000
"Zubehör zu vorbeschriebenem Waschtisch für Metallkonsole,"," Zubehör zu vorbeschriebenem Waschtisch für Metallkonsole, chrom, höhenverstellbar. einschl. Befestigungsmaterial",0030741000
"Waschtischanlage, rund"," Waschtischanlage, bestehend aus: Aufsatzbecken mit Überlauf aus Sanitärkeramik ohne Hahnloch zur Montage auf Konsole oder Badmöbel, Durchmesser: 420 Abmessungen (BxTxH): 420x420x155mm @11 Textergänzungen des Bieters gew. Fabr.: '..........' @12 Textergänzungen des Bieters gew. Typ: '..........' 1 mess.-verchr. Ablaufventil DN 32 1 mess.- verchr. Rohrgeruchverschluss mit Tauchrohranschluss, 2 mess.-verchr. Eckventile 1/2"", mit Rosette 1 Schallschutzstreifen einschl. Befestigungsmaterial komplett liefern und montieren, einschl. Silikonverfugung",0325420000
 DURAVIT Starck 3 Waschtisch weiss 500 x 360 x 180 mm," DURAVIT Starck 3 Waschtisch weiss 500 x 360 x 180 mm Design by Philippe Starck, mit Überlauf aus Sanitärkeramik. Rechteckige Beckenform mit 35mm breitem Rand und tiefer liegender Hahnlochbank für Einloch- optional Dreilocharmatur (bei Bestellung angeben). Wandanschluss mit Aufkantung 35x40mm als Spritzschutz. Innenbecken(BxT)420x210mm. Abmessungen(BxTxH) 500x360x180mm. Weiß. Hersteller: Duravit Typ: 0300500000 Liefern und montieren",0300500000
WC-Sitz,,0067310099
" Ausgussbecken, aus Sanitärkeramik wandhängend,"," Ausgussbecken, aus Sanitärkeramik wandhängend, mit Rückwand, mit Klapprost aus nichtrostendem Stahl, 480x425x300mm ohne Überlauf, ohne Hahnlochbank",03134800001
" Mehrpreis für Porzellan ""CERAMIC PLUS"""," Mehrpreis für Porzellan ""CERAMIC PLUS"" ""ZULAGE"" für vorstehende Position, anstatt in Standardausführung, in pflegeleichter Ausführung ""CERAMIC PLUS""",23566000411
" Wand-Tiefspül-WC 36,5x54cm"," DURAVIT DuraStyle Wand-WC Basic Rimless# Set, Design by Matteo Thun, spülrandloses WWC, Tiefspüler wandhängend aus Sanitärkeramik für 4,5 Liter Spülwasser, EWL Klasse 1. Rechteckige Beckenform vorne übergehend in einen Halbkreis. Bodenfreiheit 50/100mmm bei Einbauhöhe 400mm. Abmessungen(BxTxH)365x540x350mm. Weiß.  Hersteller/Typ: Duravit/DuraStyle Basic Rimless",2562090000
Waschbecken wandhängend Sanitärporzellan B 550-600mm Ausladung 450-500," Waschbecken DIN EN 31 (wandhängend), aus Sanitärporzellan, Farbton weiß, glasiert, ohne Hahnloch, mit Überlauf, für Ablaufventil, Br eite über 550 bis 600 mm, Ausladung über 450 bis 500 mm, mit Schallschutz DIN 4109-1, @1 Textergänzungen des Auftraggebers Hersteller und Typ 'Duravit / Vero' oder gleichwertig, @2 Textergänzungen des Bieters Hersteller und Typ vom Bieter einzutragen .",2350600000
 Stonetto Duschwanne," Stonetto Duschwanne Art.-Nr. 720145 Rechteck, DuraSolid# Q, 50 mm Design by EOOS Varianten Duschwanne 720145380000000 Farbe weiss  inklusive Zubehör: - Schalungsholfe - Schallschutzset - Abdichtset - Duschwannenträger - Duschwannenablauf  liefern und montieren",791243000000000
Tiefspülklosett barrierefrei Sanitärporzellan wandhängend Ausladung 70," Tiefspül-WC, barrierefrei, 6l, ohne Spülrand, aus Sanitärporzellan, wandhängend, WC Sitz barrierefrei mit Deckel und Metallscharnieren, Abgang waagerecht, Befestigung an Installationselement, mit Schallschutzset DIN 4109, Befestigung: Gewindestangen M 12 x 150 Größe: Breite: 370 mm, Tiefe: 700 mm Bodenfreiheit 90mm bei Montagehöhe von 450mm Oberkante Keramik  Farbe: Weiß  Hersteller/Typ Duravit/Durastyle Vital oder gleichwertig @11 Textergänzungen des Bieters Hersteller/Typ ' ....................................................' vom Bieter einzutragen.",2559090000
 Möbel-Waschtisch compact Duravit DuraSquare 600 x 400 mm für Einlochar matur (3. Alternative zu Position 1)," Möbel-Waschtisch compact Duravit DuraSquare 600 x 400 mm für Einlocharmatur ohne Überlauf weiss aus Sanitärkeramik, mit Hahnlochbank und einem Hahnloch. Schaftventil mit keramischer Ventilabdeckhaube inklusive. Hersteller: Duravit Typ: DuraSquare 2356600041 Liefern und montieren",2356600041
"Wand-WC Tiefspüler, verlängerte Ausladung 70 cm, geschlossener"," Wand-WC Tiefspüler, verlängerte Ausladung 70 cm, geschlossener Spülrand Tiefspüler mit 70 cm Ausladung wandhängend aus Sanitärkeramik für 6 Liter Spülwasser, EWL Klasse 2. Rechteckige Beckenform vorne übergehend in einen Halbkreis. Aus Hygienegründen mit geschlossenem Spülrand und keramischem Spülwasserverteiler. Bodenfreiheit 140/117mm bei Einbauhöhe 480mm einschl. WC-Sitz ohne Deckel gemäß DIN 18040-1 und DIN 18040-2. Abmessungen(BxTxH) 360x700x320/355mm. Weiß. Die Montagehöhe sollte 480 mm sein, um eine Sitzhöhe von 500 mm zu erreichen. inkl. verlängertem Spülrohr. herstellen einer Silikonverfugung angebotenes Fabrikat/Typ  @01 Textergänzungen des Bieters    vom Bieter einzutragen. komplett incl. allem systembedingtem Klein- und Montagematerial liefern und montieren.",2228090000
" Duravit WC-Sitzring D-Code Vital Scharniere edelstahl, lang, weiss"," WC-Sitzring aus Kunststoff, ohne Absenkautomatik verlängerte Ausführung Scharniere edelstahl Farbe: 00 Weiss  Fabrikat:Duravit Typ:D-Code Vital Bestellnummer: 0060710000 EAN: 4021534950025  oder gleichwertiger Art  Fabrikat: '.........' Typ: '.........'  liefern und montieren",0060710000
"Waschtisch, unterfahrbar"," Waschtisch EN 14688 CL 25, aus Sanitärporzellan, Hahnloch Mitte durchgestochen, mit Überlauf, unterfahrbar, Breite:  600 mm Tiefe:  490 mm Form:  Rechteck Farbe: Weiß Alpin Befestigung: Steinschrauben M10 x 120 Befestigung an Installationselement, schallgedämmt. Fabrikat:  Villeroy & Boch Modell:   ViCare Artikel-Nr.:  71196301 liefern und montieren",2312600000
Waschbecken barrierefrei," TA TB Waschbecken DIN EN 31 (wandhängend), Becken außen mit Griffmulden, Beckeninnenform rechteckig mit eingearbeiteter Wasserstufe, schoc kgeprüft, aus Sanitärporzellan, Farbton weiß, glasiert, mit hydrophober Beschichtung, mit Loch für Einlocharmatur, mit Überlauf, für  Ablaufventil, Breite über 600 bis 650 mm, Ausladung über 500 bis 550 mm, Befestigung an Installationselement, mit Schallschutz DIN 4109-1, Hersteller und Typ Geberit Renova Comfort Square Art.Nr. 1286600000 oder gleichwertig, vom Bieter einzutragen.",2329650000
 Waschbecken Sanitärporzellan unterfahrbar B 550-600mm Ausladung 550-60 0mm," Waschbecken Sanitärporzellan unterfahrbar B 550-600mm A usladung 550-600mm Waschbecken, aus Sanitärporzellan, Farbton weiß, glasie rt, ohne Hahnloch, mit Überlauf, für Ablaufventil, unte rfahrbar DIN 18040, Breite über 550 bis 600 mm, Ausladu ng über 550 bis 600 mm, Befestigung an Installationsele ment, einschl. Verfüllen der Fugen, mit elastischem Dic htstoff DIN EN 15651-3, Basis Silicon, Fugenbreite 5 mm , Farbton weiß, Fugenausbildung dreieckig, Ausführung g emäß Einzelbeschreibung, [TA01Einzelbeschreibungs-Nr '4.1' ] [TA02Hersteller/Typ 'Duravit/Vital' oder gleichwertig,]  [TB03Hersteller/Typ ' ................................. ...................' vom Bieter einzutragen] .",0050381000
 Waschbecken 615 mm," Waschbecken 615 mm  Waschbecken aus Sanitärporzellan Maße: 615 x 460 x 185 mm Eckig mit Hahnlochbank, Hahnloch durchgestochen mit Überlauf Wandbefestigung Befestigung mit 2 Stockschrauben M10x120 mm  Einschließlich: Befestigungsmaterial und Schallschutz  Fabrikat der Planung:       Duravit Type:                                Scola Farbe:   Weiß Artikelnummer: 0684600011 links   0685600011 rechts   oder gleichwertig  liefern und montieren ",0685600011
"Badewanne, 1,80  x 0,80 m, Acryl"," Einbauwanne aus Sanitäracryl, Ablauf mittig, mit einer Rückenschräge Länge             1800mm Tiefe              800mm F arbe weiß komplett mit Wannen- Ab- und Überlaufgarnitur, Ablauf, verchromt liefern und montieren Fabrikat: Duravit D-Code (#700101000000000)",790226000001000
 Wand-Tiefspül-WC D-Code 54.5x35.5cm NEU weiss Duravit," Wand-Tiefspül-WC D-Code 54.5x35.5cm NEU weiss Duravit  Duravit Wand-WC D-Code Tiefspüler aus Sanitärkeramik 355x545x340mm, für 4,5 Liter Spülwasser Bestellnummer: ............................. Farbe: 00 Weiß  einschl. liefern und montieren  gewähltes Fabrikat:.................................... ..........",2535090000
WC-Sitz für Modell Starck 3," WC-Sitz aus hochwertigem Kunststoff mit Deckel über den Sitz greifend. Mit Absenkautomatik, abnembar. Verdeckte Scharniere aus Edelstahl. Farbe:  Weiß. Fabrikat:  DURAVIT Modell:  Starck 3",0063890000
 Ausgußbecken," Ausgussbecken aus Sanitärkeramik, 480x425x300mm ohne Überlauf, ohne Hahnlochbank Farbe: Weiss  einschl. Befestigungsmaterial  Fabrikat der Planung:  Hersteller: Duravit Typ: Starck 3  oder gleichwertiger Art  angebotenes Fabrikat:  Hersteller: '..........'  Typ: '..........' ",0313480000
 Wand WC-Keramik," Wand-WC Compact Tiefspüler aus Sanitärkeramik 370x480x350mm, rimless, Durafix für 4,5 Liter Spülwasser Farbe: Innenfarbe Weiß Hochglanz, Aussenfarbe Weiß Seidenmatt, HygieneGlaze Bestellnummer: 2530099000  inkl. Schallschutzsets, zur Körperschallentkopplung zwischen WC und Wand bestehend aus: Schaumstoffplatte, Befestigungshülsen und Abspritzen des WCs zur Wand hin mit Silikon.  Hersteller: Duravit Typ: Wand WC Compact, Me by Starck",2530099000
 WC-Sitz Kunststoff," WC-Sitz ohne Deckel, aus Kunststoff, Farbton weiß, mit Befestigungselementen, aus nichtrostendem Stahl, Werkstoff-Nr 1.4301, poliert, Hersteller und Typ ' Duravit / Starck 3 Vital 006241.' oder gleichwertig, Hersteller und Typ ' ....................................................' vom Bieter einzutragen.",0062610000
"WC-Sitz, weiss"," Duravit D-Code WC-Sitz Vital Design by sieger design, verlängerte Ausführung aus hochwertigem Kunststoff, ohne Absenkautomatik, eins chließlich Deckel mit Edelstahlscharnieren. Weiß.  Fabrikat/Typ: Duravit/D-Code Vital Best.-Nr.: 0060310000  liefern und montieren   oder gleichwertig",0060310000
Ausgussbecken Keramik mit Ausgußklapprost," Ausgußbecken aus Sanitärkermaik, für Wandmontage Publica Ausgussbecken f. Klapprost, 45x36x33,5cm, ohne Überlauf, weiß Geberit Publica Ausgussbecken für Klapprost Verwendungszwecke - Für Industrie und Handel - Zum Ausschütten von Abwasser Technische Eigenschaften - Werkstoff: Sanitärkeramik - Farbe: weiß - Breite: 45 cm - Höhe: 35 cm - Tiefe: 33,5 cm - Überlauf: ohne - Nettogewicht: 19,000 kg zusätzlicher Lieferumfang - Ausgussbecken Zusätzlich zu bestellen - Klapprost aus Edelstahl, mit Puffern Fabrikat: Geberit Typ: Publica Artikel-Nr.: 367200000 Größe: Breite: 450 mm, Tiefe: 335 mm Stichmaß: 305 mm Befestigung: Steinschrauben Ablauf: außen senkrecht (ohne Siphon) Farbe: weiß (alpin) Mit Ausgußklapprost, aus Messing verchromt, mit Kunststoff- Beckenrandschoner Einbauort: Reinigung KG gewähltes Fabrikat: GEBERIT gewählter Typ: Quelle oder gleichwertig @60 Textergänzungen des Bieters Hersteller/Typ .................................................... vom Bieter einzutragen",0313480000
 Handwaschbecken Vero Air 45x35cm f.Ein- locharmatur weiss Duravit," Handwaschbecken Vero Air 45x35cm f.Ein- locharmatur weiss Duravit Bestellnummer: 0724450000 Farbe: 00 Weiß Ausführung: m.ÜL, m.HLB, 1HL Duravit Handwaschbecken Vero Air aus Sanitärkeramik, 450x350mm m.ÜL, m.HLB, Weiß",0724450000
" Whirlwanne Rechteck, L 1800 B 800"," Whirlwanne Rechteck, für Wannenverkleidung mit zwei Rückenschrägen, aus 5mm Sanitäracryl gezogen und durchgefärbt, Innentiefe 460mm, Wannenrandbreite 80/100mm, Wannenrandhöhe 35mm, Wannenaufkantung 750x75mm, Wannenboden 990x310mm, Innenmaß Wanne 1640x620mm, Ab-und Überlauf mittig Nutzinhalt 180 Liter, Abmessungen (L/B/H)1800x800x480mm, weiß Ausstattung: 4 flache Schwenkdüsen (Wasser) 12 flache, regelbare Bodendüsen (Luft) 6 flache, regelbare Seitendüsen (Luft und Wasser) LED-Weißlicht, 2 Strahler 2 flache, regelbare Fußdüsen (Luft und Wasser) Hersteller/Typ Duravit/DuraStyle, System L incl. Wandprofil zur Schalldämmung, 3 St. Wannenanker zur Befestigung und Unterstützung von Badewannen an der  Wand und Ab-und Überlaufgarnitur mit Wanneneinlauf, lange Ausführung, für Whirlwannen, Ablaufdurchmesser 52mm, Bowdenzuglänge 750mm",791206000001000
 Einbauwaschbecken Sanitärporzellan B 500-550mm Ausladung 450-500mm Fuge verfüllen elast.Dichtstoff Silicon B 10mm ," Einbauwaschbecken, Beckeninnenform rechteckig, aus Sanitärporzellan, Farbton weiß, glasiert, mit Armaturenbank, in vorh. Ausschnitt von oben einbauen, mit Überlauf, für Ablaufventil, Breite über 500 bis 550 mm, Ausladung über 450 bis 500 mm, mit Schallschutz DIN 4109, einschl. Verfüllen der Fugen, mit elastischem Dichtstoff DIN EN 15651-3, Basis Silicon, Fugenbreite 10 mm, Hersteller/Typ 'Duravit/Vero 550mm'. ",0315550000
" Waschtisch, unterfahrber, aus Sanitärkeramik,"," Waschtisch, unterfahrber, aus Sanitärkeramik, 600x550x155mm mit Überlauf, mit Hahnlochbank Farbe: 00 Weiss Ausführung: 1 Hahnloch  Fabrikat: Duravit Typ: D-Code Vital Art.Nr. 2312600000 EAN: 4021534686504  oder gleichwertiger Art und Form  Fabrikat: '.........' Typ: '.........'  liefern und montíeren. Das Bohren sowie die Befestigung, inkl. Befestigungsmaterial sind im EP mit zu kalkulieren.",2312600000
WC-Sitz aus hochwertigem Kunststoff mit Deckel über den Sitz greifend, WC-Sitz aus hochwertigem Kunststoff mit Deckel über den Sitz greifend. Verdeckte Scharniere aus Edelstahl. Weiß. WC-Sitz ohne Absenkautomatik. passend zum vorher beschriebenen WC angebotenes Fabrikat/Typ  @01 Textergänzungen des Bieters    vom Bieter einzutragen. komplett incl. allem systembedingtem Klein- und Montagematerial liefern und montieren.,0067310000
"WC-Sitz, weiss"," Duravit D-Code WC-Sitz Vital Design by sieger design, verlängerte Ausführung aus hochwertigem Kunststoff, ohne Absenkautomatik, eins chließlich Deckel mit Edelstahlscharnieren. Weiß.  Fabrikat/Typ: Duravit/D-Code Vital Best.-Nr.: 0060310000  liefern und montieren   oder gleichwertig  angebotenes Fabrikat:  @11 Textergänzungen des Bieters '..........'",0060310000
" Einhebelwaschtischmischer, DN 15"," Einhebelwaschtischmischer, DN 15 Fabrikat: DURAVIT Typ C11020001010 Einhebel-Waschtischmischer, Chrom Hochglanz, Keramikmischsystem, Standmontage, Ausladung 113 mm, Flexible Anschlussschläuche 3/8 Zoll DN 15, Normalstrahl, Temperaturbegrenzung einstellbar, Geeignet für Durchlauferhitzer, Anzahl Griffe 1 Farbe:Chrom Hochglanz liefern und montieren",C11020001010
,,0062910000
 WC-Sitz mit Deckel für Stand-WC," Duravit WC-Sitz D-Code aus Kunststoff mit Absenkautomatik, verlängerte Ausführung, Scharniere edelstahl Bestellnummer: 0067390000 Farbe: 00 Weiss EAN: 4021534350672  Fabrikat/Typ: Duravit/D-Code  liefern und montieren",0067390000
BEHINDERTEN WASCHTISCH VITALIS 65 cm," aus Sanitärkeramik weiß, ohne Überlauf, Überlaufkanal unten geschlossen, mit mittigem Hahnloch, ohne Seifenschale, zur Befestigung am Installationsblock, mit reinigungsfreundlicher Oberfläche einschließlich Befestigungsmaterial Größe:    650 x 570 mm, Höhe 170 mm Fabrikat:   DURAVIT Modell:    DuraStyle Vital Med Ausführung:   WonderGliss komplett liefern und montieren",23306500001
 Klosettsitz mit Deckel behindertengerecht," Klosettsitz mit Deckel und Edelstahl-Scharnieren, weiss mit Plastikpuffer für Sitz und Deckel behindertengerecht passend zu Duravit Architec",0062810000
" Tiefspül-WC, spülrandlos"," Tiefspül-WC Modell für Kinder  Spülrandloses WWC, Tiefspüler wandhängend aus Sanitärkeramik für 4,5 Liter Spülwasser, EWL Klasse 1. Rechteckige Beckenform vorne übergehend in einen Halbkreis.  Abmessungen(BxTxH)325x480x350mm.  Farbe: Weiß  Lieferung inkl. verlängertes Spülrohr liefern und betriebsfertig montieren. Incl. der Herstellung aller Bohrungen und Hinzulieferung des nötigen Befestigungsmaterials.  geplantes Fabrikat:    Duravit  geplanter Typ:    Best.Nr. 2574090000  oder gleichwertiger Art  Gewähltes Fabrikat:  '' (vom Bieter einzutragen)  Gewählter Typ:  '' (vom Bieter einzutragen)  liefern und betriebsfertig montieren.",2574090000
 Badewanne 180x80 cm mit Wannenträger," Badewanne 180x80 cm mit Wannenträger  Rechteck Einbauversion oder für Verkleidung mit zwei Rückenschrägen aus 4mm Sanitäracryl gezogen und durchgefärbt.  Farbe: weiß  Maße (LxB) 1800x800mm  einschließlich: - Wannenträger aus Styropor, Wandanker und Wandprofil - Ab- und Überlaufgarnitur - Schallschutzset und passende Wannenauflagen  einschl. Erstbefüllung mit Trinkwasser nach dem Einbau und Sanitärsilikon, Farbe nach Wahl des Bauherren  vor Bestellung gemeinsames Aufmaß mit Bauleitung  komplett liefern und montieren  Fabrikat: Duravit Typ: D-Code  oder gleichwertig  gew. Fabrikat: .............  gew. Typ : ............. ",790475000000000
 Waschtisch Sanitärporzellan," Waschtisch nach DIN 18025 T2, DIN-EN 32 und DIN 1386, unterfahrbar, aus Sanitärporzellan, für Einlocharmatur, mit Kunststoff-Wandeinbau-Siphon, einschl. Mauerrahmen und Abdeckplatte aus Edelstahl,', mit Standrohrventil, Breite in mm 640. Ausladung in mm 490. Farbton/Oberfläche weiß, glasiert, Befestigung mit Stockschrauben M10 x 120.",2330650000
"Handwaschbecken ca. 50 x 35 cm, rund"," Handwaschbecken, EN 14688 CL 25, aus Sanitärporzellan, außen Rechteckform, Beckenform innen rund, außen eckig, Innenbecken mit abgerundeten Ecken, aus Sanitärporzellan, Hahnloch Mitte offen mit keramischem Überlauf, Breite ca. 500 mm. Ausladung ca. 350 mm. Abstand Mitte Ablauf zur Wand: ca. 210 mm Tiefe Hahnlochbank: ca. 130 mm Abstand Mitte Hahnloch zur Wand: ca. 65 mm Farbton weiß alpin, Gewicht: ca. 10,6 kg Befestigung an Registerelement oder Traggerüst, bzw. mit Schrauben oder Konsolen direkt an der Wand. Einschl. Befestigungs- und Dichtungsmaterial.",0705450000
 Plan-Absaugurinal," Plan-Absaugurinal Zulauf von hinten, Abgang nach hinten Eigenschaften - wandhängend - mit Spülrand - Verdeckte Befestigung - Geruchsverschluss verdeckt - Befestigungssystem - zugelassen für Wassersparendes 0,5   Liter Spülvolumen - reinigungsfreundlich, geschlossene Seitenflächen - 10 Jahre Nachkaufgarantie - eingebrannte, dauerhafte   Spezialglasur mit porenfreier   hydrophiler Oberfläche, zur   Flächendesinfektion geeignet Technische Eigenschaften - Farbe: weiß - Oberfläche: mit Antihaftbeschichtung - Werkstoff: Sanitärkeramik - Nettogewicht: 16,100 kg - Kleine Spülmenge Einstellbereich (l): 1 l - Zulauf: hinten - Abgang: nach hinten - B / Breite (cm): 32,5 cm - H / Höhe (cm): 58 cm - T / Tiefe (cm): 30 cm  für elektronisches, netzbetriebenes Spülsystem einschl. Befestigungsmaterial für Urinal einschl. Schallschutzset  komplett liefern und montieren ",0821350000
Beh. Tiefspül-WC D-Code, Tiefspül-WC Behinderte Fabrikat:              Duravit Typ:                     D-Code,0060710000
WC-Sitz mit Deckel Kind wandhängend,,0021390000
"Duravit, Serie Duravit No.1 WC-Sitz"," Duravit, Serie Duravit No.1 WC-Sitz  Weiß, Design by Duravit, für Einbau von oben, hochwertige Edelstahl-Scharniere: Rostfrei und robust auch bei hoher Belastung, WC-Sitz aus langlebigem Thermoplast: widerstandsfähiger, formstabiler und pflegeleichter Kunststoff, WC-Sitz und Deckel nur mit Werkzeug abnehmbar, mit Absenkautomatik, Abmessung (BxTxH): 373x430x43 mm  Fabrikat: DURAVIT Typ: Duravit No.1 Artikel-Nr.: 0020790000  oder gleichwertiger Art  Hersteller/Typ: @11 Textergänzungen des Bieters '.........' vom Bieter einzutragen",0020790000
"Ablage Duraplus aus Sanitärkeramik 590x145x60mm, weiss"," Ablage Duraplus aus Sanitärkeramik 590x145x60mm, weiss",0893600000
" Waschtisch mit ÜL, mit 1 HL 600x460 mm"," Duravit Waschtisch ME by Starck aus Sanitärkeramik, 600x460x180mm mit Überlauf, mit Hahnlochbank Farbe: 00 Weiss Ausführung: 1 Hahnloch Fabrikat : Duravit Modell : ME by Starck Art.-Nr.: 2335600000 liefern und montieren ",2335600000
Handwaschbecken 450x320x155mm," Handwaschbecken 450x320x155mm aus Sanitärkeramik, mit Hahnlochbank, Farbe: 00 Weiss Ausführung: mit Überlauf, 1 Hahnloch  Duravit Starck 3, Art.-Nr. 07504500000",0750450000
Waschtisch unterfahrbahr 650x550 mm,"  Waschtisch, unterfahrbar mit Wandaufkantung Hahnloch und mit Überlauf EN 14688 - CL25, EN 31, DIN 18040-1/2 Farbe : weiß(alpin) Material : Sanitärporzellan Gewicht : 18 kg Rechteckige Beckenform. Unterfahrbar mit viel Kniefreiheit beim Sitzen. Besonders für die Nutzung durch Rollstuhlfahrer geeignet. Le icht umgreifbare Front- und Seitenbereiche zum Heranziehen und Festhalten - mit seitlich angeformten Haltegriffen. Sanfte Rundungen und gerade breite Flächen gefordert. Reinigungsfreundliche Aufkantung zur Wand Abmessungen außen (ca.): Breite :          650 mm Tiefe :            550 mm Höhe :           160 mm  Abmessungen innen (ca.): Tiefe Armaturenbank:       115 mm Armaturenloch / Ablauf:      165 mm Wand / Ablauf:                 200 mm Höhe umlaufender Rand:       60 mm Höhe Aufkantung:            40 mm incl. Befestigungsmaterial, Schallschutzset sowie Verfugung mittels Sanitärsilikon (antiseptisch, dauerelastisch, schimmelfrei) Behinderten-WC, FUR Kunst, FUR Hauswirtschaft komplett liefern und montieren.",0309700000
" Wandhängende Urinal-Anlage,", best. aus:  - 1 Duravit-Wand-Urinal weiß   Modell: Phillip Starck 3   Größe: 330 x 350 mm - 1 Absaugesiphon   1 Zulauf-Set - 1 AQUAFIX-Installationselement mit Elektronik  liefern und montieren,0821350000
DU Handwaschbecken D-Code 500 mm," DU Handwaschbecken D-Code 500 mm mit ÜL, mit HLB, HL links, weiß Duravit Handwaschbecken D-Code aus Sanitärkeramik, 500x220x135mm mit Überlauf, mit Hahnlochbank Bestellnummer: 0706500009 Farbe: 00 Weiß Ausführung: Hahnloch links",0706500009
 Urinalbecken, Urinalbecken Urinal absaugend aus Sanitärkeramik mit Zulauf von hinten Für Siphon Abgang waagerecht optional senkrecht. Außen glatte geschlossene Form. Einschließlich Befestigung. einschließlich Urinal-Absaugesiphon Spülmenge 1 Liter. Abmessungen(BxTxH) 300x340x560mm. Befestigung: an Vorwandelement Zulauf: von hinten Ablauf: nach hinten mit Befestigungssatz Farbe: weiß (alpin) Ohne Fliege,0821350000
"Waschtisch, Behindertenausführung"," Waschtisch in Behindertenausführung, nach DIN 18040 Ausführung : Sanitärkeramik, für Ein- lochbatterie, mit Überlauf,mit Hahnloch, unterfahrbar in Verbindung mit Wandeinbau- Siphon Befestigung: mit Schrauben am Vorwand- installationselement Zubehör:       Schallschutzstreifen,Befestigungs- material Farbton:        weiß Breite / Tiefe:  600 /550  mm @60 Textergänzungen des Bieters Fabrikat: ................................................................. @61 Textergänzungen des Bieters Typ: ........................................................................ liefern und einbauen",2312600000
 Ausgussbecken Sanitärporzellan glasiert hängend B 400-450mm Ausladung 300-350mm Fuge verfüllen elast.Dichtstoff Silicon B 5mm," Ausgussbecken, aus Sanitärporzellan, glasiert, Standardfarbton, wandhängend, mit Rückwand, mit Klapprost aus Kunststoff, Befestigung an Installationselement, Breite über 400 bis 450 mm, Ausladung über 300 bis 350 mm, mit Schallschutz DIN 4109, einschl. Verfüllen der Fugen, mit elastischem Dichtstoff DIN EN 15651-3, Basis Silicon, Fugenbreite 5 mm, Farbton weiß, Fugenausbildung dreieckig.",0067121000
 Wand-Tiefspülklosett ," Wand-Tiefspülklosett weiss 6 liter  Incl. alle Klein-, Neben- und Befestigungs- und Dichtungsmaterialien, die zur fachgerechten Montage notwendig sind Fabrikat : Duravit Typ : D-Code oder glw.  gewähltes Fabriat: ..................................... gewählter Typ: ......................................  komplett liefern und fachgerecht betriebsfertig montieren ",2535090000
Tiefspül-WC Starck 3," Wand-WC Tiefspüler aus Sanitärkeramik, wandhängend, für 6 und 4,5 Liter Spülwasser nach EN 997. Mit Prüfzeugnis der LGA Würzburg. Au ßen glatte geschlossene rechteckige Beckenform vorne übergehend in einen Halbkreis. Wandanschluss mit Aufkantung. Aus Hygienegründen mit geschlossenem Spülrand und keramischem Spülwasserverteiler. Bodenfreiheit 80 mm bei Einbauhöhe 400mm, einschl ießlich Befestigung. Abmesungen(BxTxH)  360x540x320mm. Farbe:   Weiß Fabrikat:   DURAVIT Modell:   Starck 3",2527090000
 DURAVIT Duschwanne Starck Slimline 800x800x 45mm Quadrat weiß," Duravit Duschwanne Starck Slimline aus 4 mm Sanitäracryl, 800x800x45mm Quadrat Farbe: 00 Weiß Hersteller: Duravit Typ: 720114000000000 Liefern und montieren",720114000000000
WC-Sitz mit Deckel für barrierefreies Wand-WC," verlängerte Ausführung aus hochwertigem Kunststoff, mit Absenkautomatik, einschließlich Deckel mit Edelstahlscharnieren.",0060410000
WC-Anlage," WC-Anlage bestehend aus : Tiefsp ü lbecken, Sanit ä rporzellan, wandh ä ngend, wei ß , WC-Sitz, Kunststoff, wei ß , mit Deckel und Edelstahl-Scharnieren & Absenkautomatik  Schallschutz-Set, Verfugung des Wandanschlusses, Befestigungss ä tze, Fabrikat/Typ Duravit / Happy D.2 einschl. aller Kleinmaterialien komplett liefern und montieren.",22220900001
Badewanne Duravit D-Neo," Badewanne D-Neo - Einbauversion, - Rechteckform, - mit zwei R ü ckenschr ä gen, - aus Sanit ä racryl gezogen und durchgef ä rbt, - Innenform oval, - Innentiefe 465mm, - Wannenrandh ö he 30mm, - Ab- und Ü berlauf mittig, - Ablaufdurchmesser 52mm,  Abmessung Au ß en: Breite: 800 mm L ä nge: 1800 mm H ö he: 485 mm  Fabrikat: DURAVIT Typ: D-Neo Bestellnummer: 700476000000000  einschlie ß lich: - St ü tzenf üß e, passend f ü r oben beschriebene Badewanne, - Wannenrandanker, Wannenprofilen - Sanit ä rsilikon, Farbe nach Wahl des Bauherren.  Nach Montage ist die Wanne in Abstimmung mit der Bauleitung zu bef ü llen und dann bis zur Endabnahme so zu sch ü tzen, dass nachfolgende Gewerke ihre Arbeiten ausf ü hren k ö nnen.(Schutzfolien, Schutzvlies). Abstimmung mit Bauleitung und Nachfolgegewerken.  komplett liefern und montieren",700476000000000
Ausgussbecken, .,0050011000
" D-CODE Compact Wand-Tiefspül-WC|350 x 480 mm, 6,0 Liter, weiß HyG 03869004WE", _,2211092000
" Urinal Sanitärporzellan glasiert, eckige Bauform"," Urinal, aus Sanitärporzellan, glasiert, eckige Bauform, spülrandlos, Farbton weiß, mit Absaugwirkung, mit Zulaufgarnitur, mit Absaugformstück, mit Sieb, Zulauf und Ablauf hinten verdeckt, Befestigung an Installationselement, mit Schallschutz DIN 4109, Spülmenge 0,5 l/s,  Produkt der Planung oder gleichwertig: Duravit / ME Starck Rimless  Hersteller/Typ '....................................... .............' vom Bieter einzutragen .",0051130000
 Einzelwaschbecken B/T 500/470," Einzelwaschbecken B/T 500/470 mm Farbe weiß, aus Sanitärporzellan  Hersteller/Typ Duravit/Vero Artikel: 045450  oder gleichwertig",0454500000
Behinderten-Waschtisch," Behinderten-Waschtisch mit Ü berlauf aus Sanit ä rkeramik, barrierefrei gem äß DIN 18040-1 und DIN 18040-2, rechteckige Beckenform mit 35mm breitem Rand und tiefer liegender Hahnlochbank f ü r Einlochlocharmatur, Wandanschluss mit Aufkantung 35x40mm als Spritzschutz, Abmessungen(BxTxH) 600x545x160mm, Wei ß , einschlie ß lich Expressbefestigung und Montagestreifen Hinweis: Die zuvor genannten technischen Daten, Abmessungen und Gewichte sind Richtwerte und k ö nnen je nach Hersteller abweichen. Diese Richtwerte sind +/- 5% Toleranz einzuhalten! liefern und montieren",0309600000
 Einhebel Wannenmischer M," Einhebel-Wannenmischer M Fabrikat:   Duravit  C.1,  chrom Seriennr.:  C11020001010 liefern und montieren",C15230000010
"WC-Deckel, Kunststoff, weiß (für behindertgerechtes Tiefspül)"," WC-Deckel, Kunststoff, weiß (für behindertgerechtes Tiefspül) WC-Sitz Kunststoff Scharniere aus Edelstahl mit Absenkautomatik-Funktion Farbe: Weiß passend zum Tiefspül-WC aus Position 1.3.10 Angebotenes Fabrikat @60 Textergänzungen des Bieters '....................................................' Komplett liefern und montieren",0062410000
"WC-Anlage barrierefrei, 70 cm Ausladung"," Komplette WC-Anlage Behinderte bestehend aus: 1 wandhängendem Tiefspülklosett 70 cm, aus  Kristall-Porzellan, incl. verchr. Abschlusskappen, mit Schallschutz-Set, als Tiefspül-WC Farbe: weiß wie Fabrikat: Duravit Typ: Vital Starck 3 oder gleichwertiger Art, Hersteller: '....................' Typ: '....................' 1 Spezial-Klosettsitz ohne Deckel, Farbe weiß, mit Edelstahlscharnieren Hersteller: '....................' Typ: '....................' 1 Schallschutz-Set zu Wand-WC 1 PE- Spülrohr-Verlängerung für UP-Spülkästen liefern, ins Gebäude tragen und betriebsfertig montieren",0062610000
" PAIOVA Acrylwanne, 170x100 cm, links, o. Fuesse, Duravit Nr. 700212, weiss liefern und montieren"," PAIOVA Acrylwanne, 170x100 cm, links, o. Fuesse, Duravit Nr. 700212, weiss liefern und montieren ",700212000000000
Duschwanne Starck Slimline 1600x750x 60mm," Duravit Duschwanne Starck Slimline aus 4 mm Sanitäracryl, 1600x750x60mm Rechteck Bestellnummer: 720131000000001 Farbe: 00 Weiss Oberfläche: Antislip EAN: 4021534893025 Einschließlich: Montagesysteme nach Vorgabe des Herstellers, Duschwannen-Antidröhn-Set, Duschwannen-Schalldämmset, Wannen-Anschluss-Schalldämmband WAS 70, DICHTSET FLEX. Ablaufventil verchromt mit Siphon 1 1/4"" ",790103000000000
" WC, spülrandlos, wangehangen, Duravit Happy D.2"," Lieferung und fachgerechte Montage eines wandgehangenen, spülrandlosen WC's als Tiefspülklosett, inkl. WC Sitz, wie in Vorposition beschrieben, jedoch:  Marke: Duravit Serie: Happy D.2 Artikelnr. WC-Anlage: 2222090000 Artikelnr. WC-Sitz: 0064590000",2222090000
Behinderten-WC Starck 3 Vital," Behinderten-WC Tiefspüler mit 70 cm Ausladung, wandhängend, aus Sanitärkeramik für 6 Liter Spülwasser. Außen glatte geschlossene rechteckige Beckenform vorne übergehend in einen Halbkreis. Aus Hygienegründen mit geschlossenem Spülrand und keramischem Spülwasserverteiler. Bodenfreiheit 140mm bei Einbauhöhe 480mm, ohne WC-Sitz, einschließlich Befestigung. Abmessungen(BxTxH) 360x700x320/355mm. Farbe: Weiß.  Fabrikat: DURAVIT Modell:   Starck 3 Vital Best.Nr.: 2203090000",2203090000
 Montage von Ausgüssen in Waschtischen," Lieferung und Montage von Ausgüssen (Unterbauelement) mit Zu- und Ablaufgarnitur an vorhandene Montageelemente , inklusive Silikonierung, Schalschutzset und Befestigungsmittel. Die Wasserauslösung erfolgt  über Einhebelmischbatterie.  Maße: 350 x 350 mm Material: Sanitärkeramik weiß oder Edelstahl",0050011000
" Urinal absaugend aus Sanitärkeramik, DURAVIT Duraplus  Best.Nr. 083060000.","   Urinal absaugend aus Sanitärkeramik, mit verdecktem Zu- und Ablauf. Für Siphon Abgang waagerecht. Zulassung der LGA Würzburg. Außen glatte geschlossene Form. Abmessungen(BxTxH)3 45 x 315 x 615mm.  Farbe:  weiß. Fabrikat: DURAVIT Typ:  Duraplus  Best.Nr. 083060000. Montagehöhe: 650 mm über OKFFB  oder gleichwertig  Fanrikat:_________________Typ:_______________________  liefern und montieren ",0830360000
"WC-Sitz ohne Deckel, Behinderten-WC",,0062510000
 WC Sitz," Luvett WC-SITZ C100 oval universell mit 3 Edelstahl- Scharnieren, Absenkautomatik SoftClose & EasyClean Abnahme aus Duroplast, Toilettendeckel Antibak.  komplett liefern und mit allen Anbauteilen betriebsfertig montieren",0064290000
Waschbecken 450x340 cm,,0705450000
" Tiefspül-WC für Menschen mit Behinderung, Duravit  Wand-WC Starck 3 Vital, 360x700"," Tiefspül-WC aus Sanitärkeramik, für Menschen mit Behinderung Wandhängend, Fabrikat: Duravit Modell:  Wand-WC Starck 3 Vital Abmessungen: 360x700x320mm, barrierefrei für 6 Liter Spülwasser Farbe:  weiß einschl. Befestigungsmaterial und Abdeckkappen  Montagehöhe 480 mm OK Keramik  oder gleichwertig  Fabrikat:__________________ Typ:______________________  liefern und montieren ",2203090000
Waschbecken 550x530 cm,,2310550000
 Urinal Sanitärporzellan glasiert Fuge verfüllen elast.Dichtstoff B 5mm," Urinal, aus Sanitärporzellan, glasiert, Farbton weiß, mit Siphon für Sperrflüssigkeit ohne Wasserspülung, Ablauf verdeckt, Befestigung an Installationselement, Zulauf von hinten, rimless, für 1/2"" Anschluss, inklusive Spüldüse, Zulauf-Set, Ablaufventil, Tassensiphon # 32 mm sowie Befestigung Abmessungen(BxTxH)305x290x560mm einschl. Verfüllen der Fugen, mit elastischem Dichtstoff DIN EN 15651-3, Fugenbreite 5 mm, inkl.erforderlicher Adapter und Übergänge für Anschluss an Installationselement  Hersteller und Typ DURAVIT D-Code Urinal oder gleichwertig, Hersteller und Typ '....................................................' vom Bieter einzutragen. ",0829300000
" Wie vor, jedoch  Handwaschbecken;  Anschlussmaße DIN EN 31;  Breite über 400 bis 450 mm;  Ausladung über 300 b", Handwaschbecken Anschlussmaße DIN EN 31 Breite über 400 bis 450 mm Ausladung über 300 bis 400 mm ,0705450000
 WC-Anlage," 1,00 TECEprofil Modul für Wand-WC BH 1120 mm, mit Tece-Spk. 1,00 TECEprofil Modulbefestigung tiefenverstellbar, mit Schnellverschluss 1,00 TECEloop Glas WC-Betätigungsplatte 2-Mengen-Sp., Glas weiß Taste weiß 1,00 ME BY STARCK Wand-Tiefspül-WC spülrandl. inkl. Durafix, weiß 1,00 ME BY STARCK WC-Sitz abnehmbar softclose, Scharniere Edelstahl, weiß 1,00 Schallschutz-Set f. Wand-Klosett u. -Sitzwaschbecken liefern und montieren ",0020090000
 Grundkörper," UP-Wandmontage  Anschlussmaß Wasseranschluss: DN 15, Vorabsperrung: Nein Farbe 00, Montageart: Unterputz, Min. Einbautiefe: 75 mm, Max. Einbautiefe: 105 mm  Fabrikat: Duravit Art.-Nr.:  GK0900000000  Angebotenes Produkt: '................................. ..................' VOM BIETER AUSZUFÜLLEN!",GK0900000000
 DURAVIT Stark III WC Sitz ohne Absenkautomatik, Duravit WC-Sitz Starck 3 aus Kunststoff ohne Absenkautomatik Scharniere edelstahl Farbe: 00 Weiss  Liefern und montieren  gepl. Fabrikat: Duravit  gepl. Typ:  Starck III  ,0063810000
Badewanne Duravit D-Neo," Badewanne D-Neo - Einbauversion, - Rechteckform, - mit zwei R ü ckenschr ä gen, - aus Sanit ä racryl gezogen und durchgef ä rbt, - Innenform oval, - Innentiefe 465mm, - Wannenrandh ö he 30mm, - Ab- und Ü berlauf mittig, - Ablaufdurchmesser 52mm,  Abmessung Au ß en: Breite: 800 mm L ä nge: 1800 mm H ö he: 485 mm  Fabrikat: DURAVIT Typ: D-Neo Bestellnummer: 700476000000000  einschlie ß lich: - St ü tzenf üß e, passend f ü r oben beschriebene Badewanne, - Wannenrandanker, Wannenprofilen - Sanit ä rsilikon, Farbe nach Wahl des Bauherren.  Nach Montage ist die Wanne in Abstimmung mit der Bauleitung zu bef ü llen und dann bis zur Endabnahme so zu sch ü tzen, dass nachfolgende Gewerke ihre Arbeiten ausf ü hren k ö nnen.(Schutzfolien, Schutzvlies). Abstimmung mit Bauleitung und Nachfolgegewerken.  komplett liefern und montieren",790126000000000
" D-CODE Wand-Tiefspül-WC Basic|355 x 560 mm, 6,0 Liter, weiß 038690WE", Lieferantenartikelnummer: 0184090000,0184090000
Waschtisch 55 x 43 cm," Duravit Waschtisch D-Code aus Sanitärkeramik, 550x430x175mm mit Überlauf, mit Hahnlochbank Bestellnummer: 2310550000 Farbe: 00 Weiss Ausführung: 1 Hahnloch EAN: 4021534344060  einschl. Bemusterung vor Bestellung einschl. Lieferung von Zahnband o. Dämmunterlage einschl. Befestigungsmaterial für Trockenbauwand einschl. Abdichtung mit Sanitärsilikon  Fabrikat/Typ: Duravit/D-Code  liefern und montieren  oder gleichwertig @11 Textergänzungen des Bieters angebotenes Fabrikat: '..........'",2310550000
" Einhebel-Waschtischmischer, Chrom"," Einhebel-Waschtischmischer liefern und einbauen. Keramikmischsystem, Höhe: 175 mm, Ausladung: 113 mm, Anschlussart Wasseranschluss: Flexible Anschlussschläuche, Anschlussmaß Schlauchanschluss: 3/8"", Strahlart: Normalstrahl, Strahlformer mit Kippfunktion, empfohlener Betriebsdruck: 1 - 5 bar, Geräuschklasse: I Chrom, Durchflussmenge (3 bar): 5 l/min, mit Zugstange Ablaufgarnitur, Unified Water Label (UWL) Klasse: 1  Ausführung wie Hersteller/Typ: Duravit C.1 / Einhebel-Waschtischmischer M oder gleichwertiger Art  Angebotener Hersteller/Typ:  ....................................... (vom Bieter einzutragen)",C11020001010
WC-Sitz mit Deckel Kind wandhängend,,0021390000
 Ausgussbecken 52x40cm m.Klapprost weiss," Ausgussbecken inkl. Klapprost, Sanitärporzellan, Maße: 520 x 390 mm, ohne Randschoner, ohne Überlauf, Weiß Alpin",0313480000
Papierrollenhalter Reserve verchromt, Papierrollenhalter Reserve verchromt  Lieferung inklusive korrosionsfreiem Befestigungsmaterial Befestigung über Langlöcher.  Fabrikat der Planung: Fabrikat: Grohe oder gleichwertig angebotenes Fabrikat des Bieters: @11 Textergänzungen des Bieters '.....................................................................'  liefern und montieren,0099151000
" PHILIPPE STARCK 3 - Eck-Handwaschbecken mit Uberlauf, mit Hahnlochbank, weiß, Breite: 430 mm, Tiefe: 380 mm "," PHILIPPE STARCK 3 - Eck-Handwaschbecken mit Uberlauf, mit Hahnlochbank, fur Laschenbefestigung  Farbe: weiß Breite: 430 mm Tiefe: 380 mm  liefern und montieren",0752440000
"Wand-WC 540 mm Tiefspüler, rimless, weiss"," Wand-WC als Tiefsp ü ler aus Sanit ä rkeramik Abmessungen:  365x540mm Ausf ü hrung: rimless f ü r 4,5 Liter Sp ü lwasser Farbe:    Wei ß  Wand-WC als sp ü lrandloses WC, Tiefsp ü ler wandh ä ngend aus Sanit ä rkeramik f ü r 4,5 l Sp ü lwasser. Rechteckige Beckenform vorne ü bergehend in einen Halbkreis. Bodenfreiheit 50/100 mm bei Einbauh ö he 400 mm",2562090000
Waschtisch 600mm," Duravit Waschtisch ME by Starck aus Sanitärkeramik, 600x460x180mm mit Überlauf, mit Hahnlochbank Bestellnummer: 2335600000 Farbe: 00 Weiss Ausführung: 1 Hahnloch EAN: 4021534966576 Geruchverschluss 1 1/4"", mit verstellbarem Tauchrohr und Rosette, verchromt,  mit Ablaufventil 1 1/4"" mit Push-Up-Funktion, verchromt Befestigungsmaterial  Hersteller: Duravit Typ: ME by Starck",2335600000
"Waschtisch 550 x 450, eckige Form"," Waschtisch, mit Hahnloch, mit Überlauf unterbaufähig, abgesenkte Hahnlochbank, leicht geneigte Ablagefläche, - Hahnloch: mittig - Überlauf: sichtbar - Farbe: weiß - Werkstoff: Sanitärkeramik - Breite: ca. 55 cm - Höhe: ca. 19,5 cm - Tiefe: ca. 44 cm - Breite Innenbecken: ca. 45 cm - Höhe Innenbecken: ca. 14,5 cm - Tiefe Innenbecken: ca. 27 cm Fabrikat der Planung: Geberit Renova Plan 550x440 mm, mit Hahnloch, mit Überlauf oder gleichwertig.",2310550000
Tiefspül-WC spülrandlos," igung, Zulauf: von hinten, Abgang waagerecht Mit Schallschutzs  Hersteller: Duravit Typ: ME starck",2529090000
Urinal ME WonderGliss weiss Duravit," Urinal ME WonderGliss weiss Duravit aus Sanitärkeramik, 300x350x580mm mit patentierter Duravit Rimless® Spültechnologie,  Zulauf von hinten, absaugend Für Siphon Abgang waagrecht (verdeckt) Ø 50mm, Befestigung inklusive.  Weiß. Ohne Fliege Best.Nr. 28093000001  Inkl. Absaugsiphon Abgang waagrecht und Zulaufgarnitur  ",28093000001
 Beh. Tiefsp#l-WC D-Code," Tiefsp#l-WC Behinderte - Ausladung 700 mm, - Sitz ohne Deckel - Befestigungsmaterial und Abdeckkappen - Schalld#mmband und Silikonfuge - Wassermenge 6 l - wei#  Fabrikat: Duravit Typ: D-Code",2228090000
 Urinaldeckel derby abnehmbar, Urinaldeckel derby abnehmbar Edelstahlscharn. Absenkautom. weiss VIG. DEUDAS ,0024090000
"Tiefspül-WC, randlos"," Tiefspül-WC, wandhängendes Tiefspülk-WC, spülrandlos aus Sanitärkeramik weiß mit Oberflächenvergütung wondergliss Maße: 360 x 540 mm Oval Spülwasserbedarf 6/ 4,5 l Abgang waagerecht Farbe weiß wondergliss Bemustertes Fabrikat: Duravit Starck 3 Angebotenes Fabrikat @60 Textergänzungen des Bieters '....................................................' Komplett liefern und montieren",25270900001
Bodenbündige Duschwanne," Bodenb ü ndige Duschwanne quadratisch aus 4 mm Sanit ä racryl gezogen und durchgef ä rbt, Duschwannenh ö he 35 mm, Ablauf mittig, Abgang waagerecht oder senkrecht einschl. Einbauset, Einbaurahmen und Fussgestell sowie Wannentr ä ger. Fabrikat/Typ Duravit / Duraplan",791101000000000
" Tiefspül-WC, 6l, wandhängend für Behinderten WC"," Tiefspül-WC, wandhängend, DIN 1385-6, DIN EN 38, aus Sanitärporzellan, mit 70 cm Ausladung entsprechend den DIN 18040, besonders für die Benutzung durch Rollstuhlfahrer geeignet. Breite: 355 mm Tiefe: 70 cm Abgang: waagerecht Lieferung inkl. verlängertes Spülrohr liefern und betriebsfertig montieren. Incl. der Herstellung aller Bohrungen und Hinzulieferung des nötigen Befestigungsmaterials.  geplantes Fabrikat:    Geberit geplanter Typ:    Vitalis, 201500  oder gleichwertiger Art  Gewähltes Fabrikat:  '' (vom Bieter einzutragen)   Gewählter Typ:  '' (vom Bieter einzutragen)  liefern und betriebsfertig montieren.",2228090000
 Tiefspülklosett 6 Liter Fabrikat: Duravit Typ: D-Code, ,2535090000
Waschtisch unterfahrbar 60 x 55 cm," Waschtisch Vital Design by sieger design, mit Überlauf aus Sanitärkeramik. Barrierefrei gemäß DIN 18040-1 und DIN 18040-2. Großes re chteckiges Becken mit runden Ecken, Hahnlochbank mit Hahnloch für Einlocharmatur, optional ohne Hahnloch. Einbauhöhe 800mm. Abmessun gen(BxTxH)600x555x155/130mm. Weiß. Mit Einlocharmatur Best.Nr. 2313600000.   einschl. Bemusterung vor Bestellung einschl. Lieferung von Zahnband o. Dämmunterlage einschl. Befestigungsmaterial für Trockenbauwand einschl. Abdichtung mit Sanitärsilikon  Fabrikat/Typ: Duravit/D-Code, Vital  liefern und montieren   oder gleichwertig",2313600000
" Handwaschbecken, 500x400mm"," Handwaschbecken mit Hahnloch, mit rundem Überlauf Abmessungen außen: Breite : 500 mm Tiefe : 400 mm Höhe : 173 mm EN 14688 - CL25, EN 31 Farbe : weiß(alpin) Form : eckig Material : Sanitärporzellan  mit Siebablaufventil 1 1/4 Zoll",0705450000
Kunststoff-Toilettensitz mit Edelstahlwelle," WC-Sitzring, Kunststoff, weiß mit durchgehender Edelstahlscharnierwelle mit Befestigung für vorstehend beschriebenes WC, 700 mm lang",0060710000
Wandhängendes Tiefspülklosett - Serie 3," Tiefspüler mit verdeckter Befestigung, aus Sanitärkeramik, EWL Klasse 1, Farbe weiß. Aus Hygienegründen mit geschlossenem Spülrand und keramischem Spülwasserverteiler. Rechteckige Beckenform mit vorn abgerundeten Ecken. Bodenfreiheit 65/105mm. Außen glatte geschlossene Form. Einschließlich Durafix- Befestigung. Spülwasserbedarf: 4,5 Liter B / T / H:  365 x 540 x 335 mm liefern und montieren Fabrikat:    Duravit oder gleichwertig Modell:     Happy D.2 angebotenes Fabrikat/Typ:............................",2221090000
Waschtisch WC-H/WC-D 60x48 cm," Rechteckiger Waschtisch nach DIN 14688, DIN-EN 32 aus Sanitärporzellan Hahnloch Mitte offen; mit rundem Überlauf Größe:  Breite:ca. 600 mm, Höhe umlaufender Rand: ca. 100 mm Gesamthöhe ca. 135 mm Breite Innenbecken: ca. 530 mm Ausladung Innenbecken: ca. 330 mm Abstand Mitte Ablauf zur Wand: ca. 210 mm Tiefe Hahnlochbank: ca. 120 mm Abstand Mitte Hahnloch zur Wand: ca. 65 mm Gewicht: ca. 17 kg Mit leicht nach vorne geneigter Armaturenbank. Aufkantung an der wandbündigen Seite: ca. 16 mm Befestigung: Stockschrauben M 10 x 120 Farbe: weiß (alpin) Fabrikat der Planung: Vigour Typ: CLE60 @60 Textergänzungen des Bieters gewählter Hersteller/Typ: ........................................................................ vom Bieter einzutragen",2350600000
"Waschtisch 550 mm mit ÜL, mit HLB, 1 HL, weiss",  Abmessungen(BxTxH)550x430x175mm. Farbe:  Weiß. Best.Nr. 2310550000. Fabrikat:  Duravit Typ:   D-Code Artikel-Nr.:  2310550000 oder gleichwertig @11 Textergänzungen des Bieters angebotenes Fabrikat/Typ: '..........' (vom Bieter auszufüllen)  liefern und montieren,2310550000
Duravit Behinderten-Waschtisch 600 x 545 mm," Duravit Behinderten-Waschtisch 600 x 545 mm aus Sanitärporzellan, ohne Überlauf, mit Hahnloch in der Mitte, weiß, einschließlich Befestigungsmaterial Fabrikat:  Duravit Typ:  Vital Design",0309600000
 Waschtischanlage bestehend aus:," Waschtischanlage bestehend aus:  1 Waschtisch Duravit Vero 1000 x 470 mm 1 Einhand-Waschtischbatterie Grohe Concetto 1/2""   Ausladung 101 mm, mit Temperaturbegrenzer   mit Zugknopf-Ab- und Überlaufgarnitur 2 Eckventil 1/2"" 1 Röhrengeruchverschluß verchromt 1 1/4""  liefern und montieren",0454100000
" Aufsatzbecken aus Sanitärkeramik, Breite 500 mm, rechteckig"," Aufsatzbecken 500 mm aus Sanitärkeramik, geschliffen, mit Überlauf mit Hahnlochbank, ohne Hahnloch, Rückwand glasiert, incl. Befestigung, rechteckiger Waschtisch mit Ablageflächen auf der Hahnlochbank (130mm). Hintere  Kante des Innenbeckens leicht gesenkt,  gestraffte Flächen, kleine exakte Radien und schmale Ränder, B/T Innenbecken 450x315mm, Abmessungen außen (B/T/H) 500x470x165mm. Weiß, ohne Hahnloch, mit Raumsparsiphon in Verbindung mit Waschtischunterbau Hersteller/Typ Duravit/Vero Air mit Raumsparsiphon ",2352500000
 Tiefspül-WC Sanitärporzellan glasiert eckig hängend Ausladung 540mm," Tiefspül-WC DIN EN 997, aus Sanitärporzellan, glasiert, Farbton weiß, rechteckige Beckenform mit vorn abgerundeten Ecken, spülrandfrei, wandhängend, Spülmenge 4,5l, Abmessungen(BxTxH) ca. 365x540x335mm, mit WC-Sitz, mit Deckel, mit Edelstahl Scharnieren, Befestigung an Installationselement, einschl. Verfüllen der Fugen, mit elastischem Dichtstoff DIN EN 15651-3, Fugenbreite 5 mm,  Hersteller und Typ DURAVIT Happy D.2 Wand-WC Rimless oder gleichwertig, Hersteller und Typ '....................................................' vom Bieter einzutragen. ",2222090000
Grundkörper Einhebel-Waschtischmischer Unterputz, Grundk ö rper Einhebel-Waschtischmischer Unterputz Anschlussgr öß e 1/2 Zoll passend zu vorab beschriebenen Einhebelmischer,GK1900002000
 wandhängendes Tiefspül-WC 700 mm tief," wandhängende Tiefspüler barrierefrei, für barrierefreie WC-Anlagen, Farbe weiß, Tiefe 700 mm, Breite: 360 mm, einschl. WC-Sitzring mit durchgehender Edelstahl Scharn ierwelle und Schallschutzset, liefern und montieren  Fabrikat der Planung: Duravit Typ: Stark 3 Vital  oder gleichwertiger Art [TB11Fab: '...' ] [TB12Typ: '...' ]",2203090000
"Handwaschbecken 450/310 mm mm ""Duraplus"""," Handwaschbecken 450/310 mm ""Duraplus"" bestehend aus: Waschtisch aus Keramik, Farbe weiss, Steilrand, Überlauf und 1-Hahn-Loch durchgestochen, Größe 450/310 mm, liefern und montieren. Fabrikat:  Duravit Typ:  Duraplus",0705450000
DU Wand-Bidet D-Code 545 mm," DU Wand-Bidet D-Code 545 mm mit ÜL, mit HLB, 1 HL, weiß Duravit Wand-Bidet D-Code aus Sanitärkeramik, 355x545x335mm mit Überlauf, mit Hahnlochbank Bestellnummer: 2257150000 Farbe: 00 Weiß Ausführung: 1 Hahnloch",2257150000
 WC Sitz für Wand WC," WC Sitz passend zu vorher genanntem Wand WC mit Absenkautomatik und abnehmbar Farbe: weiß matt/weiß Bestellnummer: 0020192600  Hersteller: Duravit Typ: WC Sitz, Me by Starck",0020192600
Wannenträger DURAVIT  D-Code 1700 x 700," Wannenträger Duravit D-Code mit 2 gerade n Seiten aus FCKW-freiem, geschäumten Polystyrol schall- und wärmedämmend inkl. Wandabstandsleisten und Kunststoffbefestigungsstiften Länge: 1670 mm Breite: 670 mm Höhe: 570 mm Fabrikat: SCHEDEL MULTISTAR Modell: Duravit D-Code oder gleichwertig Hersteller/Typ: '..................................................' vom Bieter einzutragen liefern und fachgerecht montier",790472000000000
"Wand-WC Duravit Starck 3, mit Spülrand, ohne Wondergliss,"," Wand-WC Duravit Starck 3, mit Spülrand, ohne Wondergliss Wand-WC Duravit Starck 3, mit Spülrand, ohne Wondergliss , inkl. WC Sitz Artikelnummer 252809 WC Anlage Artikelnummer 002009 WC Sitz Tiefspül- Wand WC-Set, Farbe weiß  bestehd aus: -Tiefspül Wand-WC aus Sanitärkeramik - ohne Wonderglis Beschichtung - mit Spülrand - WC-Sitz mit Deckel -mit Absenkautomatik + abnehmbar  inkl. Befestigungsmaterial liefern und montieren",0020010000
 D-CODE Compact Wandbidet|weiß 03865WE, _,2237150000
Duschwanne Starck Slimline 1600x900x 60mm," Duravit Duschwanne Starck Slimline aus 4 mm Sanitäracryl, 1600x900x60mm Rechteck Bestellnummer: 720131000000001 Farbe: 00 Weiss Oberfläche: Antislip EAN: 4021534893025 Einschließlich: Montagesysteme nach Vorgabe des Herstellers, Duschwannen-Antidröhn-Set, Duschwannen-Schalldämmset, Wannen-Anschluss-Schalldämmband WAS 70, DICHTSET FLEX. Ablaufventil verchromt mit Siphon 1 1/4"" ",791369000000000
" Schulbecken, Sanitärporzellan"," Schulbecken, aus Sanitärporzellan, mit einem Loch für Armatur, mit rundem Innnenbecken, mit Seifen- und Schwammablage, Farbton weiß, zur Befestigung mit Konsolen, mit folgendem Zubehör: Ab- und Überlaufgarnitur DIN 3299, mit Prüfzeichen, mit Anschlußbogen, sichtbare Teile verchromt. Mit Geruchverschluß DIN 19 541, mit Prüfzeichen. Mit Siebplatte. Eckventil, DN 15, Geräuschverhalten DIN 4109 Gruppe I, als Absperr- und Anschlußventil, Mit Schubrosette.  Fabrikat:       Duravit Typ:    Scola  oder gleichwertig  Angebot. Fabrikat:.............  Typ:...............",0684600000
Duravit Quadroval Ab- und Überlaufgarnitur," Duravit Ab- und Überlaufgarnitur mit Zulauf Universal aus Kunststoff, Messing, Abgang waagerecht, Sperrwasserhöhe 50 mm, Abflussrohr drehbar, Inkl. Befestigungsmaterial, Inkl. Montageanleitung Bestellnummer: 791249000001000 liefern und einbauen",791249000001000
" Klosettsitz mit Deckel, weiß"," Klosettsitz mit Deckel, weiß Scharniere aus Edelstahl für vorgenanntes Tiefspülklosett.",0062410000
"Bidet, wandhängend"," Bidet, wandhängend Wand-Bidet aus Sanitärkeramik, weiß, 355x545x335mm, mit Überlauf, mit Hahnlochbank Fabrikat: Duravit D-Code 2257150000",2257150000
Waschtischanlage  600 x 460 mm," aus Sanitärporzellan, weiss, Größe 600 x 460 mm, mit Überlauf, mit Hahnloch, Hahnlochbank, mit Waschtisch-Schallschutzset und Waschtisch-Befestigungs- satz zur Befestigung an TB-Vorwandelement, einschl.allem Zubehör-, Befestigungs- und Kleinmaterial einschl. Abdichtung mit Sanitärsilikon Bestellung erst nach Bemusterung mit Bauherrn! Fabrikat/Typ der Planung: Duravit D-Code @11 Textergänzungen des Bieters angebotenes Fabrikat/Typ: '.........'   (vom Bieter auszufüllen)",2310600000
"WC-Sitz mit Deckel, Farbe weiß"," WC-Sitz Edelstahlscharnier, aus Duroplast, mit Deckel, Scharnier aus Edelstahl Farbe:                              weiß Fabrikat:                          ............................................................... Modell:                             ............................................................... Artikel-Nr.:                        ...............................................................",0063610000
 Badewanne 1700 x 750 mm," Einbauversion, mit einer Rückenschräge, Ablauf im Fußbereich aus 4 mm Sanitäracryl gezogen und durchgefärbt. Innentiefe 400mm. Wannenrandbreite 65mm, an Fußseite 100mm. Wannenrandhöhe 35mm. Abmessungen: Wannenboden 1200x430mm, innen am Wannenrand 1535x620mm. Außen (LxBxH) 1700x750x420mm Nutzinhalt 120 Liter Farbe weiß  Fabrikat / Typ:    DURAVIT / D-Code  Einschl. folgendm Zubehör für Badewanne: - Ab-und Überlaufgarnitur, - Fußgestell, - Schallschutzset",700100000000000
Handwaschbecken rechteckig ca. 450x340 mm," Waschtisch, aus Sanitärporzellan ' '",0705450000
 Wand-Tiefspül-WC," Tiefspülklosett  Fabrikat:   DURAVIT  Typ:    Starck 3  Duravit Starck 3 Wand-WC Disign by Philippe Starck,Tiefspüler aus Sanitärkeramik wandhängend für 6 und 4,5 Liter Spülwasser nach EN 997, EWL Klasse 1. Mit Prüfzeugnis der LGA Würzburg.Rechteckige Beckenform vorne übergehend in einen Halbkreis. Wandanschluss mit Aufkantung. Aus Hygienegründen mit geschlossenem Spülrand und keramischemSpülwasserverteiler. Bodenfreiheit 80mm bei einer Einbauhöhe 400 mm Abmessungen 360x540x320 mm Farbe Weis  Zubehör: WC-Sitz Scharniere Edelstahl, und Deckel mit Absenkautomatik Befestigung für Wand WC Schallschutz-Set für Wand WC",2527090000
Elektronik-Urinal," Elektronik-Urinal mit Spülrand für Netzanschluss aus Sanitärkeramik mit Zulauf von hinten, absaugend, optional mit Zielpunkt Fliege. Für Siphon Abgang waagerecht. inkl. Komplette Steuerung sowie Befestigung inklusive. Weiß. Ohne Fliege Netzanschluss inkl. Befestigungssystem Material : Sanitärporzellan Gewicht : 17,6 kg Befestigung: Inklusive Befestigungssatz mit Abdeckkappen (weiß) Abmessungen: Breite : 345 mm Tiefe : 315 mm Höhe : 635 mm Zulauf : von hinten Abgang : nach hinten inkl. Absaugesiphon  Hersteller: Duravit Typ: Urinal Utronic oder gleichwertiges Produkt gew. Hersteller:  gew. Typ:",0830370097
Ausgussbecken 480x425mm Starck 3, - Putzraum -  ohne Überlauf aus Sanitärkeramik. Rechteckige Beckenform mit 35mm breitem Rand und 100mm hochgezogener Rückwand als Spritzschutz. Optionale Montage eines Klapprost möglich. Abmessungen(BxTxH)480x425x300mm Innenbecken(BxT)410x350mm. Farbe: weiß  Fabrikat:Duravit Typ: Starck 3 Art.-Nr.: 0313480000  einschließlich Klapprost Art.-Nr.: 005001 liefern und betriebsfertig montieren.,0050011000
" Ausgussbecken, aus Sanitärkeramik wandhängend,"," Ausgussbecken, aus Sanitärkeramik wandhängend, mit Rückwand, mit Klapprost aus nichtrostendem Stahl, 480x425x300mm ohne Überlauf, ohne Hahnlochbank",0050011000
"Wand-Tiefspül-WC Compact, 350x480 mm",,2211090000
Badewanne Duravit D-Neo," Badewanne D-Neo - Einbauversion, - Rechteckform, - mit zwei R ü ckenschr ä gen, - aus Sanit ä racryl gezogen und durchgef ä rbt, - Innenform oval, - Innentiefe 465mm, - Wannenrandh ö he 30mm, - Ab- und Ü berlauf mittig, - Ablaufdurchmesser 52mm,  Abmessung Au ß en: Breite: 800 mm L ä nge: 1800 mm H ö he: 485 mm  Fabrikat: DURAVIT Typ: D-Neo Bestellnummer: 700476000000000  einschlie ß lich: - St ü tzenf üß e, passend f ü r oben beschriebene Badewanne, - Wannenrandanker, Wannenprofilen - Sanit ä rsilikon, Farbe nach Wahl des Bauherren.  Nach Montage ist die Wanne in Abstimmung mit der Bauleitung zu bef ü llen und dann bis zur Endabnahme so zu sch ü tzen, dass nachfolgende Gewerke ihre Arbeiten ausf ü hren k ö nnen.(Schutzfolien, Schutzvlies). Abstimmung mit Bauleitung und Nachfolgegewerken.  komplett liefern und montieren",790125000000000
"Waschtisch 60x49cm aus Sanitärporzell., wandhängend,"," Waschtisch 60x49cm aus Sanitärporzell., wandhängend, für Montage von Einloch-Mischbatterie zur Montage an Trockenbaugestell. Bauhöhe  Waschtisch 20cm. Mit Befestigungsmaterial und der stabilen Anbringung an der Wand.     Farbe: weiss  Fabrikat/Typ: Keramag/ Renova Nr.1 o. gleichwertig  Fabrikat/Typ: ....................................",2310600000
" Tiefspül-WC, wandhängend, ohne Spülrand"," DURAVIT D-Code Wand-WC Duravit Rimless#, Design by sieger design, Tiefspüler wandhängend. Wand-WC mit patentierter Duravit Rimless# Spültechnologie aus Sanitärkeramik für 4,5 Liter Spülwasser, EWL Klasse 1. Spülrandloses WC, außen glatte geschlossene Beckenform. Bodenfreiheit 60/45mm bei Einbauhöhe 400mm.  spülrandlos, wandhängend, Ausladung: 545mm Breite: 355 mm Farbe: weiß Material: Sanitärporzellan  Hersteller/Typ:  DURAVIT / D-Code oder gleichwertig gew. Hersteller/Typ: __________________",2570090000
"Tiefspül-WC ohne Spülrand, geschlossen, rechteckig - wandhängend"," Tiefspülklosett, gemäß DIN EN 997 und DIN EN 33 aus Sanitärporzellan mit verdeckter Befestigung, integrierter Spültechnologie und Oberflächenbeschichtung aus dauerhaft kratzfester Glasur. WC-Körper geschlossen in Rechteckform nach unten konisch verlaufend mit abgerundeten Ecken und feinen Radien, ohne glasierten Spülrand. Hersteller/Typ:  Duravit / Happy D.2 oder gleichwertiger Hersteller/Typ Ausführung:  wandhängend Breite in mm: 365 Höhe in mm: 345 Ausladung in mm: 620 Farbton:   weiß alpin Oberflächenbehandlung: ohne Spülwasserbedarf in ltr.:  ab 4,50 EWL-Klasse: 1 Abgang waagrecht. Einschließlich Befestigungssatz zur verdeckten Montage an Tragelement und einem Schall- schutzset. Wandanschluss mit dauerelastischem, pilzhem- menden Silikon.",2550090000
 Tiefspül-WC Sanitärporzellan glasiert hängend," Tiefspül-WC, aus Sanitärporzellan, glasiert, Farbton weiß, mit offenem, glasierten Spülrand, wandhängend, Spülmenge 4,5 l, Ausladung über 500 bis 600 mm, Abgang waagerecht, Befestigung mit Schrauben, verdeckt, mit Schallschutz DIN 4109, Hersteller/Typ ' Duravit / Starck 3' oder gleichwertig, Hersteller/Typ ' ....................................................' vom Bieter einzutragen.",2225090000
" Waschtisch mit ÜL, mit 1 HL 450x350 mm"," Duravit Handwaschbecken Vero aus Sanitärkeramik, 450x350x160mm mit Überlauf, mit Hahnlochbank Farbe: 00 Weiss, Ausführung: 1 Hahnloch  Fabrikat : Duravit Modell : Vero liefern und montieren ",0704450000
Waschtisch 600/470," Rechteckiger Waschtisch aus Sanitärporzellan mit Armaturenbank, mit Überlauf, mit Hahnloch, ungeschliffen Größe 600/470/165 mm Farbe weiss  einschl. Befestigungsmaterial  Leitfabrikat: Hersteller:  Duravit Typ:  Vero  oder gleichwertiger Art  angebotenes Fabrikat: @11 Textergänzungen des Bieters Hersteller: '..........' @12 Textergänzungen des Bieters Typ: '..........' ",0454600000
Ausgussbecken Keramik mit Ausgußklapprost," Ausgußbecken aus Sanitärkermaik, für Wandmontage Publica Ausgussbecken f. Klapprost, 45x36x33,5cm, ohne Überlauf, weiß Geberit Publica Ausgussbecken für Klapprost Verwendungszwecke - Für Industrie und Handel - Zum Ausschütten von Abwasser Technische Eigenschaften - Werkstoff: Sanitärkeramik - Farbe: weiß - Breite: 45 cm - Höhe: 35 cm - Tiefe: 33,5 cm - Überlauf: ohne - Nettogewicht: 19,000 kg zusätzlicher Lieferumfang - Ausgussbecken Zusätzlich zu bestellen - Klapprost aus Edelstahl, mit Puffern Fabrikat: Geberit Typ: Publica Artikel-Nr.: 367200000 Größe: Breite: 450 mm, Tiefe: 335 mm Stichmaß: 305 mm Befestigung: Steinschrauben Ablauf: außen senkrecht (ohne Siphon) Farbe: weiß (alpin) Mit Ausgußklapprost, aus Messing verchromt, mit Kunststoff- Beckenrandschoner Einbauort: Reinigung KG gewähltes Fabrikat: GEBERIT gewählter Typ: Quelle oder gleichwertig @60 Textergänzungen des Bieters Hersteller/Typ .................................................... vom Bieter einzutragen",0050011000
"Waschtisch, aus Sanitärporzellan, 50cm, Aufsatz-WT"," Waschtisch nach DIN 1386, DIN-EN 32 aus Sanitärporzellan, als Aufsatz-Waschtisch, rechteckige Form und ohne Hahnlochbank, ohne Überlauf Breite:                                500 mm, Ausladung:    380 mm, Gesamthöhe  ca.150 mm Farbton: weiß. zum Aufsetzen auf bauseitige Platte, liefern und montieren: Fabrikat:                            Duravit Modell:                                Vero 0455500000",0455500000
 WC - Sitz  Duravit Starck 3," WC-Sitz, aus hochwertigem Kunststoff mit Deckel über den Sitz greifend. Verdeckte Scharniere aus Edelstahl. WC-Sitz mit Absenkautomatik, abnehmbar. Farbe: weiß   Hersteller / Typ: Duravit / Starck 3 #0063890000",0063890000
"WC-Sitzring, barrierefrei, weiß aus hochwertigem Kunststoff ohne"," WC-Sitzring, barrierefrei, weiß aus hochwertigem Kunststoff ohne Deckel. Stabile Scharniere mit durchgehender Scharnierwelle aus Edelstahl mit Winkelpuffern gegen seitliches Verrutschen. Weiß. WC-Sitzring ohne Absenkautomatik angebotenes Fabrikat/Typ  @01 Textergänzungen des Bieters    vom Bieter einzutragen. komplett incl. allem systembedingtem Klein- und Montagematerial liefern und montieren.",0062610000
Ausgussbecken Sanitärkeramik," Ausgussbecken Sanitärkeramik Ausgussbecken ohne Überlauf, ohne Hahnlochbank, 480 mm aus Sanitärkeramik. Rechteckige Beckenform mit 35mm breitem Rand und 100mm hochgezogener Rückwand als Spritzschutz inkl. Montage eines Klapprost und Befestigung, Innenbecken(BxT) 410x350mm. Abmessungen(BxTxH) 480x425x300mm (Gesamthöhe). Farbe:    Weiß. Hersteller/Typ:  Duravit / Starck 3",0313480000
 Flachspülklosett Sanitärporzellan," Flachspülklosett Sanitärporzellan nach DIN EN 997 schockgeprüft, aus Sanitärporzellan, weiß, wandhängend, Spülwasserbedarf 6 l, Ausladung 700 mm, Abgang waagerecht, Befestigung mit Schrauben an Traggestell, verdeckt, mit verlängertem Rückteil, als behindertengerechtes Wand-WC.  Hersteller und Typ Duravit / Starck 3 Wand-WC  Vital oder gleichwertig, Hersteller und Typ ' ....................................................' vom Bieter einzutragen",2203090000
WC-Sitz mit Deckel für Wand-WC," Duravit D-Code WC-Sitz Design by sieger design, aus hochwertigem Kunststoff einschließlich Deckel, Ausführung ohne Absenkautomatik, Scharnieren aus Edelstahl. Weiß.  Fabrikat/Typ: Duravit/D-Code Best.-Nr.: 0067310000  liefern und montieren   oder gleichwertig",0067310000
"WC-Deckel, Kunststoff, weiß (für behindertgerechtes Tiefspül)"," WC-Deckel, Kunststoff, weiß (für behindertgerechtes Tiefspül) WC-Sitz Kunststoff Scharniere aus Edelstahl mit Absenkautomatik-Funktion Farbe: Weiß passend zum Tiefspül-WC aus Position 3.3.13 Angebotenes Fabrikat @60 Textergänzungen des Bieters '....................................................' Komplett liefern und montieren",0063890000
"Tiefspülklosett San.Porzellan Set, mit Absenkautom."," Wand-WC-Set bestehend aus Tiefspüler, wandhängend mit verdeckter Befestigung aus Sanitärkeramik für 4,5 Liter Spülwasser nach EWL Kl asse 1. Abmessungen(BxTxH)355x545x340mm. Weiß. Best.Nr. 253509..00 und WC-Sitz mit Absenkautomatik. Weiß. Best.Nr.006739 einschl. Schallschutz-Set, Fabrikat: Duravit Modell: D-Code",2535090000
Schulbecken Aufsatz/Wand Sanitärkeramik Fuge verfüllen elast.Dichtstof," Universalbecken aus Sanitärkeramik für Aufsatz und Wandmontage, 615x460x185mm mit Überlauf, mit Hahnlochbank Becken links Farbe: 00 Weiss Ausführung: 1 Hahnloch",0684600011
"WC-Becken, wandhängend, Kinder-WC",,0106090000
" Waschtisch, Sanitärporzellan, 600x480 mm"," Waschtisch, Anschlussmaße DIN EN 31 und DIN EN 32, aus Sanitärporzellan, für Einlocharmatur, mit Überlauf, runde Bauform, Breite 600 mm, Ausladung ca. 480 mm, Farbe: weiß, Befestigung am Installationselement, einschl. Befestigungsmaterial.  Angebotenes Fabrikat: Hersteller/Typ: [TB11 '........................................' ] (vom Bieter einzutragen)",2310600000
 Waschtischanlage 60cm ," Waschtischanlage 60cm  bestehend aus: Waschtisch mit Hahnloch und Überlauf, Auslauf- und Ablaufgarnitur, Eckventilen, Rosetten, einschl. Dichtungs- und Befestigungsmaterial, sowie Verfüllen zwischen den Einrichtungsgegenstand und Wand mit elastischem, nichtschimmelndem Material komplett liefern und montieren;  Waschtisch:        Kristallporzellan Fabrikat:             Duravit Modell:               DuraStyle Maße:                 600 x 440 mm Farbe:                 weiß    Ablaufgarnitur:   Tauchrohrgeruchsverschluss mit Schubrosette,  verchromt mit Überlaufanschluß Eckventile:         2 Stück mit Schubrosette  komplett liefern und montieren  gew. Fabrikat:    ....................  gew. Typ:        ....................   ",2319600000
 Urinal ," Urinal  aus Sanitärkeramik, Rimless optimale Spülwirkung mit 0,5 Liter, Zulauf von hinten, absaugend, ohne Fliege. Für Siphon Abgang waagrecht (verdeckt) # 50mm, Befestigung inklusive. Abmessungen(BxTxH) 300x350x580mm. Weiß  liefern und montieren",2809300000
" Handwaschbecken 550 x 430 mm, befestigt am Element, in abgerundeter Bauform "," Handwaschbecken 550 x 430 mm, befestigt am Element, in abgerundeter Bauform  wie zuvor beschrieben jedoch 550 x 430 mm",2310550000
" Duravit Ausgussbecken Starck 3 480 mm ohne ÜL, ohne HLB, weiss WonderGliss"," Ausgussbecken aus Sanitärkeramik, Breite:				480 mm Tiefe:				425 mm Höhe:				300 mm Farbe: 				00 Weiss Oberfläche:			WonderGliss ohne Überlauf, ohne Hahnlochbank  Fabr.: 		Duravit Typ: 		Starck 3 03134800001  komplett liefern und montieren",03134800001
DU Waschtisch D-Code 600 mm," DU Waschtisch D-Code 600 mm mit ÜL, mit HLB, 1 HL, weiß Duravit Waschtisch D-Code aus Sanitärkeramik, 600x460x175mm mit Überlauf, mit Hahnlochbank Bestellnummer: 2310600000 Farbe: 00 Weiß Ausführung: 1 Hahnloch",2310600000
Waschbecken wandhängend Sanitärporzellan B 500-550mm Ausladung 450-500," Waschbecken DIN EN 31 (wandhängend), aus Sanitärporzellan, Farbton weiß, glasiert, ohne Hahnloch, mit Überlauf, für Ablaufventil, Br eite über 500 bis 550 mm, Ausladung über 450 bis 500 mm, mit Schallschutz DIN 4109-1, @1 Textergänzungen des Auftraggebers Hersteller und Typ 'Duravit / Vero' oder gleichwertig, @2 Textergänzungen des Bieters Hersteller und Typ vom Bieter einzutragen .",2350500060
" Urinal absaugend aus Sanitärkeramik, DURAVIT Duraplus  Best.Nr. 083060000.","   Urinal absaugend aus Sanitärkeramik, mit verdecktem Zu- und Ablauf. Für Siphon Abgang waagerecht. Zulassung der LGA Würzburg. Außen glatte geschlossene Form. Abmessungen(BxTxH)3 45 x 315 x 615mm.  Farbe:  weiß. Fabrikat: DURAVIT Typ:  Duraplus  Best.Nr. 083060000. Montagehöhe: 650 mm über OKFFB  liefern und montieren ",0830360000
WC-Sitz Weiß, WC-Sitz aus Duroplast. Scharniere aus Edelstahl. Farbe: Wei ß  Anlagenteil passend zu vorab beschriebenen WC,0020710000
" Ablage Duraplus aus Sanitärkeramik 590x145x60mm, weiss"," Ablage Duraplus aus Sanitärkeramik 590x145x60mm, weiss",0893600000
" Tiefspül-WC, 4,5/6 l Duravit Stark 3"," Tiefspül-WC, 4,5/6 l Duravit Stark 3 DURAVIT Starck 3 Wand-WC Design by Philippe Starck, Tiefspüler aus Sanitärkeramik wandhängend für 6 und 4,5 Liter Spülwasser nach EN 997. Mit Prüfzeugnis der LGA Würzburg. Rechteckige Beckenform vorne übergehend in einen Halbkreis. Wandanschluss mit Aufkantung. Aus Hygienegründen mit geschlossenem Spülrand und keramischem Spülwasserverteiler. Bodenfreiheit 80mm bei einer Einbauhöhe 400mm. Abmessungen(BxTxH)360x540x320mm.     einschl. allen Klein-,Dichtund Befestigungsmaterials   Schallschutzset für Wand-WC zur Montage zwischen Wand-WC und Fliesenspiegel   Liefern und montieren.   gepl. Fabrikat.: Duravit   gepl. Typ: Stark 3   oder gleichwertig.     gew. Fabrikat: .....................   gew. Typ : .......................   Vom Bieter einzutragen.",2200090000
 DURAVIT D-Code Wand-WC (4. Alternative zu Position 1)," DURAVIT D-Code Wand-WC Design by Sieger Design, Tiefspüler aus Sanitärkeramik wandhängend für 4,5 Liter Spülwasser mit innen glasiertem Spülrand und mit keramischem Spülwasserverteiler. Außen glatte geschlossene Form. Bodenfreiheit 60/45mm bei Einbauhöhe 400mm. Abmessungen(BxTxH)355x545x355/340mm. Weiß.  Fabrikat: Duravit D-Code 2535090000  Fabr./Typ des Bieters:.?.?.?.?.?.?.?.?.?.?.?.?  Liefern und montieren",2535090000
WC-Sitz Weiß, WC-Sitz aus Duroplast. Scharniere aus Edelstahl. Farbe: Wei ß  Anlagenteil passend zu vorab beschriebenen WC,0020790000
 Duravit Waschtisch D-Code 600 mm," Duravit Waschtisch D-Code 600 mm Duravit Waschtisch D-Code aus Sanitärkeramik, 600x460x175mm mit Überlauf, mit Hahnlochbank Bestellnummer: 2310600000 Farbe: 00 Weiss Ausführung: 1 Hahnloch  Fabrikat : Duravit Modell : D-Code Art.-Nr.: 2310600000 liefern und montieren ",2310600000
" WC-Anlage barrierefrei, 70 cm Ausladung"," Komplette WC-Anlage Behinderte bestehend aus: 1  wandhängendem Tiefspülklosett 70 cm, aus     Kristall-Porzellan, incl. verchr. Abschlusskappen,     mit Schallschutz-Set, als Tiefspül-WC     Farbe:             weiß  1  Spezial-Klosettsitz ohne Deckel, Farbe weiß,     mit Edelstahlscharnieren  liefern, ins Gebäude tragen und betriebsfertig montieren",0062610000
 3-Waschtisch," 3-Waschtisch mit 1 Hl.,Hlb. u.Ül. 650 x 485 mm, weiss 3300002040650 Duravit Waschtisch Starck 3 aus Sanitärkeramik, 650x485x200mm mit Überlauf, mit Hahnlochbank Bestellnummer:  0300650000 Farbe:    00 Weiß Ausführung:   1 Hahnloch Befestigung mit Schrauben, am Installationselement, mit Schallschutzset und Abdichtung zur Wand mit dauerelastischem Silikon  Hersteller/Typ: Duravit / Starck",0300650000
Waschbecken Sanitärporzellan unterfahrbar B 600-650mm Ausladung 500-55," Waschbecken, aus Sanitärporzellan, Farbton weiß, glasiert, mit Loch für Einlocharmatur, mit Überlauf, für Ablaufventil, unterfahrbar  DIN 18040, Breite über 600 bis 650 mm, Ausladung über 500 bis 550 mm, Befestigung an Installationselement, mit Schallschutz DIN 410 9-1, einschl. Verfüllen der Fugen, mit elastischem Dichtstoff DIN EN 15651-3, Basis Silicon, Fugenbreite 5 mm.",2312600000
Toilettenbürstengarnitur Edelstahl," Toiltettenbürstengarnitur aus Edelstahl oder Chrom, für Wandbefestigung, feststehend, offen, mit Bürste, mit Tropfschale, diebstahlg eschützt, Befestigungsschrauben verdeckt.  liefern und montieren",0099271000
 WC-Sitz D-Code mit Deckel weiss Scharniere Edelstahl Duravit, WC-Sitz D-Code mit Deckel weiss Scharniere Edelstahl Duravit  Duravit WC-Sitz D-Code aus Kunststoff ohne Absenkautomatik Scharniere edelstahl Bestellnummer: .......................... Farbe: 00 Weiß  einschl. liefern und montieren  gewähltes Fabrikat:.................................... ..........,0067310000
" Wand-WC 700 mm Tiefspüler, barrierefrei, weiss"," Wand-WC  Tiefspüler aus Sanitärkeramik 360x700x345mm, barrierefrei für 6 Liter Spülwasser Tiefspüler 700 mm Ausladung wandhängend Lochabstand Befestigung WC = 18 cm (passend zu Standard Vorwandelementen) Sanitärkeramik für 6 Liter Spülwasser außen glatte geschlossene Form Befestigungsabstand WC-Sitz 21 cm barrierefrei gemäß DIN 18040-1 und DIN 18040-2 Bodenfreiheit 95/155mm bei Einbauhöhe von 450-500mm Abmessungen (BxTxH) 360x700x345/405 mm  Hersteller: DURAVIT Modell: D-Code Vital Wand-WC Tiefspüler 70 cm Ausladung oder gleichwertiges Produkt gew. Hersteller:  gew. Typ: ",2228090000
"Waschtisch Duravit Vero Air 600x470 m.HL, weiß", aus Sanitärkeramik mit Hahnloch und Überlauf  Fabrikat: Duravit Typ: Vero Air Art.-Nr.: 23506000271,23506000271
" Duravit/Vero Air Waschtisch mit Überlauf ohne Hahnloch 600mm, mit Wondergliss"," Duravit/Vero Air Waschtisch mit Überlauf ohne Hahnloch 600mm, mit Wondergliss Farbe: weiß  oder gleichwertig,   gewähltes Fabrikat:'  ....................................................'    gewählter Typ:'  ....................................................' ",23506000601
Badewannenanlage, Badewannenanlage lt. Baubeschreibung,700098000000000
 WT Behinderten-Waschbeckenanlage Starck 3," Behinderten-Waschbeckenanlage best. aus: 1  Waschbecken aus Kristall-Porzellan  Barrierefrei nach DIN 18024.2 und 18025.1+2  Kniefreiheit 670x300mm bei Montagehöhe 800mm. Rechteckige Beckenform mit 35mm breitem Rand und tiefer liegender Hahnlochbank für Einloch- optional Dreilocharmatur (bei Bestellung angeben).  Wandanschluss mit Aufkantung 35x40mm  als Spritzschutz. Innenbecken(BxT) 470x350mm.     mit Glasur, mit Hahnloch, mittig, mit Überlauf   Größe:   60 (600 x 545 mm)    Farbe:           weiß     wie Fabrikat:        Duravit     Typ:              vital Starck 3  oder gleichwertiger Art,  Gewähltes Fabrikat:  '....................' Gewählter Typ:   '....................'  1 Siebventil DN 32, verchromt  liefern und betriebsfertig montieren",0309600000
" Waschtisch (beh.) DIN 1386, DIN-EN 32,"," Waschtisch (beh.) DIN 1386, DIN-EN 32,Waschtisch 650 mm aus Sanitärporzellan, mit einem Hahnloch, mit Überlauf ,  unterfahrbar nach DIN 18024 Teil 2, DIN 18025 Teil 1 +2 für die Nutzung durch Rollstuhlfahrer geeignet  Leic ht umgreifbare Front- und Seitenbereiche, durch multifu nktionale Zargenhöhe, zum mühelosen Heranziehen und Fes thalten Mit sanft abgerundeten Ecken und Kanten für ang enehme Armauflagen und Abstützbereiche Mit reinigungsfr eundlicher Aufkantung an der Wand einschl. Befestigungs material und 2 Eckventilen einschl. passendem UP-Geruch sverschluss  Größe:Breite: 650 mm, Tiefe: 570 mm  Fabri kat: DURAVIT Modell: Dura Style - Vital  oder gleichwer tig [TB01Hersteller: '.............................' ] liefern und montieren",2329650000
"Duravit Wand-WC D-Code basic 545 mm Tiefspüler, weiss"," Duravit Wand-WC D-Code basic Tiefsp ü ler aus Sanit ä rkeramik 360x545x370mm, f ü r 6 Liter Sp ü lwasser Farbe: Weiss liefern und montieren @61 Textergänzungen des Bieters angebotenes Fabrikat/Typ: ................................",0184090000
" Waschtisch für Menschen mit Behinderung Duravit, Starck 3 Vital  600 x 545 mm  ","  Waschtisch für Menschen mit Behinderung aus Sanitärkeramik, mit Überlauf aus Sanitärkeramik. Barrierefrei gemäß DIN 18040-1 und DIN 18040-2. Rechteckige Beckenform mit 35mm breitem Rand und tiefer liegender Hahnlochbank für Einlocharmatur Wandanschluss mit Aufkantung 35x40mm als Spritzschutz.  Fabrikat:  Duravit Modell:  Starck 3 Vital  Abmessungen: 600 x 545 x 160mm Farbe:       weiß  liefern und montieren",0309600000
Waschtisch," Waschtischl mit Überlauf, mit Hahnlochbank, Unterseite glasiert, 600x450mm  einschl. geprüfter Schallschutz-Matte (silikonverträglich)  einschl. Form-, Verbindungs-, Dichtungs- und Befestigungsmaterial  Farbe: weiß  geplantes Fabrikat/Typ: Duravit/Starck 3",0300600000
 Wand-Tiefspülklosett 70 cm - barrierefrei," Wand-Tiefspülklosett aus Sanitärkeramik, behindertengerecht, wandhängend, für WE-Einbaukasten oder WE-Druckspüler, mit verlängertem Spülrohr, Ausladung: 70 cm Farbe: weiß  Fabrikat:  Duravit Typ:         D-Code                  oder gleichwertig  Angebotenes Fabrikat:   ",2228090000
WC-Sitz D-Code mit Deckel weiss, WC-Sitz mit Deckel weiss Scharniere Edelstahl WC-Sitz aus Kunststoff ohne Absenkautomatik zu vorstehenden WC mit Ausladung 700 mm,0060410000
 Geruchverschluss Außgussbecken," Geruchverschluss für Ausgussbecken, 2 x DN 50, aus Kunststoff, heißwasserbeständig, als Röhrengeruchverschluss.",0313480000
" PAIOVA Acrylwanne, 170x100 cm, links, o. Fuesse, Duravit Nr. 700212, weiss liefern und montieren"," PAIOVA Acrylwanne, 170x100 cm, links, o. Fuesse, Duravit Nr. 700212, weiss liefern und montieren ",700212000000000
"DURAVIT ME by Starck WC-Sitz, Design by Philippe Starck,"," DURAVIT ME by Starck WC-Sitz, Design by Philippe Starck, aus Kunststoff mit Deckel. Scharniere Edelstahl. Weiß. WC-Sitz mit Absenkautomatik, abnehmbar. Best.Nr. 0020190000",0020190000
Duravit Quadroval Ab- und Überlaufgarnitur," Duravit Ab- und Überlaufgarnitur mit Zulauf Universal aus Kunststoff, Messing, Abgang waagerecht, Sperrwasserhöhe 50 mm, Abflussrohr drehbar, Inkl. Befestigungsmaterial, Inkl. Montageanleitung Bestellnummer: 791249000001000 liefern und einbauen",791249000001000
 WC-Sitz derby plus semi abnehmbar WWC70, WC-Sitz derby plus semi abnehmbar WWC70 Scharnierwelle  weiss VIGOUR DEPSI70 ,0062410000
Wand-WC - 370 x 570 mm Tiefspüler," Wand-WC - 370 x 570 mm Tiefspüler DURAVIT ME by Starck Wand-WC Duravit Rimless®, Design by Philippe Starck,Tiefspüler wandhängend, mit verdeckter Befestigung, spülran dloses WWC mit patentierter Duravit Rimless® Spültechnologie aus Sanitärkeramik für 4,5 Liter Spülwasser, EWL Klasse 1. WC mit recht eckige nach unten konische Beckenform mit schmalen Keramikkante. Option: HygieneGlaze (antibakterielle Keramikglasur auf Zinn-Zink Basis), unter Zugrundelegung der Normen JIS 2801 und BS ISO 22196 mit einen Wirkungsgra d von 99,9%. Bodenfreiheit 45/105mm bei Einbauhöhe 400mm. Abmessungen(BxTxH)370x570x355/295mm. Weiß. Best.Nr. 2529090000. Mit HygieneGlaze Best.Nr.2529092000.  Fabrikat: DURAVIT Typ: Rimless  liefern und montieren",2529090000
"ME BY STARCK WC-Sitz abnehmbar#softclose,"," ME BY STARCK WC-Sitz abnehmbar#softclose, Scharniere Edelstahl, weiß Lieferantenartikelnummer: 0020090000 01382091WE",0020090000
"Wand-WC Duravit Starck 3, mit Spülrand, ohne Wondergliss,"," Wand-WC Duravit Starck 3, mit Spülrand, ohne Wondergliss , inkl. WC Sitz Artikelnummer 252809 WC Anlage Artikelnummer 002009 WC Sitz Tiefspül- Wand WC-Set, Farbe weiß  bestehd aus: -Tiefspül Wand-WC aus Sanitärkeramik - ohne Wonderglis Beschichtung - mit Spülrand - WC-Sitz mit Deckel -mit Absenkautomatik + abnehmbar  inkl. Befestigungsmaterial liefern und montieren",0020010000
"WC-Sitz, Starck3, weiß"," Duravit WC-Sitz Starck 3 aus Kunststoff 431x370x43mm, mit Absenkautomatik, Material Scharnier Edelstahl Bestellnummer: 0063890000, Farbe: Weiß 1Glänzend",0063890000
 Urinal ," Urinal  aus Sanitärkeramik, Rimless optimale Spülwirkung mit 0,5 Liter, Zulauf von hinten, absaugend, ohne Fliege. Für Siphon Abgang waagrecht (verdeckt) # 50mm, Befestigung inklusive. Abmessungen(BxTxH) 300x350x580mm. Weiß  liefern und montieren",0051130000
WC-Sitz mit Deckel für Wand-WC," WC-Sitz mit Deckel, weiss, passend zum vorgenannten WC, mit Edelstahl-Scharnieren.  @11 Textergänzungen des Bieters Fabrikat/Typ: '....................................... .' vom Bieter einzutragen",0064190096
"Absaugurinal aus Sanitärporzellan, wandhängend, weiss"," Absaugurinal aus Sanitärporzellan, wandhängend, weiss Zu- und Ablauf von hinten, mit Einlaufverbinder u. Ab- saugformstück/ Geruchsv erschluß. Einschl. Schallschutz- set u. Befestigungszubehör mit Schraubenabdeckung  Fabrikat/Typ: Duravit/ Ben 84737*   o. gleichwertig  Fabrikat/Typ: .....................................",6958000000
 Waschbecken 100x47 cm, Waschbecken 100x47 cm,2350100000
 Waschtischanlage bestehend aus:," Waschtischanlage bestehend aus:  1 Waschtisch Duravit Vero 500 x 470 mm 1 Einhand-Waschtischbatterie Grohe Concetto 1/2""   Ausladung 101 mm, mit Temperaturbegrenzer   mit Zugknopf-Ab- und Überlaufgarnitur 2 Eckventil 1/2"" 1 Röhrengeruchverschluß verchromt 1 1/4""  liefern und montieren",0454500000
Duravit D-Code WC-Bürstengarnitur," Duravit D-Code WC-Bürstengarnitur für Wandmontage, Glas matt Farbe:verchromt",0099271000
WC-Sitz Weiß, WC-Sitz aus Duroplast. Scharniere aus Edelstahl. Farbe: Wei ß  Anlagenteil passend zu vorab beschriebenen WC,0021390000
 WC-Sitz,"  WC-Sitz aus Kunststoff mit Deckel und Schnellbefestigung, Scharnier aus Edelstahl, ohne Absenkautomatik, passend zum vorsteehnd beschriebnenen Wand-Tiefspül-WC  Farbe:   weiss  Fabrikat:  Duravit Typ:  D-Code Nr. 006 73 10 000 oder gleichwertig Diese Angaben sind im separaten Bieterangabenverzeichnis einzutragen, welches dem Leistungsverzeichnis beiliegt. gew. Fabr.: '....................' gew. Typ: '....................'  liefern und montieren",0067310000
Duravit Waschtisch D-Code 60x46cm weiß," Duravit Waschtisch D-Code 60x46cm weiß aus Sanitärkeramik 600x460x175mm mit Überlauf, mit Hahnlochbank Farbe: 00 Weiß Alpin  oder gleichwertig angeb. Fabrikat: @1 Textergänzungen des Bieters '..............................' ",2310600000
 Thermostat-Wannenbatterie, Thermostat-Wannenbatterie Shower System mit Einhebelmischer Fabrikat:   Duravit  C.1 Seriennr.:   C14280007010 liefern und montieren,C14280007010
 Tiefspülklosett San.Porzellan," Tiefspülklosett DIN 1385, aus Sanitärporzellan, runde Bauform, wandhängend, ohne Spülrand, Farbe: weiß, Abgang waagerecht, Abmessungen (B/T/H): ca. 35,5/54/34 cm, Befestigung am Installationselement, Befestigungselemente sichtbar, in seitlichen Aussparungen, mit Kappen, einschl. Befestigungsmaterial.  Angebotenes Fabrikat: Hersteller/Typ: [TB11 '........................................' ] (vom Bieter einzutragen)",2570090000
"  WC-Sitz, normal, ","  WC-Sitz, normal,  Edelstahl-Scharnier, weiss Deckel aus Duroplast   Incl. alle Klein-, Neben- und Befestigungs- und Dichtungsmaterialien, die zur fachgerechten Montage notwendig sind ",0060310000
Wand-Tiefspülklosett," Wand-Tiefspülklosett, Fabrikat:      Duravit Typ:      D-Code Farbe:    weiß",2535090000
" Ausgussbecken, aus Sanitärkeramik wandhängend,"," Ausgussbecken, aus Sanitärkeramik wandhängend, mit Rückwand, mit Klapprost aus nichtrostendem Stahl, 480x425x300mm ohne Überlauf, ohne Hahnlochbank",0050011000
 WC-Sitz D-CODE Vital weiss mit Softclose, WC-Sitz D-CODE Vital weiss mit Softclose aus Kunststoff mit Absenkautomatik SoftClose. Verlängerte Ausführung. Scharniere edelstahl Hersteller: Duravit Typ: D-CODE 0060390000 Liefern und montieren,0060390000
Einhebel-Brausemischer Unterputz," Einhebel-Brausemischer Unterputz wie vor beschrieben, jedoch Fabrikat der Planung: Villeroy u. Boch Typ der Planung: Circle",GK0900000000
" Tiefspül-Wand-WC 6l, weiß"," Tiefspülklosett wandhängend,  Tiefspül-WC 6 l wandhängend Sanitärkeramik  mit innen glasiertem Spülrand und mit keramischem Spülwasserverteiler. Außen glatte geschlossene Form. Bodenfreiheit 60/45mm. Abmessungen(BxTxH)355x545x355/340mm Farbe weiß, aus Sanitärporzellan, CE-gekennzeichnet für Wandeinbauspülkasten oder Wandeinbaudruckspüler  Befestigung: Gewindestangen M 12 x 150 Zulauf: von hinten, Abgang: waagerecht Befestigung:  Gewindestangen M 12 x 150, an Vorwandelement  bei Einbauhöhe 400mm ",2552090000
Ausgussbecken aus Keramik," Ausgussbecken aus Keramik Ausgussbecken Design, ohne Überlauf aus Sanitärkeramik. Rechteckige Beckenform mit 35mm breitem Rand und 100mm hochgezogener Rückwand als Spritzschutz. Innenbecken(BxT)410x350mm. Abmessungen(BxTxH)480x425x300mm (Gesamthöhe)",0313480000
" Waschtisch mit ÜL, mit 2 HL 1200x470 mm"," Duravit Waschtisch Vero aus Sanitärkeramik, 1200x470x175mm mit Hahnlochbank Farbe: 00 Weiss Ausführung: mit Überlauf, 2 Hahnloch  Fabrikat : Duravit Modell : Vero liefern und montieren ",0454120024
Urinal-Becken," Urinal-Becken aus Sanitärkeramik Maße: 300 x 585 x 350 mm Spülwasserbedarf: 0,5l I incl. Befestigungssatz für verdeckte Befestigung Komplette Steuerung,Spülung, Zu- und Ablauf ohne Deckel Farbe Weiß wonderglass bemustertes Fabrikat: Duravit Rimless Angebotenes Fabrikat ................................... Komplett liefern und montieren",0051130000
" Lieferung WC-Sitz mit Deckel, weiß"," Lieferung WC-Sitz mit Deckel, weiß  Für barrierefreie WCs aus Kunststoff, ohne Absenkautomatik mit Winkelpuffern und durchgehender Scharnierwelle, Scharniere Edelstahl, Farbe: weiss  Diese Position beinhaltet nur die reine Lieferung des WC-Sitzes mit Deckel  Fabrikat: Duravit Typ: Starck 3 Vital Artikelnummer: 0062410000",0062410000
 Duravit WC-Sitz D-Code mit Deckel weiß," Duravit WC-Sitz D-Code mit Deckel weiß Scharniere Edelstahl, ohne Absenkautomatik Farbe: 00 Weiß Alpin  Bestellnummer: 0067310000  oder gleichwertig angeb. Fabrikat :'..............................'",0067310000
WC-Sitz mit Deckel Erwachsen,,0020710000
"Wand-WC-weiß, mit Zubehör, 480 mm"," Wand-WC Tiefspüler 4,5/6 l,  Ausführung: aus Sanitärkeramik  für WE-Spülkasten, mit Spülrand  Ausladung: 480 mm Farbton/Oberfläche: weiß/ glasiert Befestigung: an Vorwandinstallationselement Zubehör: Befestigungsteile, Schallschutz-Streifen @60 Textergänzungen des Bieters Fabrikat: ......................................... @61 Textergänzungen des Bieters Typ: ................................................ liefern und einbauen",2211090000
Badewannenträger aus Styropur für Acrylwanne,  ,791443000000000
 WC-Sitz mit Deckel," WC-Sitz Design aus hochwertigem Kunststoff einschließlich Deckel, Ausführung ohne Absenkautomatik, mit Kunststoffscharnieren. Weiß.  zur Montage auf vorgenanntes Wand-WC.  liefern und fachgerecht montieren.",0066300000
DURAVIT ME by Starck Möbelwaschtisch 830 x 490 mm," DURAVIT ME by Starck Möbelwaschtisch 830 x 490 mm DURAVIT ME by Starck 830mm Möbelwaschtisch Design by Philippe Starck, mit Überlauf aus Sanitärkeramik mit Hahnlochbank für Einlocharmatur, optional Dreilocharmatur unterbaufähig mit Waschtischunterbauten optional mit Halbsäule und Standsäule. Rechteckiges tiefes Innenbecken (BxT) 570 x 290mm.  Abmessungen (BxTxH): 830 x 490 x 180 mm. Farbe: weiß  Fabrikat: DURAVIT Modell: ME by Starck Bestellnummer: 23368300000  oder gleichwertiger Art  Hersteller/Typ: @11 Textergänzungen des Bieters '.........'  vom Bieter einzutragen",2336830000
Behinderten-WC," Tiefspül-WC, CE, EN 997 6 A/C, EN 38, aus Sanitärporzellan, mit 70 cm Ausladung entsprechend den DIN 18040 Breite: 355 mm, Tiefe: 70 cm Befestigung: Steinschrauben Abgang: waagerecht. Außen glatte geschlossene Form. - Montagehöhe 460 mm sein, - Sitzhöhe von 480 mm inkl. verlängertes Spülrohr für Wandeinbauspülkasten oder Wandeinbaudruckspüle FarbeWeiß (Alpin) Volumen 6 l Gewicht ca.19,1 kg Einschließlich zum WC-Körper passenden Klosettsitz aus Kunststoff, ohne Deckel, mit verdeckten  Edelstahlscharnieren und durchgehend er Scharnierwelle, mit Winkelpuffern gegen seitliches Verrutschen des Sitzes bei Belastung.",0060410000
Handwaschbecken 400mm," Handwaschbecken Technische Eigenschaften - Hahnloch: mittig - Überlauf: sichtbar - Farbe: weiß - Werkstoff: Sanitärkeramik - Breite: 40 cm - Höhe: 16,5 cm - Tiefe: 30 cm - Breite Innenbecken: 33 cm - Höhe Innenbecken: 10 cm - Tiefe Innenbecken: 17,5 cm  Einschl. Schallschutzstreifen",0705360009
 Duravit Wand-WC ME by Starck Compact Tiefspüler aus Sanitärkeramik 370 x480x350mm (4. Alternative zu Position 1)," Duravit Wand-WC ME by Starck Compact Tiefspüler aus Sanitärkeramik 370x480x350mm, rimless, Durafix für 4,5 Liter Spülwasser. UWL Klasse 1.weiss. Hersteller: Duravit Typ: 2530090000 Liefern und montieren",2530090000
"Badewanne, 1,70  x 0,75 m, Acryl"," Einbauwanne aus Sanitäracryl, Ablauf mittig, mit einer Rückenschräge (rechts oder links), mit Wannenaufkantung 750x75mm, Länge             1700mm Tiefe              750mm F arbe weiß komplett mit Wannen- Ab- und Überlaufgarnitur, Ablauf, verchromt liefern und montieren Fabrikat: Duravit DuraStyle",700296000000000
 Waschtisch 500x470," Waschtisch 500x470 rechteckig mit Hahnlochbank, mit Überlauf, Farbe: weiß",0454500000
 Waschtisch 600," Waschtisch  Waschtisch mit Überlauf aus Sanitärkeramik. Großes rechteckiges Becken mit runden Ecken und Hahnlochbank mit Hahnloch für Einlocharmatur. Abmessungen(BxTxH)600x460x175mm. Farbe: Weiß Liefern und betriebsfertig montieren, incl. des notwendigen Befestigungsmaterials und der Herstellung der notwendigen Bohrungen.  geplantes Fabrikat:    DURAVIT  geplanter Typ:    D-Code Best.Nr. 231060 oder gleichwertiger Art  Gewähltes Fabrikat:  '' (vom Bieter einzutragen)  Gewählter Typ:  '' (vom Bieter einzutragen) liefern und betriebsfertig montieren.",2310600000
"Waschtisch barrierefrei 600x545x160mm, mit Hahnlochbank, ohne"," Waschtisch barrierefrei 600x545x160mm, mit Hahnlochbank, ohne Überlauf, weiß aus Sanitärkeramik. Barrierefrei nach gemäß DIN 18040-1 und DIN 18040-2. Rechteckige Beckenform mit 35mm breitem Rand und tiefer liegender Hahnlochbank. Aus hygienischen Gründen ohne Hahnloch (vorgestochen für Einlocharmatur) und ohne Überlaufloch im Ventilsitz. Wandanschluss mit Aufkantung 35x40mm als Spritzschutz. Innenbecken(BxT)530x350mm. Abmessungen(BxTxH)600x545x160mm. einschließlich Befestigung: Steinschrauben M10 x 120 und herstellen einer Silikonverfugung angebotenes Fabrikat/Typ  @01 Textergänzungen des Bieters    vom Bieter einzutragen. komplett incl. allem systembedingtem Klein- und Montagematerial liefern und montieren.",0312600000
 Wandurinal Einschließlich Siphon Zulauf von Oben," Wandurinal Einschließlich Siphon Zulauf von Oben  Zulauf von Oben, Ablauf nach hinten, weiß  BxHxT: 305x565x290mm  Incl. alle Klein-, Neben- und Befestigungs- und Dichtungsmaterialien, die zur fachgerechten Montage notwendig sind  Fabrikat : Duravit Typ : D-Code oder glw.  gewähltes Fabriat: ...................................... gewählter Typ: ......................................  komplett liefern und fachgerecht betriebsfertig montieren  ",0828300000
"Tiefspül-Wand-WC 6l, spülrandlos, niedrige Sitzhöhe"," Tiefspül-WC, 4,5/6 l, ohne Spülrand, CE, EN 997 6 AC/5 A, EN 38 aus Sanitärporzellan CE-gekennzeichnet wandhängend, für Wandeinbauspülkasten Maße: ca. 65 mm Bodenfreiheit Breite: ca. 330 mm, Ausladung: ca. 535 mm, Höhe: ca. 335 mm Standardbefestigungshöhe: Oberkante ca. 350 mm Abstand der WC-Sitzbefestigungslöcher ca. 155 mm Befestigung: Gewindestangen M 12 x 150 Zulauf: von hinten Abgang: waagerecht - einschl. Befestigungsmaterial Einbauort: WC-J und WC-M Fabrikat der Planung: Geberit Typ: Bambini @60 Textergänzungen des Bieters gewählter Hersteller/Typ: ........................................................................ vom Bieter einzutragen",2574090000
 Tiefspülklosett San.Porzellan Beh-WC," Tiefspülklosett DIN 1385 aus Sanitärporzellan, wandhängend, Farbton/Oberfläche weiß, Spülwasserbedarf in Liter 6, Spülwasserzulauf von hinten, einschl. Anschlussgarnitur Abgang waagerecht, Baulänge 700 mm Befestigung an Installationselement, dauerelastischer Wandanschluss, mit Schallschutzmatte und 2 Schallschutzhülsen Hersteller/Typ: '........................................'",2228090000
Urinal Starck 3," mit Zulauf von hinten mit Anschluss 1/2"" ohne Spülrand einschließlich Spüldüse, Zulauf-Set, Schaftventil mit keramischer Ventilabdeckhaube Ø 72mm sowie Tassensiphon und Befestigung. Abmessungen(BxTxH)245x300x700mm. Weiß. Ohne Fliege (optional mit Fliege Best.Nr. 0827250007)  Fabrikat: Duravit Typ: Starck 3 Art.-Nr.: 0827250000  liefern und montieren.",0827250000
 Waschtisch 600 x 440 mm  DuraStyle," Waschtisch aus Sanitärporzellan, 600 x 440 mm, mit Hahnloch in der Mitte, weiss, einschließlich Befestigungsmaterial. Mit Überlauf  Fabrikat:              Duravit Serie:         DuraStyle  oder gleichwertig  Angebotenes Fabrikat / Typ  '..................................' vom Bieter einzutragen  liefern und montieren",2319600000
Zulage Wannenträger," Badewannenträger aus FCKW-freiem, geschäumten Polystyrol schall- und wärmedämmend passend zu vorstehend beschriebener Badewanne  Länge: ca. 1800 mm Tiefe: ca. 800 mm Höhe: ca. 570 mm  liefern und montieren",790475000000000
 Klapprost, Klapprost für vorbeschriebenes Ausgußbecken  Fabrikat der Planung:  Hersteller: Duravit Typ: Starck 3  oder gleichwertiger Art  angebotenes Fabrikat:  Hersteller: '..........'  Typ: '..........'  ,0050011000
 Wand-Tiefspülklosett ," Wand-Tiefspülklosett weiss 6 liter  Incl. alle Klein-, Neben- und Befestigungs- und Dichtungsmaterialien, die zur fachgerechten Montage notwendig sind Fabrikat : Duravit Typ : D-Code oder glw.  gewähltes Fabriat: ..................................... gewählter Typ: ......................................  komplett liefern und fachgerecht betriebsfertig montieren ",2535090000
Flachspül-WC Sanitärporzellan glasiert hochglatt abgerundet," Flachspül-WC DIN EN 997, aus Sanitärporzellan, glasiert, hochglatt, Farbton weiß, abgerundet, spülrandfrei, wandhängend, Spülmenge 4 ,5 l, Ausladung über 500 bis 600 mm, Abgang waagerecht, mit WC-Sitz, Deckel mit Absenkautomatik, Befestigung an Installationselement , mit Schallschutz DIN 4109, einschl. Verfüllen der Fugen, mit elastischem Dichtstoff DIN EN 15651-3, Basis Silicon, Fugenbreite 7 m m, Farbton weiß, Fugenausbildung dreieckig, oder gleichwertig, vom Bieter einzutragen.",2529090000
 Urinalbecken," DURAVIT Starck 3 Urinal Design by Philippe Starck, absaugend aus Sanitärkeramik mit verdecktem Zu- und Ablauf. Für Siphon Abgang waagerecht optional senkrecht. Zulassung der LGA Würzburg. Außen glatte geschlossene Form. Einschließlich Befestigung. Abmessungen(BxTxH)330/350x350x575mm. Ohne Fliege  Weiß  Fabrikat: Duravit Typ: Phillippe Starck 3  Material und Lohn",0821350000
" D-CODE Handwaschbecken|450 x 340 mm, 1 HL, mit ÜL, weiß 03859WE", _,0705450000
 Waschtisch," Waschtisch Waschtisch Duravit Waschtisch D-Code Vital aus Sanitä rkeramik,600x550x155mm mit Überlauf, mit Hahnlochbank Bestellnummer: 2312600000 Farbe: 00 Weiss Ausführung: 1 Hahnloch Fabrikat der Planung:    DuravitTyp: D-Code VitalArtikel-Nr.:      2312600000 oder g leichwertiger Art,angebotenes Fabrikat: [TB61Hersteller/Typ '...' vom Bieter einzutragen.] Komplett liefern und montieren einschl.notwendiger und zusätzlicher Materialien.",2312600000
 WT Behinderten-Waschbeckenanlage Starck 3," Behinderten-Waschbeckenanlage best. aus: Waschbecken aus Kristall-Porzellan Barrierefrei nach DIN 18024.2 und 18025.1+2 Kniefreiheit 670x300mm bei Montagehöhe 800mm. Rechteckige Beckenform mit 35mm breitem Rand und tiefer liegender Hahnlochbank für Einloch- optional Dreilocharmatur (bei Bestellung angeben). Wandanschluss mit Aufkantung 35x40mm als Spritzschutz. Innenbecken(BxT) 470x350mm. mit Glasur, mit Hahnloch, mittig, mit Überlauf Größe:    60 (600 x 545 mm) Farbe:            weiß wie Fabrikat:        Duravit Typ:              vital Starck 3 oder gleichwertiger Art,  liefern und betriebsfertig montieren",0309600000
 Waschbecken Sanitärkeramik B 450mm Ausladung 340mm," Leistung wie Position 1.4.3.1., jedoch: Waschbecken, Breite 450 mm, Ausladung 340 mm.  .Erste-Hilfe-Raum -Lernküche",0705450000
" Urinal, infrarotgesteuerte Spülauslösung"," Urinal, infrarotgesteuerte SpülauslösungUrinal aus Sani tärkeramik, Zulauf von hinten, rimless, absaugend Farbe : 00 Weiss Ausführung: ohne Fliege inkl. Absaugsiphon, Zulaufgarnitur und Frontplatte Zinkdruckguss Weiß für b erührungslose infrarotgesteuerte Spülauslösung  Fabrika t/Typ: Duravit / My by Starck oder gleichwertig  Fabrik at/Typ des Angebots:  [TB01Fabrikat '' ][TB02Typ '' ] l iefern und montieren",0051130000
" WT 600 mm, Duravit Vero"," Waschtischanlage 600 mm, weiß Fabrikat Duravit Typ Vero ohne Überlauf aus Sanitärkeramik mit Hahnlochbank. Rechteckiger Waschtisch mit Hahnloch. Abmessungen(BxTxH) 600x470x165mm. Weiß. sonst wie vor",2350600041
Einbau-Waschtisch 600x470mm," Einbau-Waschtisch 600x470mm, Beckenaußenform rechteckig, Breite 600 mm, Ausladung 470 mm, Beckeninnenform rechteckig, Breite 555 mm, Tiefe 320 mm, aus Sanitärporzellan, weiß, glasiert, ohne Hahnloch, ohne Überlauf, zum Einsetzen in Unterbauschrank von oben, einschl. Verfüllen der Fugen, mit elastischem Dichtstoff DIN EN 15651-3, Basis Silicon, K lasse XS 2, Volumenschwund kleiner gleich 20 %, Fugenbreite 5 mm.",0358600079
 D-CODE Waschtisch," D-CODE Waschtisch mit 1 Hl., Hlb. u.Ül. 550 x 430 mm, weiß Duravit Waschtisch D-Code aus Sanitärkeramik, 550x430x175mm mit Überlauf, mit Hahnlochbank Bestellnummer: 2310550000 Farbe: 00 Weiß Ausführung: 1 Hahnloch",2310550000
 Waschtisch barrierefrei," DURAVIT Starck 3 Waschtisch Vital Design by Philippe Starck, mit Überlauf aus Sanitärkeramik. Barrierefrei gemäß DIN 18040-1 und DIN 18040-2. Rechteckige Beckenform mit 35mm breitem Rand und tiefer liegender Hahnlochbank für Einloch- optional Dreilocharmatur (bei Bestellung angeben). Wandanschluss mit Aufkantung 35x40mm als Spritzschutz. Abmessungen(BxTxH)600x545x160mm. Weiß. Für Einlocharmatur Best.Nr. 0309600000. Für Dreilocharmatur Best.Nr. 0309700030. Mit Seifenspenderloch rechts Best.Nr. 0309700038. Mit Seifenspenderloch links Best.Nr. 0309700039  oder gleichwertig Hersteller/Typ: '....................................................' vom Bieter einzutragen.",0309700000
 Siphon, Design Siphon# Farbe: 10 Chrom# EAN: 4021534170133 Hersteller: Duravit Bestellnummer:#0050361000,0050361000
 Waschtisch ca. 60 x 46 cm," Duravit Waschtisch D-Code aus Sanitärkeramik, ca. 600x460x175mm mit Überlauf, mit Hahnlochbank Farbe: weiß  einschl. Bemusterung vor Bestellung einschl. Lieferung von Zahnband o. Dämmunterlage einschl. Befestigungsmaterial für Trockenbauwand einschl. Abdichtung mit Sanitärsilikon  Fabrikat der Planung: Duravit/D-Code oder gleichwertig  angebotenes Fabrikat/Typ:  '..........' (vom Bieter auszufüllen)  liefern und montieren",2310600000
" Tiefspül-WC 6l, barrierefrei"," Tiefspül-WC 6l, barrierefrei  Eigenschaften - Tiefspül-WC - Wandhängend - Mit Spülrand - 10 Jahre Nachkaufgarantie  Technische Eigenschaften - Farbe: weiß - Werkstoff: Sanitärkeramik - B / Breite (cm): 36 cm - H / Höhe (cm): 36,5 cm - Ausladung: 70 cm - mit Beschichtung  inkl. WC-Schallschutz-Set und Silkonfuge  liefern und nach Herstellerangaben montieren.  Fabrikat:  Duravit oder gleichwertig  Typ:   D-Code   Angebotenes Fabrikat: '....................'",0065000000
"Waschtisch 600 x 450 mm, eckig, ohne Hahnloch"," Waschtisch nach DIN 1386 / DIN EN 32 in eckiger Ausführung und geraden Seitenkanten, mit gewölbter Mulde, ohne Hahnloch, ohne Überlauf, Maße: 600mm x ca. 450 mm, aus Sanitärporzellan, Farbton Alpinweiß, Befestigung am vorgenannten WT-Installationselement. Einschließlich Befestigungsmaterial für Vorwandmontage und Schallschutzset.",2311600070
" Duravit WC-Sitz Vero mit SoftClose Scharniere edelstahl, weiss"," Duravit WC-Sitz Vero aus Kunststoff mit Absenkautomatik SoftClose, abnehmbar Scharniere edelstahl Bestellnummer: 0067690000 Farbe: 00 Weiss EAN: 4021534403972  liefern und montieren",0067690000
 Tiefspülklosett San.Porzellan," Tiefspülklosett DIN 1385, aus Sanitärporzellan, wandhängend, Farbton/Oberfläche weiß, glasiert, Spülwasserbedarf in Liter 6, rollstuhlgerecht, Sonderhöhe, Höhe in mm : 480, Ausladung in mm        : 700, Breite in mm           : 355, Abgang waagerecht, Befestigung mit Gewindestange M12 x 150.",2228090000
Duschwanne Starck Slimline 1600x900x 60mm," Duravit Duschwanne Starck Slimline aus 4 mm Sanitäracryl, 1600x900x60mm Rechteck Bestellnummer: 720131000000001 Farbe: 00 Weiss Oberfläche: Antislip EAN: 4021534893025 Einschließlich: Montagesysteme nach Vorgabe des Herstellers, Duschwannen-Antidröhn-Set, Duschwannen-Schalldämmset, Wannen-Anschluss-Schalldämmband WAS 70, DICHTSET FLEX. Ablaufventil verchromt mit Siphon 1 1/4"" ",790103000000000
WC-Sitzring, (gewähltes Fabrikat und Typ sind einzutragen),0062510000
 Tiefspül-WC Sanitärporzellan glasiert abgerundet hängend Ausladung 500-600mm WC-Sitz," Tiefspül-WC, aus Sanitärporzellan, glasiert, Farbton weiß, abgerundet, spülrandfrei, wandhängend, Spülmenge 6 l, Ausladung über 500 bis 600 mm, Abgang waagerecht, Befestigung mit Schrauben, verdeckt, mit Schallschutz DIN 4109, mit passendem WC-Sitz und Deckel, Scharniere Edelstahl.  Hersteller/Typ 'Duravit / Architec Rimless' oder gleichwertig,  Hersteller/Typ '....................' vom Bieter einzutragen.",45720900A1
Duschwanne Starck Slimline 1600x700x 60mm," Duravit Duschwanne Starck Slimline aus 4 mm Sanitäracryl, 1600x700x60mm Rechteck Bestellnummer: 720129000000001 Farbe: 00 Weiss Oberfläche: Antislip EAN: 4021534893025 Einschließlich: Montagesysteme nach Vorgabe des Herstellers, Duschwannen-Antidröhn-Set, Duschwannen-Schalldämmset, Wannen-Anschluss-Schalldämmband WAS 70, DICHTSET FLEX. Ablaufventil verchromt mit Siphon 1 1/4"" ",790126000000000
Wand-WC Duravit Me by Starck," Duravit Me by Starck, rimless, spülrandlos inkl. Sitz soft Close 45290900A1",45290900A1
Waschtisch unterfahrbar," Waschtisch unterfahrbar barrierefrei gemäß DIN 18040-1 und DIN 18040-2, rechteckige Beckenform mit abgerundeten Ecken, mit Hahnlochbank für Einlochlocharmatur und Überlauf. seitlich integrierte Griffe. Abmessungen(BxTxH) 800x550x180mm, Weiß, einschliesslich Befestigungsmaterial, gewähltes Fabrikat/Typ: @60 Textergänzungen des Bieters Fabrikat: '..................................................'  @61 Textergänzungen des Bieters Typ: '..................................................' liefern und montieren",03528500002
WC-Sitz Deckel Kunststoff," WC-Sitz mit Deckel, aus Kunststoff, Farbton weiß, mit Befestigungselementen, aus nichtrostendem Stahl, Werkstoff-Nr 1.4301, gebürste t,  @11 Textergänzungen des Auftraggebers Hersteller und Typ ' Duravit / ME by Starck Art.-Nr. 002009' .",0020090000
 DURAVIT Duschwanne Starck Slimline 900x900x 45mm Quadrat weiß (1. Alte rnative zu Position 1)," Duravit Duschwanne Starck Slimline aus 4 mm Sanitäracryl, 900x900x45mm Quadrat Farbe: 00 Weiß Hersteller: Duravit Typ: 720115000000000 Liefern und montieren",720115000000000
 WC-Keramik barrierefrei," DURAVIT Starck 3 Vital Wand-WC Design by Philippe Starck, Tiefspüler mit 70 cm Ausladung wandhängend aus Sanitärkeramik für 6 Liter Spülwasser, EWL Klasse 2. Rechteckige Beckenform vorne übergehend in einen Halbkreis. Aus Hygienegründen mit geschlossenem Spülrand und keramischem Spülwasserverteiler. Bodenfreiheit 140/117mm bei Einbauhöhe 480mm einschl. WC-Sitz (ohne Deckel)gemäß DIN 18040-1 und DIN 18040-2. Abmessungen(BxTxH) 360x700x320/355mm. Weiß. Best.Nr. 2203090000. Mit HygieneGlaze Best.Nr. 220309200  oder gleichwertig Hersteller/Typ: '....................................................' vom Bieter einzutragen.",2203090000
Duschwanne 120 x 120," Duschwanne bodenstehend und bodengleich aus Sanitäracryl, einschl. höhenverstellbaren Füßen/Montagerahmen und waagrechter Ablaufgarnitur, UV beständig, mit AntiSlip-Beschichtung Duschwannen-Schalldämmset, Wannen-Anschluss-Schalldämmband Einsatzbereich im Wohnungsbad Breite:     1200mm Tiefe:      1200mm Höhe:      bis 50mm Basisfarbe:   weiß Oberfläche:   kratz- und schlagfest Fabrikat: Duravit Typ: Tempano liefern und montieren",790173000000000
" Duravit Wand-Tiefspül-WC D-Code 54,5x35.5cm weiß"," Duravit Wand-Tiefspül-WC D-Code 54,5x35.5cm weiß Tiefspüler aus Sanitärkeramik 355x545x340mm  Farbe: 00 Weiß Alpin  Bestellnummer: 2209090000  oder gleichwertig angeb. Fabrikat :'..............................'",2535090000
Brausewanne," Brausewanne - Für private Badezimmer und Hotels - Zum Einbau mit Wannenträger Eigenschaften - Quadratisch - Innenhöhe 6 cm - Randhöhe 3 cm - Abgang in der Ecke - Farbe: weiß - Oberfläche: glänzend - Werkstoff: Sanitäracryl - Länge: 90 cm - Breite: 90 cm - Höhe: 7,6 cm Einschl. Schallschutzstreifen und Wannendichtband",790126000000000
Waschtisch Duravit D-Neo 600 x 435 mm," Einbauwaschtisch 600 mm - Wei ß Hochglanz, - mit Hahnlochbank, - Anzahl Hahnl ö cher pro Waschplatz: 1 - mit Ü berlauf, - f ü r 1-Loch-Armaturen geeignet, - aus hochwertiger, langlebiger Sanit ä rkeramik: besonders widerstandsf ä higes, kratzresistentes Material mit hohem H ä rtegrad, - reinigungsfreundlicher und hygienischer Oberfl ä che, - f ü r Einbau von oben, - f ü r die Montage mit M ö beln geeignet Farbe: wei ß  einschl. Sanit ä rsilikon  Abmessungen: L ä nge:          600 mm Tiefe:            435 mm H ö he:             170 mm  Fabrikat: Duravit Typ: D-Neo Artikel-Nr.: 0357600027  Nach Montage ist das Objekt bis zur Endabnahme so zu sch ü tzen, dass nachfolgende Gewerke ihre Arbeiten ausf ü hren k ö nnen.(Schutzfolien, Schutzvlies). Abstimmung mit Bauleitung und Nachfolgegewerken.  komplett liefern und montieren",0357600027
 Tiefspülklosett 6 Liter Fabrikat: Duravit Typ: D-Code, ,2570090000
" Vero Waschrinne geschliffen, 1200 mm, zwei Hahnlöcher"," Vero Waschrinne  aus Sanitärkeramik, 1200 mm, aus Sanitärkeramik mit Hahnlochbank mit zwei Hahnlöchern im Abstand von 565mm,  Bestigung inklusive, Unterseite geschliffen für Konsolenmontage, Abmessungen(BxTxH) 1200x470x175mm , Farbe weiss, mit Überlauf und zwei Hahnlöchern  Montagehinweis: Zur Befestigung von Waschtischen ab der Größe 1000 mm werden zwei Befestigungen mit der Artikelnr. #6951000000 benötigt, In Verbindung mit 2 Einhebelmischern empfohlen, In Verbindung mit Kniehebelventil sowie Push-open Ventil bitte Durchflussleistung von max. 7,5 l/min/Armatur nicht überschreiten, Achtung unterschiedliche Montagehöhen, die Montagehöhen müssen der Planung entnommen und mit dem Bauherren vor Ort abgestimmt werden.  Fabrikat der Planung:    Duravit Typ der Planung: Vero Waschtisch, 1200 mm Artikel:    0454120026 oder gleichwertiger Art, Gewähltes Fabrikat: ...................... Gewählter Typ:  ......................  liefern und betriebsfertig montieren",0454120026
 Waschtisch Sanitärporzellan," Waschtisch nach DIN 18025 T2, DIN-EN 32 und DIN 1386, unterfahrbar, aus Sanitärporzellan, für Einlocharmatur, mit Kunststoff-Wandeinbau-Siphon, einschl. Mauerrahmen und Abdeckplatte aus Edelstahl,', mit Standrohrventil, Breite in mm 640. Ausladung in mm 490. Farbton/Oberfläche weiß, glasiert, Befestigung mit Stockschrauben M10 x 120.",2330650000
 WT Behinderten-Waschbeckenanlage Starck 3," Behinderten-Waschbeckenanlage best. aus: 1  Waschbecken aus Kristall-Porzellan  Barrierefrei nach DIN 18024.2 und 18025.1+2  Kniefreiheit 670x300mm bei Montagehöhe 800mm. Rechteckige Beckenform mit 35mm breitem Rand und tiefer liegender Hahnlochbank für Einloch- optional Dreilocharmatur (bei Bestellung angeben).  Wandanschluss mit Aufkantung 35x40mm  als Spritzschutz. Innenbecken(BxT) 470x350mm.     mit Glasur, mit Hahnloch, mittig, mit Überlauf   Größe:   60 (600 x 545 mm)    Farbe:           weiß     wie Fabrikat:        Duravit     Typ:              vital Starck 3  oder gleichwertiger Art,  Hersteller:             ................  Typ:  ................  1 Siebventil DN 32, verchromt  liefern und betriebsfertig montieren",0309600000
 DURAVIT DuraStyle WC-Sitz," DURAVIT DuraStyle WC-Sitz Design by Matteo Thun, aus Kunststoff mit Deckel. Scharniere Edelstahl. Weiß. WC-Sitz ohne Absenkautomatik Best.Nr. 0063710000  liefern und montieren  gepl. Fabrikat: Duravit gepl. Typ:  DuraStyle  oder gleichwertig  gew. Fabrikat: ............. gew. Typ : ............. ",0063710000
